762.1845,More than Upper Bound 219.6825
-288.765,Less Than Lower Bound -126.1455
919.971,More than Upper Bound 219.6825
-96.54,-96.54
311.52,More than Upper Bound 219.6825
763.275,More than Upper Bound 219.6825
564.84,More than Upper Bound 219.6825
996.48,More than Upper Bound 219.6825
1906.485,More than Upper Bound 219.6825
-1862.3124,Less Than Lower Bound -126.1455
83.281,83.281
647.55,More than Upper Bound 219.6825
1151.4,More than Upper Bound 219.6825
622.02,More than Upper Bound 219.6825
1036.08,More than Upper Bound 219.6825
186.948,186.948
517.4793,More than Upper Bound 219.6825
3979.08,More than Upper Bound 219.6825
28.404,28.404
818.28,More than Upper Bound 219.6825
276.84,More than Upper Bound 219.6825
341.994,More than Upper Bound 219.6825
358.02,More than Upper Bound 219.6825
1898.4,More than Upper Bound 219.6825
445.52,More than Upper Bound 219.6825
526.496,More than Upper Bound 219.6825
720.36,More than Upper Bound 219.6825
1364.238,More than Upper Bound 219.6825
363.9048,More than Upper Bound 219.6825
582.36,More than Upper Bound 219.6825
-148.46,Less Than Lower Bound -126.1455
763.155,More than Upper Bound 219.6825
-350.49,Less Than Lower Bound -126.1455
561.48,More than Upper Bound 219.6825
135.4068,135.4068
1068.66,More than Upper Bound 219.6825
1371.9804,More than Upper Bound 219.6825
-3839.9904,Less Than Lower Bound -126.1455
1697.67,More than Upper Bound 219.6825
511.095,More than Upper Bound 219.6825
-77.2038,-77.2038
632.52,More than Upper Bound 219.6825
2097.03,More than Upper Bound 219.6825
404.73,More than Upper Bound 219.6825
377.244,More than Upper Bound 219.6825
4630.4755,More than Upper Bound 219.6825
720.75,More than Upper Bound 219.6825
110.34,110.34
500.01,More than Upper Bound 219.6825
868.12,More than Upper Bound 219.6825
1143.891,More than Upper Bound 219.6825
527.04,More than Upper Bound 219.6825
839.986,More than Upper Bound 219.6825
153.75,153.75
593.88,More than Upper Bound 219.6825
732.72,More than Upper Bound 219.6825
1480.4671,More than Upper Bound 219.6825
226.86,More than Upper Bound 219.6825
1164.267,More than Upper Bound 219.6825
327.5922,More than Upper Bound 219.6825
581.91,More than Upper Bound 219.6825
2229.024,More than Upper Bound 219.6825
313.11,More than Upper Bound 219.6825
225.18,More than Upper Bound 219.6825
656.37,More than Upper Bound 219.6825
694.5015,More than Upper Bound 219.6825
1050.15,More than Upper Bound 219.6825
652.92,More than Upper Bound 219.6825
119.28,119.28
130.08,130.08
1055.25,More than Upper Bound 219.6825
121.94,121.94
1523.52,More than Upper Bound 219.6825
-452.8104,Less Than Lower Bound -126.1455
38.07,38.07
858.9,More than Upper Bound 219.6825
3177.475,More than Upper Bound 219.6825
728.7,More than Upper Bound 219.6825
1183.95,More than Upper Bound 219.6825
91.95,91.95
63.546,63.546
2597.28,More than Upper Bound 219.6825
2504.2216,More than Upper Bound 219.6825
-630.882,Less Than Lower Bound -126.1455
965.85,More than Upper Bound 219.6825
-269.7912,Less Than Lower Bound -126.1455
113.28,113.28
1124.901,More than Upper Bound 219.6825
1192.86,More than Upper Bound 219.6825
0,0
498.33,More than Upper Bound 219.6825
320.3172,More than Upper Bound 219.6825
513.36,More than Upper Bound 219.6825
1159.02,More than Upper Bound 219.6825
197.19,197.19
738.96,More than Upper Bound 219.6825
927.78,More than Upper Bound 219.6825
96.39,96.39
-0.054,-0.054
34.944,34.944
1465.2,More than Upper Bound 219.6825
861.372,More than Upper Bound 219.6825
790.416,More than Upper Bound 219.6825
178.92,178.92
308.4,More than Upper Bound 219.6825
1517.712,More than Upper Bound 219.6825
366.6348,More than Upper Bound 219.6825
914.76,More than Upper Bound 219.6825
747.816,More than Upper Bound 219.6825
-2211.165,Less Than Lower Bound -126.1455
2365.9818,More than Upper Bound 219.6825
-1783.08,Less Than Lower Bound -126.1455
261.24,More than Upper Bound 219.6825
587.19,More than Upper Bound 219.6825
367.08,More than Upper Bound 219.6825
334.4985,More than Upper Bound 219.6825
589.2,More than Upper Bound 219.6825
327.9458,More than Upper Bound 219.6825
1868.13,More than Upper Bound 219.6825
116.4,116.4
258.93,More than Upper Bound 219.6825
2239.9872,More than Upper Bound 219.6825
4946.37,More than Upper Bound 219.6825
-37.83,-37.83
-265.761,Less Than Lower Bound -126.1455
312.66,More than Upper Bound 219.6825
493.7856,More than Upper Bound 219.6825
1119.9968,More than Upper Bound 219.6825
260.6112,More than Upper Bound 219.6825
508.00876,More than Upper Bound 219.6825
572.55,More than Upper Bound 219.6825
1025.46,More than Upper Bound 219.6825
140.8248,140.8248
946.6338,More than Upper Bound 219.6825
100.196,100.196
156.402,156.402
785.82,More than Upper Bound 219.6825
-286.92,Less Than Lower Bound -126.1455
673.8816,More than Upper Bound 219.6825
503.64,More than Upper Bound 219.6825
988.12,More than Upper Bound 219.6825
534.24,More than Upper Bound 219.6825
268.38,More than Upper Bound 219.6825
256.784,More than Upper Bound 219.6825
210.8568,210.8568
747.612,More than Upper Bound 219.6825
174.15,174.15
321.84,More than Upper Bound 219.6825
-214.725,Less Than Lower Bound -126.1455
523.08,More than Upper Bound 219.6825
-1784.895,Less Than Lower Bound -126.1455
296.658,More than Upper Bound 219.6825
36,36
679.996,More than Upper Bound 219.6825
160.605,160.605
848.4,More than Upper Bound 219.6825
-317.1528,Less Than Lower Bound -126.1455
38.948,38.948
2400.9657,More than Upper Bound 219.6825
887.6,More than Upper Bound 219.6825
1080.18,More than Upper Bound 219.6825
1444.59,More than Upper Bound 219.6825
1146.24,More than Upper Bound 219.6825
311.85,More than Upper Bound 219.6825
674.163,More than Upper Bound 219.6825
244.6155,More than Upper Bound 219.6825
125.1216,125.1216
-128.7198,Less Than Lower Bound -126.1455
1758.888,More than Upper Bound 219.6825
-0.024,-0.024
-36.39,-36.39
-6599.978,Less Than Lower Bound -126.1455
-0.024,-0.024
647.892,More than Upper Bound 219.6825
-740.295,Less Than Lower Bound -126.1455
127.134,127.134
488.6,More than Upper Bound 219.6825
744.48,More than Upper Bound 219.6825
139.32,139.32
-944.9946,Less Than Lower Bound -126.1455
629.28,More than Upper Bound 219.6825
664.719,More than Upper Bound 219.6825
-754.4145,Less Than Lower Bound -126.1455
1439.976,More than Upper Bound 219.6825
1440.24,More than Upper Bound 219.6825
745.875,More than Upper Bound 219.6825
204.282,204.282
1267.77,More than Upper Bound 219.6825
-140.715,Less Than Lower Bound -126.1455
1424.85,More than Upper Bound 219.6825
1069.2,More than Upper Bound 219.6825
591.045,More than Upper Bound 219.6825
2071.44,More than Upper Bound 219.6825
1644.2913,More than Upper Bound 219.6825
539.4432,More than Upper Bound 219.6825
257.5944,More than Upper Bound 219.6825
134.304,134.304
792.2691,More than Upper Bound 219.6825
1644.03,More than Upper Bound 219.6825
-11.934,-11.934
0,0
162.12,162.12
129.294,129.294
-84.3705,-84.3705
779.52,More than Upper Bound 219.6825
1470.21,More than Upper Bound 219.6825
1668.205,More than Upper Bound 219.6825
481.869,More than Upper Bound 219.6825
-332.28,Less Than Lower Bound -126.1455
352.3065,More than Upper Bound 219.6825
0,0
760.305,More than Upper Bound 219.6825
-219.1644,Less Than Lower Bound -126.1455
570.9,More than Upper Bound 219.6825
802.17,More than Upper Bound 219.6825
2939.31,More than Upper Bound 219.6825
119.97,119.97
328.23,More than Upper Bound 219.6825
484.224,More than Upper Bound 219.6825
664.44,More than Upper Bound 219.6825
594.72,More than Upper Bound 219.6825
191.9968,191.9968
977.22,More than Upper Bound 219.6825
833.76,More than Upper Bound 219.6825
361.44,More than Upper Bound 219.6825
830.55,More than Upper Bound 219.6825
378.876,More than Upper Bound 219.6825
325.701,More than Upper Bound 219.6825
593.91,More than Upper Bound 219.6825
498.807,More than Upper Bound 219.6825
734.928,More than Upper Bound 219.6825
1049.985,More than Upper Bound 219.6825
-1049.3406,Less Than Lower Bound -126.1455
606.36,More than Upper Bound 219.6825
140.16,140.16
856.44,More than Upper Bound 219.6825
1453.1238,More than Upper Bound 219.6825
1989.54,More than Upper Bound 219.6825
412.5394,More than Upper Bound 219.6825
209.58,209.58
327.5922,More than Upper Bound 219.6825
946.68,More than Upper Bound 219.6825
709.9365,More than Upper Bound 219.6825
1420.02,More than Upper Bound 219.6825
357.1575,More than Upper Bound 219.6825
-2750.28,Less Than Lower Bound -126.1455
444.483,More than Upper Bound 219.6825
401.814,More than Upper Bound 219.6825
38.196,38.196
1072.44,More than Upper Bound 219.6825
394.65,More than Upper Bound 219.6825
700.98,More than Upper Bound 219.6825
814.2,More than Upper Bound 219.6825
886.68,More than Upper Bound 219.6825
-221.571,Less Than Lower Bound -126.1455
111.28,111.28
126.4,126.4
-509.997,Less Than Lower Bound -126.1455
742.632,More than Upper Bound 219.6825
1276.4871,More than Upper Bound 219.6825
54.3,54.3
106,106
140.22,140.22
-225.162,Less Than Lower Bound -126.1455
383.706,More than Upper Bound 219.6825
1112.13,More than Upper Bound 219.6825
318.8598,More than Upper Bound 219.6825
322.92,More than Upper Bound 219.6825
390.6,More than Upper Bound 219.6825
18.8592,18.8592
44.436,44.436
1245.84,More than Upper Bound 219.6825
890.46,More than Upper Bound 219.6825
455.76,More than Upper Bound 219.6825
413.28,More than Upper Bound 219.6825
-11.16,-11.16
117.657,117.657
428.121,More than Upper Bound 219.6825
441.2884,More than Upper Bound 219.6825
-1268.04,Less Than Lower Bound -126.1455
621.792,More than Upper Bound 219.6825
735.0336,More than Upper Bound 219.6825
341.76,More than Upper Bound 219.6825
89.46,89.46
625.28,More than Upper Bound 219.6825
357,More than Upper Bound 219.6825
429.5772,More than Upper Bound 219.6825
381.297,More than Upper Bound 219.6825
374.9925,More than Upper Bound 219.6825
-1331.652,Less Than Lower Bound -126.1455
5039.9856,More than Upper Bound 219.6825
1563.48,More than Upper Bound 219.6825
556.9,More than Upper Bound 219.6825
-348.516,Less Than Lower Bound -126.1455
496.98,More than Upper Bound 219.6825
446.04,More than Upper Bound 219.6825
215.25,215.25
344.9718,More than Upper Bound 219.6825
-139.557,Less Than Lower Bound -126.1455
285.12,More than Upper Bound 219.6825
487.98,More than Upper Bound 219.6825
89.46,89.46
976.8,More than Upper Bound 219.6825
349.86,More than Upper Bound 219.6825
-870.3,Less Than Lower Bound -126.1455
-337.806,Less Than Lower Bound -126.1455
498.96,More than Upper Bound 219.6825
-27.828,-27.828
714,More than Upper Bound 219.6825
607.608,More than Upper Bound 219.6825
845.7,More than Upper Bound 219.6825
10.8189,10.8189
-2.1208,-2.1208
2817.99,More than Upper Bound 219.6825
-244.251,Less Than Lower Bound -126.1455
178.56,178.56
-35.091,-35.091
719.85,More than Upper Bound 219.6825
123.75,123.75
558.72,More than Upper Bound 219.6825
261.9,More than Upper Bound 219.6825
110.28,110.28
1416.8,More than Upper Bound 219.6825
711.84,More than Upper Bound 219.6825
-483.3,Less Than Lower Bound -126.1455
-63.6462,-63.6462
2302.9671,More than Upper Bound 219.6825
12.69,12.69
49.5,49.5
8399.976,More than Upper Bound 219.6825
460.62,More than Upper Bound 219.6825
-290.8752,Less Than Lower Bound -126.1455
847.041,More than Upper Bound 219.6825
511.52,More than Upper Bound 219.6825
2316.51,More than Upper Bound 219.6825
-50.976,-50.976
-76.5675,-76.5675
527.984,More than Upper Bound 219.6825
130.62,130.62
-619.596,Less Than Lower Bound -126.1455
69.36,69.36
200.9546,200.9546
566.02,More than Upper Bound 219.6825
764.3818,More than Upper Bound 219.6825
-1359.992,Less Than Lower Bound -126.1455
612.99,More than Upper Bound 219.6825
-258.495,Less Than Lower Bound -126.1455
393.24,More than Upper Bound 219.6825
1228.1787,More than Upper Bound 219.6825
-13.923,-13.923
-218.298,Less Than Lower Bound -126.1455
114.453,114.453
302.373,More than Upper Bound 219.6825
-0.216,-0.216
1172.88,More than Upper Bound 219.6825
366.282,More than Upper Bound 219.6825
273.78,More than Upper Bound 219.6825
160.3136,160.3136
449.991,More than Upper Bound 219.6825
250.992,More than Upper Bound 219.6825
1007.9832,More than Upper Bound 219.6825
355.44,More than Upper Bound 219.6825
-3009.435,Less Than Lower Bound -126.1455
726.825,More than Upper Bound 219.6825
287.919,More than Upper Bound 219.6825
161.76,161.76
182.688,182.688
737.925,More than Upper Bound 219.6825
-130.3863,Less Than Lower Bound -126.1455
195.285,195.285
348.81,More than Upper Bound 219.6825
90.81,90.81
13.20144,13.20144
232,More than Upper Bound 219.6825
175.5,175.5
0,0
368.256,More than Upper Bound 219.6825
65.7,65.7
114.252,114.252
441.36,More than Upper Bound 219.6825
280.44,More than Upper Bound 219.6825
-129.726,Less Than Lower Bound -126.1455
-417.813,Less Than Lower Bound -126.1455
1042.32,More than Upper Bound 219.6825
207.06,207.06
905.7,More than Upper Bound 219.6825
741.6,More than Upper Bound 219.6825
234.36,More than Upper Bound 219.6825
384.81,More than Upper Bound 219.6825
-95.7,-95.7
-337.806,Less Than Lower Bound -126.1455
160.77,160.77
674.73,More than Upper Bound 219.6825
-1303.056,Less Than Lower Bound -126.1455
46.88,46.88
756,More than Upper Bound 219.6825
265.44,More than Upper Bound 219.6825
426.58,More than Upper Bound 219.6825
191.316,191.316
-0.072,-0.072
261.8,More than Upper Bound 219.6825
541.3698,More than Upper Bound 219.6825
327.06,More than Upper Bound 219.6825
296.94,More than Upper Bound 219.6825
732.72,More than Upper Bound 219.6825
323.955,More than Upper Bound 219.6825
205.56,205.56
471.94,More than Upper Bound 219.6825
460.62,More than Upper Bound 219.6825
1035.58,More than Upper Bound 219.6825
297.5,More than Upper Bound 219.6825
292.8,More than Upper Bound 219.6825
265.92,More than Upper Bound 219.6825
423.0085,More than Upper Bound 219.6825
682.92,More than Upper Bound 219.6825
844.116,More than Upper Bound 219.6825
242.64,More than Upper Bound 219.6825
250.38,More than Upper Bound 219.6825
112.392,112.392
207.475,207.475
1722.48,More than Upper Bound 219.6825
323.82,More than Upper Bound 219.6825
381.96,More than Upper Bound 219.6825
1093.92,More than Upper Bound 219.6825
-189.456,Less Than Lower Bound -126.1455
91.95,91.95
1563.48,More than Upper Bound 219.6825
585.552,More than Upper Bound 219.6825
743.988,More than Upper Bound 219.6825
224.88,More than Upper Bound 219.6825
176.96,176.96
202.185,202.185
1035.58,More than Upper Bound 219.6825
420.588,More than Upper Bound 219.6825
601.9699,More than Upper Bound 219.6825
198.636,198.636
447.75,More than Upper Bound 219.6825
500.976,More than Upper Bound 219.6825
17.532,17.532
1459.2,More than Upper Bound 219.6825
1233,More than Upper Bound 219.6825
568.44,More than Upper Bound 219.6825
211.2552,211.2552
80.4,80.4
909.9818,More than Upper Bound 219.6825
534.48,More than Upper Bound 219.6825
909.54,More than Upper Bound 219.6825
459,More than Upper Bound 219.6825
324.3825,More than Upper Bound 219.6825
361.41,More than Upper Bound 219.6825
275.94,More than Upper Bound 219.6825
-0.024,-0.024
471.6,More than Upper Bound 219.6825
158.64,158.64
393.39,More than Upper Bound 219.6825
741.5,More than Upper Bound 219.6825
304.7,More than Upper Bound 219.6825
-191.163,Less Than Lower Bound -126.1455
417.96,More than Upper Bound 219.6825
849.87,More than Upper Bound 219.6825
0,0
1602.99,More than Upper Bound 219.6825
842.52,More than Upper Bound 219.6825
861.48,More than Upper Bound 219.6825
95.04,95.04
511.095,More than Upper Bound 219.6825
952.2,More than Upper Bound 219.6825
258.9,More than Upper Bound 219.6825
339.8778,More than Upper Bound 219.6825
-128.7468,Less Than Lower Bound -126.1455
86.6364,86.6364
712.44,More than Upper Bound 219.6825
228.36,More than Upper Bound 219.6825
978.84,More than Upper Bound 219.6825
84.96,84.96
116.952,116.952
1554.432,More than Upper Bound 219.6825
300.9,More than Upper Bound 219.6825
854.28,More than Upper Bound 219.6825
561.6,More than Upper Bound 219.6825
319.35,More than Upper Bound 219.6825
-913.176,Less Than Lower Bound -126.1455
90,90
44.04,44.04
970.2,More than Upper Bound 219.6825
390.8,More than Upper Bound 219.6825
276.534,More than Upper Bound 219.6825
195.44,195.44
353.133,More than Upper Bound 219.6825
1112.4,More than Upper Bound 219.6825
239.9058,More than Upper Bound 219.6825
-458.19,Less Than Lower Bound -126.1455
236.67,More than Upper Bound 219.6825
606.42,More than Upper Bound 219.6825
439.2,More than Upper Bound 219.6825
-993.195,Less Than Lower Bound -126.1455
767.2005,More than Upper Bound 219.6825
375.7774,More than Upper Bound 219.6825
290.598,More than Upper Bound 219.6825
68.31,68.31
293.16,More than Upper Bound 219.6825
481.47,More than Upper Bound 219.6825
225.36,More than Upper Bound 219.6825
-111.6,-111.6
541.8,More than Upper Bound 219.6825
956.58,More than Upper Bound 219.6825
260.1,More than Upper Bound 219.6825
509.568,More than Upper Bound 219.6825
14.4315,14.4315
300.076,More than Upper Bound 219.6825
33.3124,33.3124
852.48,More than Upper Bound 219.6825
-3059.82,Less Than Lower Bound -126.1455
482.22,More than Upper Bound 219.6825
260.4,More than Upper Bound 219.6825
519.21,More than Upper Bound 219.6825
348.24,More than Upper Bound 219.6825
252.896,More than Upper Bound 219.6825
1159.9855,More than Upper Bound 219.6825
-18.18,-18.18
874.9875,More than Upper Bound 219.6825
653.4,More than Upper Bound 219.6825
319.8,More than Upper Bound 219.6825
122.85,122.85
244.2,More than Upper Bound 219.6825
232.68,More than Upper Bound 219.6825
-1023.03,Less Than Lower Bound -126.1455
583.38,More than Upper Bound 219.6825
460.08,More than Upper Bound 219.6825
246.84,More than Upper Bound 219.6825
839.04,More than Upper Bound 219.6825
-98.205,-98.205
333.048,More than Upper Bound 219.6825
89.04,89.04
-953.442,Less Than Lower Bound -126.1455
352.08,More than Upper Bound 219.6825
553.98,More than Upper Bound 219.6825
119.55,119.55
215.9973,215.9973
341.49,More than Upper Bound 219.6825
184.995,184.995
6.6,6.6
340.2,More than Upper Bound 219.6825
316.701,More than Upper Bound 219.6825
324.18,More than Upper Bound 219.6825
1246.8,More than Upper Bound 219.6825
573.12,More than Upper Bound 219.6825
-127.413,Less Than Lower Bound -126.1455
-292.1,Less Than Lower Bound -126.1455
0,0
40.95,40.95
992.16,More than Upper Bound 219.6825
-734.5264,Less Than Lower Bound -126.1455
341.73,More than Upper Bound 219.6825
1995.99,More than Upper Bound 219.6825
110.28,110.28
239.996,More than Upper Bound 219.6825
518.76,More than Upper Bound 219.6825
449.985,More than Upper Bound 219.6825
105.24,105.24
356.0414,More than Upper Bound 219.6825
747.72,More than Upper Bound 219.6825
260.82,More than Upper Bound 219.6825
751.7601,More than Upper Bound 219.6825
593.64,More than Upper Bound 219.6825
653.1,More than Upper Bound 219.6825
-776.325,Less Than Lower Bound -126.1455
1040.55,More than Upper Bound 219.6825
52.4979,52.4979
332.7,More than Upper Bound 219.6825
188.64,188.64
175.5156,175.5156
421.56,More than Upper Bound 219.6825
-295.9785,Less Than Lower Bound -126.1455
843.1706,More than Upper Bound 219.6825
226.92,More than Upper Bound 219.6825
1383.9,More than Upper Bound 219.6825
231.264,More than Upper Bound 219.6825
922.05,More than Upper Bound 219.6825
35.36,35.36
581.64,More than Upper Bound 219.6825
939.26,More than Upper Bound 219.6825
606.2,More than Upper Bound 219.6825
150.294,150.294
133.605,133.605
222.66,More than Upper Bound 219.6825
180.441,180.441
196.533,196.533
271.08,More than Upper Bound 219.6825
-207.844,Less Than Lower Bound -126.1455
320.04,More than Upper Bound 219.6825
873.36,More than Upper Bound 219.6825
274.9185,More than Upper Bound 219.6825
394.245,More than Upper Bound 219.6825
-9.492,-9.492
391.77,More than Upper Bound 219.6825
-56.1114,-56.1114
67.84,67.84
168.3,168.3
359.3025,More than Upper Bound 219.6825
176.4,176.4
681.204,More than Upper Bound 219.6825
-2287.782,Less Than Lower Bound -126.1455
141.1884,141.1884
568.32,More than Upper Bound 219.6825
829.5,More than Upper Bound 219.6825
83.281,83.281
405.72,More than Upper Bound 219.6825
-113.364,-113.364
630.99,More than Upper Bound 219.6825
473.907,More than Upper Bound 219.6825
303.7,More than Upper Bound 219.6825
690.12,More than Upper Bound 219.6825
172.92,172.92
244.2496,More than Upper Bound 219.6825
1081.35,More than Upper Bound 219.6825
-68.7225,-68.7225
399.2994,More than Upper Bound 219.6825
312.676,More than Upper Bound 219.6825
391.35,More than Upper Bound 219.6825
274.08,More than Upper Bound 219.6825
-238.028,Less Than Lower Bound -126.1455
-103.608,-103.608
746.4078,More than Upper Bound 219.6825
669.76,More than Upper Bound 219.6825
101.76,101.76
-15.4188,-15.4188
665.4,More than Upper Bound 219.6825
1537.83,More than Upper Bound 219.6825
-597.681,Less Than Lower Bound -126.1455
-133.728,Less Than Lower Bound -126.1455
499.446,More than Upper Bound 219.6825
772.68,More than Upper Bound 219.6825
381.78,More than Upper Bound 219.6825
173.25,173.25
185.64,185.64
74.16,74.16
183.24,183.24
131.82,131.82
1163.883,More than Upper Bound 219.6825
-102.411,-102.411
-134.064,Less Than Lower Bound -126.1455
2447.1,More than Upper Bound 219.6825
-1806.24,Less Than Lower Bound -126.1455
961.38,More than Upper Bound 219.6825
291.3778,More than Upper Bound 219.6825
124.788,124.788
272.58,More than Upper Bound 219.6825
505.176,More than Upper Bound 219.6825
88.0299,88.0299
2591.9568,More than Upper Bound 219.6825
0,0
256.41,More than Upper Bound 219.6825
238.98,More than Upper Bound 219.6825
944.9865,More than Upper Bound 219.6825
820.44,More than Upper Bound 219.6825
301.466,More than Upper Bound 219.6825
-786.0144,Less Than Lower Bound -126.1455
463.26,More than Upper Bound 219.6825
282.516,More than Upper Bound 219.6825
209.706,209.706
43.32,43.32
62.1,62.1
624.9875,More than Upper Bound 219.6825
793.716,More than Upper Bound 219.6825
90.972,90.972
266.58,More than Upper Bound 219.6825
1035.58,More than Upper Bound 219.6825
114.972,114.972
115.2,115.2
449.04,More than Upper Bound 219.6825
500.184,More than Upper Bound 219.6825
517.4793,More than Upper Bound 219.6825
-576.909,Less Than Lower Bound -126.1455
41.25,41.25
382.2,More than Upper Bound 219.6825
795.24,More than Upper Bound 219.6825
421.2,More than Upper Bound 219.6825
1341.15,More than Upper Bound 219.6825
-112.752,-112.752
275.7,More than Upper Bound 219.6825
321.552,More than Upper Bound 219.6825
183.288,183.288
0,0
610.812,More than Upper Bound 219.6825
16.56,16.56
515.7525,More than Upper Bound 219.6825
345.15,More than Upper Bound 219.6825
121.9644,121.9644
165.66,165.66
730.26,More than Upper Bound 219.6825
689.088,More than Upper Bound 219.6825
1264.7559,More than Upper Bound 219.6825
742.35,More than Upper Bound 219.6825
237.15,More than Upper Bound 219.6825
-1128.435,Less Than Lower Bound -126.1455
83.04,83.04
-487.368,Less Than Lower Bound -126.1455
-12.849,-12.849
152.7,152.7
57,57
553.3902,More than Upper Bound 219.6825
508.95,More than Upper Bound 219.6825
469.44,More than Upper Bound 219.6825
46.9206,46.9206
419.8032,More than Upper Bound 219.6825
930.48,More than Upper Bound 219.6825
20.9148,20.9148
-1665.0522,Less Than Lower Bound -126.1455
858.9,More than Upper Bound 219.6825
189.42,189.42
-36.081,-36.081
0,0
83.5128,83.5128
59.6556,59.6556
180.1,180.1
-0.12,-0.12
202.32,202.32
284.1855,More than Upper Bound 219.6825
275.52,More than Upper Bound 219.6825
1989.54,More than Upper Bound 219.6825
364.4595,More than Upper Bound 219.6825
165.5986,165.5986
610.8624,More than Upper Bound 219.6825
455.565,More than Upper Bound 219.6825
-571.32,Less Than Lower Bound -126.1455
18,18
-1172.736,Less Than Lower Bound -126.1455
323.4,More than Upper Bound 219.6825
230.128,More than Upper Bound 219.6825
286.56,More than Upper Bound 219.6825
246.72,More than Upper Bound 219.6825
325.611,More than Upper Bound 219.6825
241.38,More than Upper Bound 219.6825
-53.37,-53.37
292.776,More than Upper Bound 219.6825
928.44,More than Upper Bound 219.6825
18.72,18.72
1528.38,More than Upper Bound 219.6825
21.69,21.69
300.735,More than Upper Bound 219.6825
-689.256,Less Than Lower Bound -126.1455
180.06,180.06
26.73,26.73
536.22,More than Upper Bound 219.6825
-706.248,Less Than Lower Bound -126.1455
346.0396,More than Upper Bound 219.6825
872.82816,More than Upper Bound 219.6825
899.1,More than Upper Bound 219.6825
778.92,More than Upper Bound 219.6825
953.274,More than Upper Bound 219.6825
-599.94,Less Than Lower Bound -126.1455
754.704,More than Upper Bound 219.6825
1141.2,More than Upper Bound 219.6825
667.113,More than Upper Bound 219.6825
626.185,More than Upper Bound 219.6825
567,More than Upper Bound 219.6825
55.89,55.89
247.996,More than Upper Bound 219.6825
91.2,91.2
94.836,94.836
1032.57,More than Upper Bound 219.6825
-1558.152,Less Than Lower Bound -126.1455
1015.02,More than Upper Bound 219.6825
742.632,More than Upper Bound 219.6825
286.56,More than Upper Bound 219.6825
148.68,148.68
781.74,More than Upper Bound 219.6825
222.76,More than Upper Bound 219.6825
756.8715,More than Upper Bound 219.6825
182.4,182.4
-880.956,Less Than Lower Bound -126.1455
-295.5096,Less Than Lower Bound -126.1455
382.176,More than Upper Bound 219.6825
200.52,200.52
-690.536,Less Than Lower Bound -126.1455
107.487,107.487
272.52,More than Upper Bound 219.6825
473.6106,More than Upper Bound 219.6825
213.216,213.216
-1021.671,Less Than Lower Bound -126.1455
391.4976,More than Upper Bound 219.6825
1341.15,More than Upper Bound 219.6825
195.34536,195.34536
327.24,More than Upper Bound 219.6825
51.42,51.42
103.44,103.44
-407.136,Less Than Lower Bound -126.1455
505.8,More than Upper Bound 219.6825
820.32,More than Upper Bound 219.6825
901.56,More than Upper Bound 219.6825
-886.05,Less Than Lower Bound -126.1455
140.9568,140.9568
26.16,26.16
108.783,108.783
1060.56,More than Upper Bound 219.6825
357.1911,More than Upper Bound 219.6825
98.28,98.28
241.1046,More than Upper Bound 219.6825
359.52,More than Upper Bound 219.6825
-445.113,Less Than Lower Bound -126.1455
639.51,More than Upper Bound 219.6825
455.64,More than Upper Bound 219.6825
259.02,More than Upper Bound 219.6825
1098.45,More than Upper Bound 219.6825
291.6,More than Upper Bound 219.6825
100.98,100.98
92.392,92.392
1423.44,More than Upper Bound 219.6825
148.3524,148.3524
335.9944,More than Upper Bound 219.6825
-81.81,-81.81
57.33,57.33
865.08,More than Upper Bound 219.6825
106.7412,106.7412
-5.853,-5.853
0,0
-0.032,-0.032
111.517,111.517
1220.25,More than Upper Bound 219.6825
190.05,190.05
-396.4275,Less Than Lower Bound -126.1455
534.33,More than Upper Bound 219.6825
843.1706,More than Upper Bound 219.6825
9.0912,9.0912
-1294.3503,Less Than Lower Bound -126.1455
397.53,More than Upper Bound 219.6825
-326.97,Less Than Lower Bound -126.1455
397.08,More than Upper Bound 219.6825
509.86,More than Upper Bound 219.6825
860.16,More than Upper Bound 219.6825
-96.96,-96.96
-495.63,Less Than Lower Bound -126.1455
97.38,97.38
94.2784,94.2784
-53.01,-53.01
146.16,146.16
97.1946,97.1946
899.982,More than Upper Bound 219.6825
-1736.28,Less Than Lower Bound -126.1455
249.995,More than Upper Bound 219.6825
82.26,82.26
141.96,141.96
79.56,79.56
69.3,69.3
488.6,More than Upper Bound 219.6825
-152.4924,Less Than Lower Bound -126.1455
353.5792,More than Upper Bound 219.6825
249.72,More than Upper Bound 219.6825
959.14,More than Upper Bound 219.6825
-0.126,-0.126
139.98,139.98
296.082,More than Upper Bound 219.6825
714.96,More than Upper Bound 219.6825
310.8,More than Upper Bound 219.6825
-447.18,Less Than Lower Bound -126.1455
-813.492,Less Than Lower Bound -126.1455
291.6,More than Upper Bound 219.6825
1155.36,More than Upper Bound 219.6825
-2639.9912,Less Than Lower Bound -126.1455
178.94928,178.94928
-117.882,-117.882
-0.189,-0.189
-195.4425,Less Than Lower Bound -126.1455
313.2624,More than Upper Bound 219.6825
169.14,169.14
209.993,209.993
-128.88,Less Than Lower Bound -126.1455
312.912,More than Upper Bound 219.6825
-60.27,-60.27
70.49,70.49
145.782,145.782
338.22,More than Upper Bound 219.6825
102.84,102.84
292.8,More than Upper Bound 219.6825
115.32,115.32
43.4646,43.4646
659.98,More than Upper Bound 219.6825
-63.756,-63.756
123.75,123.75
7.263,7.263
1220.52,More than Upper Bound 219.6825
1080.54,More than Upper Bound 219.6825
682.5168,More than Upper Bound 219.6825
126.63,126.63
125.245,125.245
322.1829,More than Upper Bound 219.6825
-110.52,-110.52
850.836,More than Upper Bound 219.6825
24.624,24.624
278.64,More than Upper Bound 219.6825
-88.2,-88.2
44.22,44.22
289.2,More than Upper Bound 219.6825
516.36,More than Upper Bound 219.6825
-6.549,-6.549
-29.664,-29.664
336.635,More than Upper Bound 219.6825
534.4,More than Upper Bound 219.6825
374.3792,More than Upper Bound 219.6825
271.332,More than Upper Bound 219.6825
1188.81,More than Upper Bound 219.6825
297.6435,More than Upper Bound 219.6825
-136.26,Less Than Lower Bound -126.1455
327.9004,More than Upper Bound 219.6825
486.054,More than Upper Bound 219.6825
625.8,More than Upper Bound 219.6825
194.427,194.427
102.072,102.072
573,More than Upper Bound 219.6825
820.44,More than Upper Bound 219.6825
75.3732,75.3732
-1479.126,Less Than Lower Bound -126.1455
231.24,More than Upper Bound 219.6825
337.41,More than Upper Bound 219.6825
1351.9896,More than Upper Bound 219.6825
588.735,More than Upper Bound 219.6825
65.04,65.04
209.979,209.979
701.9883,More than Upper Bound 219.6825
794.577,More than Upper Bound 219.6825
832.2,More than Upper Bound 219.6825
68.4,68.4
377.70176,More than Upper Bound 219.6825
616.815,More than Upper Bound 219.6825
429.3,More than Upper Bound 219.6825
1295.73,More than Upper Bound 219.6825
-623.94,Less Than Lower Bound -126.1455
284.004,More than Upper Bound 219.6825
378.274,More than Upper Bound 219.6825
247.6014,More than Upper Bound 219.6825
320.16,More than Upper Bound 219.6825
136.8,136.8
126.16,126.16
83.52,83.52
438.75,More than Upper Bound 219.6825
474.96,More than Upper Bound 219.6825
-486.465,Less Than Lower Bound -126.1455
174.78,174.78
110.34,110.34
1622.88,More than Upper Bound 219.6825
41.232,41.232
-412.6154,Less Than Lower Bound -126.1455
381.6,More than Upper Bound 219.6825
316.2,More than Upper Bound 219.6825
361.44,More than Upper Bound 219.6825
184.95,184.95
324.3825,More than Upper Bound 219.6825
521.766,More than Upper Bound 219.6825
230.4,More than Upper Bound 219.6825
-251.9958,Less Than Lower Bound -126.1455
-0.054,-0.054
275.7,More than Upper Bound 219.6825
45.9,45.9
141.48,141.48
519.21,More than Upper Bound 219.6825
226.7946,More than Upper Bound 219.6825
311.46,More than Upper Bound 219.6825
-632.799,Less Than Lower Bound -126.1455
213.735,213.735
-135.144,Less Than Lower Bound -126.1455
75.68,75.68
22.08,22.08
890.82,More than Upper Bound 219.6825
126.54,126.54
518.76,More than Upper Bound 219.6825
63.6,63.6
15.12,15.12
790.47,More than Upper Bound 219.6825
-147.5229,Less Than Lower Bound -126.1455
224.94,More than Upper Bound 219.6825
13.08,13.08
780.24,More than Upper Bound 219.6825
333.36,More than Upper Bound 219.6825
148.704,148.704
80.28,80.28
69.999,69.999
126.336,126.336
411.18,More than Upper Bound 219.6825
180.64,180.64
212.76,212.76
170.88,170.88
927.6,More than Upper Bound 219.6825
-53.886,-53.886
-8.37,-8.37
976.8,More than Upper Bound 219.6825
479.88,More than Upper Bound 219.6825
96.39,96.39
-127.46,Less Than Lower Bound -126.1455
364.68,More than Upper Bound 219.6825
302.373,More than Upper Bound 219.6825
114.6,114.6
942.8157,More than Upper Bound 219.6825
178.95,178.95
104.616,104.616
-821.961,Less Than Lower Bound -126.1455
64.0728,64.0728
286.5,More than Upper Bound 219.6825
110,110
-76.5585,-76.5585
298.5096,More than Upper Bound 219.6825
592.7896,More than Upper Bound 219.6825
728.7,More than Upper Bound 219.6825
-193.152,Less Than Lower Bound -126.1455
124.011,124.011
124.578,124.578
349.2,More than Upper Bound 219.6825
-146.1096,Less Than Lower Bound -126.1455
78.396,78.396
-553.878,Less Than Lower Bound -126.1455
48.06,48.06
239.52,More than Upper Bound 219.6825
-149.364,Less Than Lower Bound -126.1455
172.9125,172.9125
327.12,More than Upper Bound 219.6825
108.9,108.9
399.9765,More than Upper Bound 219.6825
184.5,184.5
127.335,127.335
371.04,More than Upper Bound 219.6825
632.4,More than Upper Bound 219.6825
78.72,78.72
920.754,More than Upper Bound 219.6825
-27.936,-27.936
255.48,More than Upper Bound 219.6825
101.22,101.22
923.535,More than Upper Bound 219.6825
-45.54,-45.54
-571.9956,Less Than Lower Bound -126.1455
182.82,182.82
234.27,More than Upper Bound 219.6825
241.89,More than Upper Bound 219.6825
308.16,More than Upper Bound 219.6825
-938.28,Less Than Lower Bound -126.1455
150.888,150.888
39.552,39.552
506.52,More than Upper Bound 219.6825
274.08,More than Upper Bound 219.6825
182.28,182.28
20.622,20.622
716.4,More than Upper Bound 219.6825
-428.868,Less Than Lower Bound -126.1455
118.72,118.72
660.366,More than Upper Bound 219.6825
207.996,207.996
453.87,More than Upper Bound 219.6825
171.3,171.3
50.56,50.56
141.176,141.176
255.69,More than Upper Bound 219.6825
224.94,More than Upper Bound 219.6825
-236.88,Less Than Lower Bound -126.1455
103.8,103.8
494.403,More than Upper Bound 219.6825
-0.0525,-0.0525
89.07,89.07
1202.016,More than Upper Bound 219.6825
604.86,More than Upper Bound 219.6825
-705.096,Less Than Lower Bound -126.1455
449.88,More than Upper Bound 219.6825
68.7,68.7
157.8702,157.8702
350.475,More than Upper Bound 219.6825
129.198,129.198
117.0104,117.0104
225.4668,More than Upper Bound 219.6825
207.147,207.147
6.378,6.378
9.96,9.96
186.06,186.06
238.68,More than Upper Bound 219.6825
250.38,More than Upper Bound 219.6825
124.86,124.86
28.56,28.56
-41.805,-41.805
558.72,More than Upper Bound 219.6825
232.083,More than Upper Bound 219.6825
174.6,174.6
236.34,More than Upper Bound 219.6825
-821.961,Less Than Lower Bound -126.1455
371.49,More than Upper Bound 219.6825
214.76,214.76
171.6975,171.6975
335.9944,More than Upper Bound 219.6825
613.17,More than Upper Bound 219.6825
126.59256,126.59256
381.717,More than Upper Bound 219.6825
286.713,More than Upper Bound 219.6825
140.58,140.58
405.36,More than Upper Bound 219.6825
-321.372,Less Than Lower Bound -126.1455
270.72,More than Upper Bound 219.6825
124.011,124.011
1061.5722,More than Upper Bound 219.6825
14.976,14.976
331.68,More than Upper Bound 219.6825
-177.39,Less Than Lower Bound -126.1455
-458.43,Less Than Lower Bound -126.1455
340.83,More than Upper Bound 219.6825
94.4937,94.4937
179.73,179.73
1594.89,More than Upper Bound 219.6825
361.2994,More than Upper Bound 219.6825
188.01,188.01
438.75,More than Upper Bound 219.6825
132.168,132.168
205.92,205.92
396.6696,More than Upper Bound 219.6825
298.08,More than Upper Bound 219.6825
-916.0443,Less Than Lower Bound -126.1455
999.36,More than Upper Bound 219.6825
551.976,More than Upper Bound 219.6825
-124.659,-124.659
-0.0525,-0.0525
-88.809,-88.809
-1476.09,Less Than Lower Bound -126.1455
841.7925,More than Upper Bound 219.6825
594.216,More than Upper Bound 219.6825
-14.355,-14.355
103.068,103.068
-30.429,-30.429
923.44,More than Upper Bound 219.6825
156.24,156.24
704.628,More than Upper Bound 219.6825
-781.848,Less Than Lower Bound -126.1455
56.392,56.392
206.64,206.64
119.686,119.686
809.28,More than Upper Bound 219.6825
43.1991,43.1991
547.569,More than Upper Bound 219.6825
579.81,More than Upper Bound 219.6825
75.93,75.93
-127.5792,Less Than Lower Bound -126.1455
193.608,193.608
573.12,More than Upper Bound 219.6825
129.8,129.8
364.8,More than Upper Bound 219.6825
135.855,135.855
132.3,132.3
352,More than Upper Bound 219.6825
240.28,More than Upper Bound 219.6825
923.37,More than Upper Bound 219.6825
546.96,More than Upper Bound 219.6825
-286.88704,Less Than Lower Bound -126.1455
655.65,More than Upper Bound 219.6825
238.653,More than Upper Bound 219.6825
-96.48,-96.48
305.37,More than Upper Bound 219.6825
114.24,114.24
214.368,214.368
-113.998,-113.998
251.6934,More than Upper Bound 219.6825
422.0524,More than Upper Bound 219.6825
227.2179,More than Upper Bound 219.6825
178.11,178.11
-0.336,-0.336
168.1855,168.1855
43.35,43.35
250.396,More than Upper Bound 219.6825
526.31992,More than Upper Bound 219.6825
356.4,More than Upper Bound 219.6825
569.9905,More than Upper Bound 219.6825
-253.4337,Less Than Lower Bound -126.1455
1463.07,More than Upper Bound 219.6825
91.38,91.38
529.83,More than Upper Bound 219.6825
5.65776,5.65776
198.04,198.04
498.24,More than Upper Bound 219.6825
163.7874,163.7874
151.0974,151.0974
89.22,89.22
35.37,35.37
68.55,68.55
848.7,More than Upper Bound 219.6825
181.6512,181.6512
254.52,More than Upper Bound 219.6825
741.6,More than Upper Bound 219.6825
101.214,101.214
340.872,More than Upper Bound 219.6825
317.16,More than Upper Bound 219.6825
903.9933,More than Upper Bound 219.6825
1013.127,More than Upper Bound 219.6825
486.8,More than Upper Bound 219.6825
706.68,More than Upper Bound 219.6825
532.392,More than Upper Bound 219.6825
941.688,More than Upper Bound 219.6825
239.94,More than Upper Bound 219.6825
781.74,More than Upper Bound 219.6825
431.76,More than Upper Bound 219.6825
327.14,More than Upper Bound 219.6825
-71.676,-71.676
-0.072,-0.072
-325.116,Less Than Lower Bound -126.1455
332.178,More than Upper Bound 219.6825
49.65156,49.65156
199.782,199.782
534.213,More than Upper Bound 219.6825
81.45,81.45
-26.67,-26.67
471.6,More than Upper Bound 219.6825
-54.963,-54.963
181.68,181.68
479.52,More than Upper Bound 219.6825
445.86,More than Upper Bound 219.6825
400.32,More than Upper Bound 219.6825
208.608,208.608
-42.534,-42.534
139.59,139.59
356.004,More than Upper Bound 219.6825
172.8,172.8
700.5,More than Upper Bound 219.6825
-13.9812,-13.9812
645.24,More than Upper Bound 219.6825
114.7785,114.7785
286.974,More than Upper Bound 219.6825
103.2,103.2
216.72,216.72
-133.632,Less Than Lower Bound -126.1455
33,33
31.5,31.5
111.591,111.591
125.2692,125.2692
938.7,More than Upper Bound 219.6825
227.757,More than Upper Bound 219.6825
1192.52,More than Upper Bound 219.6825
233.8,More than Upper Bound 219.6825
-204.312,Less Than Lower Bound -126.1455
115.92,115.92
-72.441,-72.441
356.225,More than Upper Bound 219.6825
379.82,More than Upper Bound 219.6825
248.34,More than Upper Bound 219.6825
83.88576,83.88576
-694.2936,Less Than Lower Bound -126.1455
153.84,153.84
73.194,73.194
187.53,187.53
151.0605,151.0605
116.4,116.4
886.05,More than Upper Bound 219.6825
456.588,More than Upper Bound 219.6825
364.23,More than Upper Bound 219.6825
13.77,13.77
101.3832,101.3832
413.04,More than Upper Bound 219.6825
400.8,More than Upper Bound 219.6825
36.624,36.624
323.46,More than Upper Bound 219.6825
713.22688,More than Upper Bound 219.6825
18.36,18.36
70.08,70.08
133.392,133.392
56.301,56.301
301.466,More than Upper Bound 219.6825
1484.16,More than Upper Bound 219.6825
20.15216,20.15216
-260.616,Less Than Lower Bound -126.1455
168.72,168.72
481.05,More than Upper Bound 219.6825
495.84,More than Upper Bound 219.6825
38.43,38.43
539.2464,More than Upper Bound 219.6825
89.5888,89.5888
70.1784,70.1784
-306.216,Less Than Lower Bound -126.1455
408.876,More than Upper Bound 219.6825
86.3928,86.3928
118.293,118.293
190.92,190.92
314.0586,More than Upper Bound 219.6825
302.73,More than Upper Bound 219.6825
609.7157,More than Upper Bound 219.6825
300.75424,More than Upper Bound 219.6825
0,0
282.126,More than Upper Bound 219.6825
355.4466,More than Upper Bound 219.6825
166.26,166.26
629.991,More than Upper Bound 219.6825
416.22,More than Upper Bound 219.6825
171.72,171.72
318.84,More than Upper Bound 219.6825
238.68,More than Upper Bound 219.6825
103.608,103.608
451.08,More than Upper Bound 219.6825
-306.012,Less Than Lower Bound -126.1455
479.88,More than Upper Bound 219.6825
-41.796,-41.796
213.6888,213.6888
449.88,More than Upper Bound 219.6825
996.6,More than Upper Bound 219.6825
243.48,More than Upper Bound 219.6825
259.74,More than Upper Bound 219.6825
120.84,120.84
206.556,206.556
198.15,198.15
592.812,More than Upper Bound 219.6825
369.54,More than Upper Bound 219.6825
-286.68,Less Than Lower Bound -126.1455
-28.59,-28.59
-352.8,Less Than Lower Bound -126.1455
-175.026,Less Than Lower Bound -126.1455
375.735,More than Upper Bound 219.6825
496.26,More than Upper Bound 219.6825
125.997,125.997
38.88,38.88
-396.684,Less Than Lower Bound -126.1455
239.7,More than Upper Bound 219.6825
241.14696,More than Upper Bound 219.6825
448.92,More than Upper Bound 219.6825
117.72,117.72
-7.7247,-7.7247
292.8,More than Upper Bound 219.6825
237.6,More than Upper Bound 219.6825
120.57348,120.57348
172.4,172.4
315.72,More than Upper Bound 219.6825
650.58,More than Upper Bound 219.6825
-182.637,Less Than Lower Bound -126.1455
110.4,110.4
654.7554,More than Upper Bound 219.6825
437.28,More than Upper Bound 219.6825
444.57,More than Upper Bound 219.6825
580.02,More than Upper Bound 219.6825
884.058,More than Upper Bound 219.6825
203.4,203.4
87.84,87.84
140.16,140.16
236.41296,More than Upper Bound 219.6825
214.74,214.74
139.32,139.32
290.0058,More than Upper Bound 219.6825
124.836,124.836
656.64,More than Upper Bound 219.6825
391.14,More than Upper Bound 219.6825
406.56,More than Upper Bound 219.6825
-429.3945,Less Than Lower Bound -126.1455
100.8,100.8
389.52,More than Upper Bound 219.6825
472.1272,More than Upper Bound 219.6825
-3701.8928,Less Than Lower Bound -126.1455
221.067,More than Upper Bound 219.6825
-263.196,Less Than Lower Bound -126.1455
36.12,36.12
420.39,More than Upper Bound 219.6825
209.52,209.52
305.13,More than Upper Bound 219.6825
887.6,More than Upper Bound 219.6825
822.66,More than Upper Bound 219.6825
135.98,135.98
85.2475,85.2475
628.5,More than Upper Bound 219.6825
418.92,More than Upper Bound 219.6825
225.09,More than Upper Bound 219.6825
37.476,37.476
318.42,More than Upper Bound 219.6825
248.64,More than Upper Bound 219.6825
55.08,55.08
227.85,More than Upper Bound 219.6825
68.19,68.19
109.6215,109.6215
496.26,More than Upper Bound 219.6825
135.6,135.6
44.079,44.079
45,45
259.587,More than Upper Bound 219.6825
-686.97,Less Than Lower Bound -126.1455
386.34,More than Upper Bound 219.6825
275.7,More than Upper Bound 219.6825
574.14,More than Upper Bound 219.6825
52.272,52.272
609.12,More than Upper Bound 219.6825
190.95,190.95
878.76,More than Upper Bound 219.6825
55.23,55.23
190.8,190.8
55.05,55.05
377.34,More than Upper Bound 219.6825
-655.86,Less Than Lower Bound -126.1455
1134.84,More than Upper Bound 219.6825
706.06144,More than Upper Bound 219.6825
-1850.9464,Less Than Lower Bound -126.1455
426.58,More than Upper Bound 219.6825
318.5,More than Upper Bound 219.6825
360.48,More than Upper Bound 219.6825
178.2,178.2
265.02,More than Upper Bound 219.6825
-729.9138,Less Than Lower Bound -126.1455
310.8,More than Upper Bound 219.6825
-284.256,Less Than Lower Bound -126.1455
356.142,More than Upper Bound 219.6825
536.46,More than Upper Bound 219.6825
55,55
248.0355,More than Upper Bound 219.6825
720.75,More than Upper Bound 219.6825
371.4021,More than Upper Bound 219.6825
124.902,124.902
146.64,146.64
110.421,110.421
138.8325,138.8325
102.42,102.42
-1672.5,Less Than Lower Bound -126.1455
27.09,27.09
24.3,24.3
775.98,More than Upper Bound 219.6825
213.972,213.972
-760.98,Less Than Lower Bound -126.1455
434.4,More than Upper Bound 219.6825
57.6,57.6
1439.448,More than Upper Bound 219.6825
105.0228,105.0228
-575.3142,Less Than Lower Bound -126.1455
21.519,21.519
9.342,9.342
714,More than Upper Bound 219.6825
-15.516,-15.516
209.274,209.274
0,0
288.4446,More than Upper Bound 219.6825
91.62,91.62
752.64,More than Upper Bound 219.6825
598.8,More than Upper Bound 219.6825
305.28,More than Upper Bound 219.6825
206.685,206.685
123.354,123.354
568.26,More than Upper Bound 219.6825
137.994,137.994
177.44752,177.44752
175.2,175.2
534.78,More than Upper Bound 219.6825
791.46,More than Upper Bound 219.6825
28.0784,28.0784
377.28,More than Upper Bound 219.6825
843.99,More than Upper Bound 219.6825
106.32,106.32
-1981.395,Less Than Lower Bound -126.1455
70.5564,70.5564
-224.595,Less Than Lower Bound -126.1455
381.75,More than Upper Bound 219.6825
282.2092,More than Upper Bound 219.6825
82.497,82.497
-695.172,Less Than Lower Bound -126.1455
333.36,More than Upper Bound 219.6825
263.2959,More than Upper Bound 219.6825
-24.03,-24.03
319.74,More than Upper Bound 219.6825
-176.769,Less Than Lower Bound -126.1455
208.32,208.32
411.06,More than Upper Bound 219.6825
22.38,22.38
49.7,49.7
71.64,71.64
483.84,More than Upper Bound 219.6825
394.68,More than Upper Bound 219.6825
237.15,More than Upper Bound 219.6825
165.735,165.735
146.7693,146.7693
-76.5585,-76.5585
108.6,108.6
511.368,More than Upper Bound 219.6825
87.996,87.996
-68.1525,-68.1525
293.16,More than Upper Bound 219.6825
224.58,More than Upper Bound 219.6825
185.997,185.997
140.16,140.16
24.22,24.22
-237.576,Less Than Lower Bound -126.1455
203.7,203.7
459.9875,More than Upper Bound 219.6825
136.2375,136.2375
254.56,More than Upper Bound 219.6825
12.128,12.128
686.4,More than Upper Bound 219.6825
247.296,More than Upper Bound 219.6825
129.84,129.84
153.93,153.93
-976.5,Less Than Lower Bound -126.1455
37.534,37.534
516.06,More than Upper Bound 219.6825
392.4,More than Upper Bound 219.6825
82.992,82.992
212.76,212.76
55.56,55.56
452.76,More than Upper Bound 219.6825
-81.7173,-81.7173
395.94,More than Upper Bound 219.6825
53.04,53.04
376.11,More than Upper Bound 219.6825
-161.964,Less Than Lower Bound -126.1455
-615.96,Less Than Lower Bound -126.1455
88.44,88.44
669.72,More than Upper Bound 219.6825
238.12,More than Upper Bound 219.6825
454.62,More than Upper Bound 219.6825
86.319,86.319
210.33,210.33
155.457,155.457
381.675,More than Upper Bound 219.6825
396.5,More than Upper Bound 219.6825
502.5,More than Upper Bound 219.6825
219.582,219.582
150.36,150.36
54.87,54.87
412.468,More than Upper Bound 219.6825
0,0
613.836,More than Upper Bound 219.6825
215.7,215.7
-161.55,Less Than Lower Bound -126.1455
676.167,More than Upper Bound 219.6825
441.72,More than Upper Bound 219.6825
228.585,More than Upper Bound 219.6825
420.3,More than Upper Bound 219.6825
-0.054,-0.054
169.2,169.2
172.08,172.08
347.76,More than Upper Bound 219.6825
-27.828,-27.828
46.9764,46.9764
357,More than Upper Bound 219.6825
62.82,62.82
379.68,More than Upper Bound 219.6825
249.84,More than Upper Bound 219.6825
251.71124,More than Upper Bound 219.6825
104.25,104.25
332.88,More than Upper Bound 219.6825
337.14,More than Upper Bound 219.6825
604.35,More than Upper Bound 219.6825
-8.112,-8.112
0,0
230.31,More than Upper Bound 219.6825
301.812,More than Upper Bound 219.6825
272.792,More than Upper Bound 219.6825
321.66,More than Upper Bound 219.6825
165.75,165.75
269.82,More than Upper Bound 219.6825
38.2185,38.2185
75.628,75.628
219.9904,More than Upper Bound 219.6825
-527.548,Less Than Lower Bound -126.1455
260.982,More than Upper Bound 219.6825
94.8,94.8
33,33
210.6,210.6
495.75,More than Upper Bound 219.6825
315.825,More than Upper Bound 219.6825
473.595,More than Upper Bound 219.6825
19.08,19.08
14.094,14.094
509.04,More than Upper Bound 219.6825
711.48,More than Upper Bound 219.6825
292.11,More than Upper Bound 219.6825
-14.8704,-14.8704
360.48,More than Upper Bound 219.6825
169.68,169.68
131.48112,131.48112
-626.52,Less Than Lower Bound -126.1455
444.3,More than Upper Bound 219.6825
273.24,More than Upper Bound 219.6825
596.0535,More than Upper Bound 219.6825
-377.9892,Less Than Lower Bound -126.1455
140.22,140.22
-409.626,Less Than Lower Bound -126.1455
34.23,34.23
44.032,44.032
-99.6219,-99.6219
33.66,33.66
219.42,219.42
34.92,34.92
-56.322,-56.322
162.0948,162.0948
264.5865,More than Upper Bound 219.6825
311.49,More than Upper Bound 219.6825
50.76,50.76
-465.568,Less Than Lower Bound -126.1455
210.4936,210.4936
252.795,More than Upper Bound 219.6825
-329.8095,Less Than Lower Bound -126.1455
194.94,194.94
107.85,107.85
768.88,More than Upper Bound 219.6825
570.828,More than Upper Bound 219.6825
171.36,171.36
-25.152,-25.152
190.575,190.575
-30.098,-30.098
304.08,More than Upper Bound 219.6825
541.44,More than Upper Bound 219.6825
113.6742,113.6742
614.7,More than Upper Bound 219.6825
274.386,More than Upper Bound 219.6825
278.64,More than Upper Bound 219.6825
245.021,More than Upper Bound 219.6825
233.2204,More than Upper Bound 219.6825
203.7,203.7
628.0368,More than Upper Bound 219.6825
170.25,170.25
269.308,More than Upper Bound 219.6825
843.99,More than Upper Bound 219.6825
938.7954,More than Upper Bound 219.6825
105.21,105.21
246.12,More than Upper Bound 219.6825
226.845,More than Upper Bound 219.6825
260.82,More than Upper Bound 219.6825
66.3,66.3
-311.598,Less Than Lower Bound -126.1455
36.93048,36.93048
411.33,More than Upper Bound 219.6825
117.36,117.36
132.3,132.3
761.76,More than Upper Bound 219.6825
199.92,199.92
179.88,179.88
-99.1764,-99.1764
214.29,214.29
150.384,150.384
217.2,217.2
79.908,79.908
-197.505,Less Than Lower Bound -126.1455
73.458,73.458
328.8,More than Upper Bound 219.6825
10.29,10.29
-188.336,Less Than Lower Bound -126.1455
58.72,58.72
-21.808,-21.808
680.4,More than Upper Bound 219.6825
89.91,89.91
157.05,157.05
136.26,136.26
43.47,43.47
387.29096,More than Upper Bound 219.6825
130.2885,130.2885
108.3528,108.3528
227.88,More than Upper Bound 219.6825
-814.4832,Less Than Lower Bound -126.1455
236.67,More than Upper Bound 219.6825
395.9604,More than Upper Bound 219.6825
409.14,More than Upper Bound 219.6825
381.2375,More than Upper Bound 219.6825
303.804,More than Upper Bound 219.6825
431.04,More than Upper Bound 219.6825
271.4192,More than Upper Bound 219.6825
-258.5016,Less Than Lower Bound -126.1455
488.6,More than Upper Bound 219.6825
144.42,144.42
43.1976,43.1976
417.276,More than Upper Bound 219.6825
-886.464,Less Than Lower Bound -126.1455
-147.6048,Less Than Lower Bound -126.1455
343.53,More than Upper Bound 219.6825
183.33,183.33
989.01,More than Upper Bound 219.6825
139.98,139.98
246.96,More than Upper Bound 219.6825
339.444,More than Upper Bound 219.6825
242,More than Upper Bound 219.6825
-363.2892,Less Than Lower Bound -126.1455
467.9922,More than Upper Bound 219.6825
86.31,86.31
206.6232,206.6232
71.088,71.088
108.6,108.6
215.76,215.76
135.6,135.6
-10.044,-10.044
273.24,More than Upper Bound 219.6825
323.4,More than Upper Bound 219.6825
341.73,More than Upper Bound 219.6825
135.855,135.855
217.266,217.266
0,0
87.84,87.84
49.0104,49.0104
325.14,More than Upper Bound 219.6825
536.46,More than Upper Bound 219.6825
-369.42,Less Than Lower Bound -126.1455
436.77,More than Upper Bound 219.6825
-118.11376,-118.11376
267.15,More than Upper Bound 219.6825
129.1704,129.1704
20.0392,20.0392
628.64,More than Upper Bound 219.6825
134.19,134.19
241.2,More than Upper Bound 219.6825
519.3,More than Upper Bound 219.6825
-464.697,Less Than Lower Bound -126.1455
243.74,More than Upper Bound 219.6825
126.564,126.564
88.74,88.74
213.12,213.12
732.6,More than Upper Bound 219.6825
-12.849,-12.849
375.4296,More than Upper Bound 219.6825
267.57,More than Upper Bound 219.6825
-411.216,Less Than Lower Bound -126.1455
209.34,209.34
211.7376,211.7376
861.24,More than Upper Bound 219.6825
228.6,More than Upper Bound 219.6825
410.46,More than Upper Bound 219.6825
-152.76,Less Than Lower Bound -126.1455
80.3208,80.3208
478.38,More than Upper Bound 219.6825
387.9,More than Upper Bound 219.6825
298.064,More than Upper Bound 219.6825
164.88,164.88
-341.3412,Less Than Lower Bound -126.1455
312.66,More than Upper Bound 219.6825
19.08,19.08
146.76,146.76
-802.4925,Less Than Lower Bound -126.1455
376.596,More than Upper Bound 219.6825
431.76,More than Upper Bound 219.6825
-575.25,Less Than Lower Bound -126.1455
354.06,More than Upper Bound 219.6825
-478.065,Less Than Lower Bound -126.1455
413.184,More than Upper Bound 219.6825
142.6824,142.6824
197.88,197.88
148.138,148.138
55.08,55.08
577.304,More than Upper Bound 219.6825
-282.555,Less Than Lower Bound -126.1455
236.25,More than Upper Bound 219.6825
23.2,23.2
185.52,185.52
526.08,More than Upper Bound 219.6825
30.32,30.32
-20.6688,-20.6688
184.5165,184.5165
236.76,More than Upper Bound 219.6825
282,More than Upper Bound 219.6825
-421.5975,Less Than Lower Bound -126.1455
-499.2984,Less Than Lower Bound -126.1455
382.848,More than Upper Bound 219.6825
1098.24,More than Upper Bound 219.6825
445.41,More than Upper Bound 219.6825
50.01,50.01
201.72,201.72
-31.524,-31.524
484.44,More than Upper Bound 219.6825
83.322,83.322
311.652,More than Upper Bound 219.6825
-512.712,Less Than Lower Bound -126.1455
86.6364,86.6364
542.6388,More than Upper Bound 219.6825
264.6,More than Upper Bound 219.6825
269.712,More than Upper Bound 219.6825
485.9892,More than Upper Bound 219.6825
34.3548,34.3548
98.55,98.55
12.72,12.72
-3.978,-3.978
198.32,198.32
-10.0196,-10.0196
-331.96,Less Than Lower Bound -126.1455
98.4802,98.4802
419.52,More than Upper Bound 219.6825
1313.28,More than Upper Bound 219.6825
160.6722,160.6722
-443.73,Less Than Lower Bound -126.1455
655.728,More than Upper Bound 219.6825
897.84,More than Upper Bound 219.6825
503.76,More than Upper Bound 219.6825
706.05,More than Upper Bound 219.6825
394.38,More than Upper Bound 219.6825
26.52,26.52
91.7172,91.7172
246.48,More than Upper Bound 219.6825
492.624,More than Upper Bound 219.6825
100.24,100.24
-205.608,Less Than Lower Bound -126.1455
314.2719,More than Upper Bound 219.6825
652.95,More than Upper Bound 219.6825
119.996,119.996
124.902,124.902
298.08,More than Upper Bound 219.6825
39.42,39.42
-32.472,-32.472
551.955,More than Upper Bound 219.6825
432.45,More than Upper Bound 219.6825
469.44,More than Upper Bound 219.6825
95.76,95.76
456.48,More than Upper Bound 219.6825
851.8,More than Upper Bound 219.6825
412.74,More than Upper Bound 219.6825
252.84,More than Upper Bound 219.6825
285.6,More than Upper Bound 219.6825
391.944,More than Upper Bound 219.6825
29.76,29.76
-237.555,Less Than Lower Bound -126.1455
28.917,28.917
28.4,28.4
94.86,94.86
-1345.5,Less Than Lower Bound -126.1455
-257.76,Less Than Lower Bound -126.1455
362.8404,More than Upper Bound 219.6825
16.5,16.5
26.6625,26.6625
243.84,More than Upper Bound 219.6825
121.2,121.2
1031.52,More than Upper Bound 219.6825
126.324,126.324
142.485,142.485
148.4946,148.4946
-386.3916,Less Than Lower Bound -126.1455
0,0
611.1,More than Upper Bound 219.6825
519.3,More than Upper Bound 219.6825
708.12,More than Upper Bound 219.6825
925.44,More than Upper Bound 219.6825
59.166,59.166
132.524,132.524
207.66,207.66
-102.012,-102.012
157.698,157.698
1014.9797,More than Upper Bound 219.6825
143.325,143.325
143.982,143.982
224.424,More than Upper Bound 219.6825
541.62,More than Upper Bound 219.6825
210.66,210.66
266.49,More than Upper Bound 219.6825
0,0
267.6672,More than Upper Bound 219.6825
-813.6144,Less Than Lower Bound -126.1455
57.24,57.24
638.46,More than Upper Bound 219.6825
559.74,More than Upper Bound 219.6825
706.56,More than Upper Bound 219.6825
301.968,More than Upper Bound 219.6825
-247.125,Less Than Lower Bound -126.1455
378.1674,More than Upper Bound 219.6825
78.12,78.12
759.264,More than Upper Bound 219.6825
258.696,More than Upper Bound 219.6825
-12.96,-12.96
741.6,More than Upper Bound 219.6825
290.34,More than Upper Bound 219.6825
49.4376,49.4376
-19.47,-19.47
7.05256,7.05256
261.18,More than Upper Bound 219.6825
1040.55,More than Upper Bound 219.6825
174.636,174.636
191.968,191.968
124.02,124.02
698.4,More than Upper Bound 219.6825
690.9,More than Upper Bound 219.6825
97.3791,97.3791
-32.2605,-32.2605
210.735,210.735
129.9,129.9
176.8124,176.8124
-320.229,Less Than Lower Bound -126.1455
725.085,More than Upper Bound 219.6825
123.4737,123.4737
-52.344,-52.344
301.466,More than Upper Bound 219.6825
279.36,More than Upper Bound 219.6825
51.8312,51.8312
-343.455,Less Than Lower Bound -126.1455
75.5424,75.5424
174.42,174.42
362.687,More than Upper Bound 219.6825
265.4232,More than Upper Bound 219.6825
420.3,More than Upper Bound 219.6825
381.6,More than Upper Bound 219.6825
-385.1055,Less Than Lower Bound -126.1455
302.0628,More than Upper Bound 219.6825
36.624,36.624
29.64,29.64
661.4559,More than Upper Bound 219.6825
730.26,More than Upper Bound 219.6825
618.48,More than Upper Bound 219.6825
73.932,73.932
196.686,196.686
224.9925,More than Upper Bound 219.6825
101.07,101.07
222.36,More than Upper Bound 219.6825
7.9548,7.9548
-34.836,-34.836
71.772,71.772
193.44,193.44
297.48,More than Upper Bound 219.6825
127.26,127.26
134.21196,134.21196
314.0384,More than Upper Bound 219.6825
371.16,More than Upper Bound 219.6825
83.16,83.16
180.414,180.414
130.2,130.2
63.63,63.63
-137.34,Less Than Lower Bound -126.1455
114.9954,114.9954
181.32,181.32
-174.87,Less Than Lower Bound -126.1455
140.686,140.686
73.788,73.788
-471.7875,Less Than Lower Bound -126.1455
347.0859,More than Upper Bound 219.6825
378.84,More than Upper Bound 219.6825
751.9624,More than Upper Bound 219.6825
105.474,105.474
751.8,More than Upper Bound 219.6825
11.61,11.61
225.36,More than Upper Bound 219.6825
-535.32,Less Than Lower Bound -126.1455
183.36,183.36
222.74,More than Upper Bound 219.6825
42.9288,42.9288
311.8968,More than Upper Bound 219.6825
-362.784,Less Than Lower Bound -126.1455
-1097.28,Less Than Lower Bound -126.1455
242.028,More than Upper Bound 219.6825
489.42,More than Upper Bound 219.6825
51.84,51.84
-58.44,-58.44
-297.6848,Less Than Lower Bound -126.1455
393.48,More than Upper Bound 219.6825
110.649,110.649
239.58,More than Upper Bound 219.6825
55.896,55.896
269.7,More than Upper Bound 219.6825
-0.162,-0.162
253.372,More than Upper Bound 219.6825
166.20768,166.20768
73.92,73.92
0,0
179.9964,179.9964
220.56,More than Upper Bound 219.6825
98.55,98.55
-56.7567,-56.7567
-302.355,Less Than Lower Bound -126.1455
225.735,More than Upper Bound 219.6825
370.86,More than Upper Bound 219.6825
52.9173,52.9173
73.465,73.465
408.24,More than Upper Bound 219.6825
840.78,More than Upper Bound 219.6825
20.1,20.1
-105.3164,-105.3164
-0.048,-0.048
296.331,More than Upper Bound 219.6825
793.8,More than Upper Bound 219.6825
160.632,160.632
120.33,120.33
228.68,More than Upper Bound 219.6825
-153.015,Less Than Lower Bound -126.1455
475.8,More than Upper Bound 219.6825
146.088,146.088
54.3528,54.3528
455.76,More than Upper Bound 219.6825
710.28,More than Upper Bound 219.6825
301.14,More than Upper Bound 219.6825
96.8544,96.8544
344.07,More than Upper Bound 219.6825
91.53,91.53
-0.195,-0.195
155.169,155.169
267.3,More than Upper Bound 219.6825
83.52,83.52
80.3682,80.3682
238.653,More than Upper Bound 219.6825
-138.14,Less Than Lower Bound -126.1455
287.85,More than Upper Bound 219.6825
145.95,145.95
9.972,9.972
331.92,More than Upper Bound 219.6825
320.94,More than Upper Bound 219.6825
116.872,116.872
583.17,More than Upper Bound 219.6825
273.51,More than Upper Bound 219.6825
158.529,158.529
58.1796,58.1796
836.1225,More than Upper Bound 219.6825
407.1,More than Upper Bound 219.6825
17.3,17.3
123.02,123.02
1216.02,More than Upper Bound 219.6825
235.8,More than Upper Bound 219.6825
-463.26,Less Than Lower Bound -126.1455
8.91,8.91
121.832,121.832
160.02,160.02
218.82,218.82
-212.175,Less Than Lower Bound -126.1455
282.42,More than Upper Bound 219.6825
383.22,More than Upper Bound 219.6825
70.1955,70.1955
-209.994,Less Than Lower Bound -126.1455
638.46,More than Upper Bound 219.6825
159.87,159.87
22.2,22.2
217.95,217.95
280.32,More than Upper Bound 219.6825
40.8006,40.8006
43.44,43.44
78.7671,78.7671
113.94,113.94
165.34,165.34
433.92,More than Upper Bound 219.6825
-325.572,Less Than Lower Bound -126.1455
112.2,112.2
445.23,More than Upper Bound 219.6825
223.92,More than Upper Bound 219.6825
355.92,More than Upper Bound 219.6825
95.004,95.004
-141.669,Less Than Lower Bound -126.1455
123.36,123.36
-136.86,Less Than Lower Bound -126.1455
373.68,More than Upper Bound 219.6825
621.9744,More than Upper Bound 219.6825
345.15,More than Upper Bound 219.6825
301.14,More than Upper Bound 219.6825
200.04,200.04
61.68,61.68
-75.546,-75.546
165.42,165.42
0,0
170.73,170.73
-51.984,-51.984
24.894,24.894
275.583,More than Upper Bound 219.6825
679.32,More than Upper Bound 219.6825
170.4,170.4
190.92,190.92
215.46,215.46
161.9674,161.9674
-153.36,Less Than Lower Bound -126.1455
130.56,130.56
143.556,143.556
394.212,More than Upper Bound 219.6825
45.9,45.9
21.12,21.12
38.9975,38.9975
174.36,174.36
106.92,106.92
47.7,47.7
165.618,165.618
132.588,132.588
-303.78,Less Than Lower Bound -126.1455
320.4504,More than Upper Bound 219.6825
144.9,144.9
413.88,More than Upper Bound 219.6825
-71,-71
228,More than Upper Bound 219.6825
67.488,67.488
179.01,179.01
470.82,More than Upper Bound 219.6825
-38.568,-38.568
369.27,More than Upper Bound 219.6825
372.5604,More than Upper Bound 219.6825
13.12,13.12
503.7822,More than Upper Bound 219.6825
92.88,92.88
-36.1176,-36.1176
-67.941,-67.941
208.98,208.98
726.5619,More than Upper Bound 219.6825
11.61,11.61
235.521,More than Upper Bound 219.6825
38.784,38.784
405.423,More than Upper Bound 219.6825
-39.84,-39.84
-192.0468,Less Than Lower Bound -126.1455
77.13,77.13
211.4955,211.4955
138.404,138.404
-93.42,-93.42
785.52,More than Upper Bound 219.6825
134.21196,134.21196
-52.02,-52.02
681.44,More than Upper Bound 219.6825
297,More than Upper Bound 219.6825
-339.705,Less Than Lower Bound -126.1455
712.8,More than Upper Bound 219.6825
624.3135,More than Upper Bound 219.6825
-203.06,Less Than Lower Bound -126.1455
50.06,50.06
63.9,63.9
215.9973,215.9973
46.44,46.44
-256.288,Less Than Lower Bound -126.1455
202.63968,202.63968
-382.455,Less Than Lower Bound -126.1455
129,129
-462.8624,Less Than Lower Bound -126.1455
118.5945,118.5945
110.76,110.76
884.46,More than Upper Bound 219.6825
-2.1208,-2.1208
741.6,More than Upper Bound 219.6825
121.7601,121.7601
133.98,133.98
45.4671,45.4671
-314.8515,Less Than Lower Bound -126.1455
527.04,More than Upper Bound 219.6825
121.2,121.2
356.4,More than Upper Bound 219.6825
-2929.4845,Less Than Lower Bound -126.1455
-155.097,Less Than Lower Bound -126.1455
132.96,132.96
0,0
41.805,41.805
368.82,More than Upper Bound 219.6825
218.34,218.34
125.28,125.28
404.61456,More than Upper Bound 219.6825
200.34,200.34
561.96,More than Upper Bound 219.6825
76.0116,76.0116
532.8,More than Upper Bound 219.6825
-0.08,-0.08
148.704,148.704
208.11,208.11
413.49,More than Upper Bound 219.6825
102.84,102.84
366.3,More than Upper Bound 219.6825
786.96,More than Upper Bound 219.6825
218.208,218.208
253.26,More than Upper Bound 219.6825
469.35,More than Upper Bound 219.6825
-411.328,Less Than Lower Bound -126.1455
56.358,56.358
-222.7698,Less Than Lower Bound -126.1455
145,145
0,0
270.72,More than Upper Bound 219.6825
142.254,142.254
87.84,87.84
59.493,59.493
-90.9045,-90.9045
-95.67,-95.67
534.213,More than Upper Bound 219.6825
444.297,More than Upper Bound 219.6825
-190.125,Less Than Lower Bound -126.1455
123.591,123.591
72.21,72.21
-127.077,Less Than Lower Bound -126.1455
-255.7425,Less Than Lower Bound -126.1455
-19.74,-19.74
-172.125,Less Than Lower Bound -126.1455
86.4,86.4
-165.4659,Less Than Lower Bound -126.1455
-209.296,Less Than Lower Bound -126.1455
-12.6,-12.6
213.66,213.66
-105.456,-105.456
616.95,More than Upper Bound 219.6825
580.05,More than Upper Bound 219.6825
94.8,94.8
-878.7684,Less Than Lower Bound -126.1455
109.089,109.089
212.17488,212.17488
197.772,197.772
421.0824,More than Upper Bound 219.6825
15.78,15.78
665.76,More than Upper Bound 219.6825
782.28,More than Upper Bound 219.6825
286.3836,More than Upper Bound 219.6825
521.16,More than Upper Bound 219.6825
-1065.372,Less Than Lower Bound -126.1455
44.46,44.46
204.7682,204.7682
-1306.5504,Less Than Lower Bound -126.1455
93.6,93.6
185.076,185.076
652.2,More than Upper Bound 219.6825
-414.18,Less Than Lower Bound -126.1455
51.42,51.42
140.396,140.396
75.5937,75.5937
163.38,163.38
-9.77508,-9.77508
128.31,128.31
156.96,156.96
160.1586,160.1586
180.74568,180.74568
113.94,113.94
762.594,More than Upper Bound 219.6825
226.05,More than Upper Bound 219.6825
-142.7556,Less Than Lower Bound -126.1455
-437.2728,Less Than Lower Bound -126.1455
867.027,More than Upper Bound 219.6825
96.21,96.21
162.88,162.88
43.68,43.68
-1842.096,Less Than Lower Bound -126.1455
892.2,More than Upper Bound 219.6825
82.8,82.8
472.836,More than Upper Bound 219.6825
422.51,More than Upper Bound 219.6825
322.62,More than Upper Bound 219.6825
93.32,93.32
227.097,More than Upper Bound 219.6825
337.26,More than Upper Bound 219.6825
78.84,78.84
291.6,More than Upper Bound 219.6825
38.925,38.925
145.5894,145.5894
-77.24556,-77.24556
64.44,64.44
-31.44,-31.44
-1864.095,Less Than Lower Bound -126.1455
133.36,133.36
179.64,179.64
125.64,125.64
110.412,110.412
-314.904,Less Than Lower Bound -126.1455
133.2,133.2
144.42,144.42
-6.549,-6.549
92.43,92.43
213.7044,213.7044
-312.375,Less Than Lower Bound -126.1455
71.58,71.58
53.7544,53.7544
113.9625,113.9625
165.2868,165.2868
168.63,168.63
86.76,86.76
0,0
206.685,206.685
41.4,41.4
-166.47,Less Than Lower Bound -126.1455
485.28,More than Upper Bound 219.6825
494.9725,More than Upper Bound 219.6825
608.244,More than Upper Bound 219.6825
118.17,118.17
-182.349,Less Than Lower Bound -126.1455
714.96,More than Upper Bound 219.6825
238.9779,More than Upper Bound 219.6825
-488.916,Less Than Lower Bound -126.1455
-340.98,Less Than Lower Bound -126.1455
45.36,45.36
28.32,28.32
449.88,More than Upper Bound 219.6825
-1109.55,Less Than Lower Bound -126.1455
206.301,206.301
328.779,More than Upper Bound 219.6825
-68.058,-68.058
262.39,More than Upper Bound 219.6825
533.04,More than Upper Bound 219.6825
587.1612,More than Upper Bound 219.6825
534.42,More than Upper Bound 219.6825
90,90
134.56,134.56
-166.152,Less Than Lower Bound -126.1455
194.427,194.427
79,79
252,More than Upper Bound 219.6825
143.52,143.52
93,93
-110.4003,-110.4003
242.112,More than Upper Bound 219.6825
88.485,88.485
149.148,149.148
433.26,More than Upper Bound 219.6825
297,More than Upper Bound 219.6825
36.93048,36.93048
-156.88,Less Than Lower Bound -126.1455
96.72,96.72
499.8,More than Upper Bound 219.6825
386.835,More than Upper Bound 219.6825
-19.2588,-19.2588
203.5644,203.5644
238.98,More than Upper Bound 219.6825
458.04,More than Upper Bound 219.6825
304.884,More than Upper Bound 219.6825
33.8517,33.8517
279.96,More than Upper Bound 219.6825
178.38,178.38
-786.1,Less Than Lower Bound -126.1455
139.2,139.2
540.72,More than Upper Bound 219.6825
32.22,32.22
116.76,116.76
89.997,89.997
-865.296,Less Than Lower Bound -126.1455
-1242.975,Less Than Lower Bound -126.1455
-1147.65,Less Than Lower Bound -126.1455
-10.128,-10.128
-275.634,Less Than Lower Bound -126.1455
-642.852,Less Than Lower Bound -126.1455
-289.836,Less Than Lower Bound -126.1455
219.186,219.186
-25.049,-25.049
608.55,More than Upper Bound 219.6825
132.06,132.06
153.36,153.36
58.08,58.08
433.44,More than Upper Bound 219.6825
482.685,More than Upper Bound 219.6825
287.56,More than Upper Bound 219.6825
-110.49,-110.49
522.48,More than Upper Bound 219.6825
-149.364,Less Than Lower Bound -126.1455
-241.2,Less Than Lower Bound -126.1455
55.896,55.896
-89.089,-89.089
80.1,80.1
29.94,29.94
-226.464,Less Than Lower Bound -126.1455
198.429,198.429
-191.84,Less Than Lower Bound -126.1455
268.38,More than Upper Bound 219.6825
-980.544,Less Than Lower Bound -126.1455
224.4426,More than Upper Bound 219.6825
43.736,43.736
308.94836,More than Upper Bound 219.6825
0,0
-1293.792,Less Than Lower Bound -126.1455
595.3,More than Upper Bound 219.6825
-77.8464,-77.8464
230.85,More than Upper Bound 219.6825
496.32,More than Upper Bound 219.6825
179.7,179.7
86.529,86.529
0,0
383.931,More than Upper Bound 219.6825
728.28,More than Upper Bound 219.6825
1379.977,More than Upper Bound 219.6825
-1580.46,Less Than Lower Bound -126.1455
303.3408,More than Upper Bound 219.6825
130.2,130.2
352.296,More than Upper Bound 219.6825
432.645,More than Upper Bound 219.6825
119.0835,119.0835
356.61344,More than Upper Bound 219.6825
12.6,12.6
-297.864,Less Than Lower Bound -126.1455
371.7,More than Upper Bound 219.6825
526.0892,More than Upper Bound 219.6825
496.0725,More than Upper Bound 219.6825
167.04,167.04
15.57,15.57
343.65,More than Upper Bound 219.6825
70.32,70.32
-199.328,Less Than Lower Bound -126.1455
98.676,98.676
-376.335,Less Than Lower Bound -126.1455
114.2478,114.2478
-692.9388,Less Than Lower Bound -126.1455
24.72,24.72
494.85,More than Upper Bound 219.6825
-3399.98,Less Than Lower Bound -126.1455
126.0558,126.0558
275.478,More than Upper Bound 219.6825
0,0
98.16,98.16
-200.08,Less Than Lower Bound -126.1455
346.32,More than Upper Bound 219.6825
143.088,143.088
1068.84,More than Upper Bound 219.6825
-43.4352,-43.4352
-437.5404,Less Than Lower Bound -126.1455
730.26,More than Upper Bound 219.6825
229.05,More than Upper Bound 219.6825
-0.081,-0.081
512.4,More than Upper Bound 219.6825
-609.6438,Less Than Lower Bound -126.1455
37.05,37.05
0,0
535.5,More than Upper Bound 219.6825
59.9922,59.9922
-35.52,-35.52
66.42,66.42
40.6,40.6
280.8,More than Upper Bound 219.6825
128.25,128.25
-435.24,Less Than Lower Bound -126.1455
-678.276,Less Than Lower Bound -126.1455
198.54,198.54
549.54,More than Upper Bound 219.6825
155,155
359.64,More than Upper Bound 219.6825
-63.3765,-63.3765
-94.3248,-94.3248
100.122,100.122
-114.99,-114.99
-775.376,Less Than Lower Bound -126.1455
152.418,152.418
60.291,60.291
-456.174,Less Than Lower Bound -126.1455
50.396,50.396
118.8,118.8
680.60136,More than Upper Bound 219.6825
121.2,121.2
338.46,More than Upper Bound 219.6825
146.76,146.76
151.62,151.62
249.48,More than Upper Bound 219.6825
143.9968,143.9968
18.396,18.396
118.38,118.38
-996.78,Less Than Lower Bound -126.1455
-220.419,Less Than Lower Bound -126.1455
561.564,More than Upper Bound 219.6825
323.946,More than Upper Bound 219.6825
157.698,157.698
544.4175,More than Upper Bound 219.6825
177.12,177.12
208.56,208.56
337.26,More than Upper Bound 219.6825
287.52,More than Upper Bound 219.6825
168.2928,168.2928
84,84
21.72,21.72
107.346,107.346
-296.136,Less Than Lower Bound -126.1455
60,60
452.76,More than Upper Bound 219.6825
56.352,56.352
164.4,164.4
246.72,More than Upper Bound 219.6825
184.08,184.08
231.216,More than Upper Bound 219.6825
103.8798,103.8798
-361.944,Less Than Lower Bound -126.1455
341.16,More than Upper Bound 219.6825
394.8,More than Upper Bound 219.6825
326.76,More than Upper Bound 219.6825
50.3988,50.3988
359.91,More than Upper Bound 219.6825
-95.994,-95.994
-31.843,-31.843
104.568,104.568
116.52,116.52
321,More than Upper Bound 219.6825
170.48,170.48
73.95,73.95
319.14,More than Upper Bound 219.6825
-31.491,-31.491
139.32,139.32
1018.98,More than Upper Bound 219.6825
200.8638,200.8638
213.36,213.36
571.95,More than Upper Bound 219.6825
310.95,More than Upper Bound 219.6825
49.216,49.216
214.29,214.29
-93.504,-93.504
50.12,50.12
770.352,More than Upper Bound 219.6825
113.505,113.505
-408.016,Less Than Lower Bound -126.1455
201.66,201.66
294.671,More than Upper Bound 219.6825
23.84,23.84
-26.376,-26.376
108.3,108.3
111.72,111.72
468.48,More than Upper Bound 219.6825
200.04,200.04
398.88,More than Upper Bound 219.6825
269.74304,More than Upper Bound 219.6825
-538.275,Less Than Lower Bound -126.1455
306.657,More than Upper Bound 219.6825
142.74,142.74
104.88,104.88
187.119,187.119
350.28,More than Upper Bound 219.6825
-108.3348,-108.3348
7.1196,7.1196
404.628,More than Upper Bound 219.6825
135.054,135.054
274.68,More than Upper Bound 219.6825
135.03,135.03
419.8185,More than Upper Bound 219.6825
539.925,More than Upper Bound 219.6825
-50.976,-50.976
623.4,More than Upper Bound 219.6825
115.74,115.74
223.9936,More than Upper Bound 219.6825
436.94,More than Upper Bound 219.6825
31.896,31.896
299.28,More than Upper Bound 219.6825
441.36,More than Upper Bound 219.6825
44.73,44.73
38.0864,38.0864
167.79,167.79
276.6,More than Upper Bound 219.6825
314.19,More than Upper Bound 219.6825
350.55,More than Upper Bound 219.6825
-424.56,Less Than Lower Bound -126.1455
228.96,More than Upper Bound 219.6825
84.45,84.45
239.49,More than Upper Bound 219.6825
75.8775,75.8775
82.728,82.728
-535.227,Less Than Lower Bound -126.1455
566.73,More than Upper Bound 219.6825
394.268,More than Upper Bound 219.6825
-57.435,-57.435
72.72,72.72
57.024,57.024
319.26,More than Upper Bound 219.6825
178.91,178.91
39.8646,39.8646
11.835,11.835
-653.2834,Less Than Lower Bound -126.1455
-30.888,-30.888
603.24,More than Upper Bound 219.6825
197.85,197.85
185.5,185.5
142.344,142.344
-615.192,Less Than Lower Bound -126.1455
314.8125,More than Upper Bound 219.6825
135.9315,135.9315
220.56,More than Upper Bound 219.6825
102.92952,102.92952
423.78,More than Upper Bound 219.6825
-57.951,-57.951
49.58,49.58
-81.927,-81.927
3.915,3.915
89.2224,89.2224
-419.076,Less Than Lower Bound -126.1455
339.8925,More than Upper Bound 219.6825
158.1,158.1
598.56,More than Upper Bound 219.6825
50.76,50.76
0,0
-81.664,-81.664
139.32,139.32
959.22,More than Upper Bound 219.6825
231.3,More than Upper Bound 219.6825
-421.74,Less Than Lower Bound -126.1455
240.99292,More than Upper Bound 219.6825
1127.49,More than Upper Bound 219.6825
-277.155,Less Than Lower Bound -126.1455
-471.024,Less Than Lower Bound -126.1455
192.6,192.6
242.78,More than Upper Bound 219.6825
34.2,34.2
171.81,171.81
-199.77,Less Than Lower Bound -126.1455
24.75,24.75
229.3018,More than Upper Bound 219.6825
-520.335,Less Than Lower Bound -126.1455
227.373,More than Upper Bound 219.6825
284.085,More than Upper Bound 219.6825
70.5564,70.5564
268.05,More than Upper Bound 219.6825
169.92,169.92
572.925,More than Upper Bound 219.6825
-358.488,Less Than Lower Bound -126.1455
73.95,73.95
-447.15,Less Than Lower Bound -126.1455
34.56,34.56
405.54,More than Upper Bound 219.6825
55.17,55.17
252.59,More than Upper Bound 219.6825
295.88,More than Upper Bound 219.6825
251.04,More than Upper Bound 219.6825
212.832,212.832
-472.5675,Less Than Lower Bound -126.1455
-34.11,-34.11
-111.4995,-111.4995
119.52,119.52
62.38584,62.38584
362.784,More than Upper Bound 219.6825
206.199,206.199
0,0
9.2664,9.2664
59.52,59.52
95.88,95.88
-364.08,Less Than Lower Bound -126.1455
95.76,95.76
-219.856,Less Than Lower Bound -126.1455
236.04,More than Upper Bound 219.6825
-8.475,-8.475
328.23,More than Upper Bound 219.6825
120.82,120.82
-18.54,-18.54
170.94,170.94
214.857,214.857
-430.728,Less Than Lower Bound -126.1455
70.728,70.728
-536.448,Less Than Lower Bound -126.1455
370.32,More than Upper Bound 219.6825
7.2,7.2
87.3,87.3
223.344,More than Upper Bound 219.6825
-36.432,-36.432
86.202,86.202
-250.396,Less Than Lower Bound -126.1455
321.24,More than Upper Bound 219.6825
431.82,More than Upper Bound 219.6825
-32.712,-32.712
-525.6405,Less Than Lower Bound -126.1455
4.48,4.48
-127.215,Less Than Lower Bound -126.1455
78.78,78.78
-646.0974,Less Than Lower Bound -126.1455
64.8,64.8
184.08,184.08
-81.024,-81.024
856.98,More than Upper Bound 219.6825
874.167,More than Upper Bound 219.6825
72.408,72.408
385.776,More than Upper Bound 219.6825
293.4,More than Upper Bound 219.6825
-276.12,Less Than Lower Bound -126.1455
-0.064,-0.064
166.17,166.17
87.76,87.76
284.76,More than Upper Bound 219.6825
638.46,More than Upper Bound 219.6825
299.44,More than Upper Bound 219.6825
-163.5767,Less Than Lower Bound -126.1455
-205.608,Less Than Lower Bound -126.1455
659.98,More than Upper Bound 219.6825
177.6,177.6
486.045,More than Upper Bound 219.6825
166.104,166.104
177.7,177.7
145.08,145.08
45,45
-36.288,-36.288
-343.5975,Less Than Lower Bound -126.1455
95.3775,95.3775
121.99,121.99
364.23,More than Upper Bound 219.6825
134.73,134.73
192.024,192.024
100.196,100.196
488.1,More than Upper Bound 219.6825
-3.40592,-3.40592
406.56,More than Upper Bound 219.6825
98.85,98.85
204.66,204.66
-294.816,Less Than Lower Bound -126.1455
535.2,More than Upper Bound 219.6825
104.304,104.304
-80.55,-80.55
188.78508,188.78508
9.9,9.9
-8.4294,-8.4294
-480.2032,Less Than Lower Bound -126.1455
255.432,More than Upper Bound 219.6825
182.13,182.13
66.564,66.564
-153,Less Than Lower Bound -126.1455
33.18,33.18
-58.56,-58.56
609.84,More than Upper Bound 219.6825
164.88,164.88
-63.104,-63.104
375.7774,More than Upper Bound 219.6825
-169.637,Less Than Lower Bound -126.1455
164.3514,164.3514
248.04,More than Upper Bound 219.6825
190.134,190.134
57.96,57.96
61.452,61.452
48.24,48.24
101.958,101.958
106.6248,106.6248
276.99,More than Upper Bound 219.6825
-235.35,Less Than Lower Bound -126.1455
157.05,157.05
280.26,More than Upper Bound 219.6825
105.5136,105.5136
-5.22,-5.22
116.4,116.4
-44.94,-44.94
81.6,81.6
304.56,More than Upper Bound 219.6825
281.25,More than Upper Bound 219.6825
431.1,More than Upper Bound 219.6825
72,72
-62.4105,-62.4105
711,More than Upper Bound 219.6825
110.997,110.997
183.636,183.636
179.1,179.1
526.2,More than Upper Bound 219.6825
-1235.052,Less Than Lower Bound -126.1455
46.71,46.71
323.19,More than Upper Bound 219.6825
316.2,More than Upper Bound 219.6825
53.997,53.997
110.91,110.91
510.636,More than Upper Bound 219.6825
235.377,More than Upper Bound 219.6825
235.04,More than Upper Bound 219.6825
15.84,15.84
-2.1322,-2.1322
309.444,More than Upper Bound 219.6825
18.9,18.9
94.62,94.62
27.54,27.54
382.2,More than Upper Bound 219.6825
126.7194,126.7194
63,63
-411.48,Less Than Lower Bound -126.1455
23.58,23.58
225.264,More than Upper Bound 219.6825
255.234,More than Upper Bound 219.6825
635.495,More than Upper Bound 219.6825
364.44,More than Upper Bound 219.6825
204.82,204.82
371.04,More than Upper Bound 219.6825
-657.804,Less Than Lower Bound -126.1455
208.98,208.98
-544.77,Less Than Lower Bound -126.1455
-319.464,Less Than Lower Bound -126.1455
18.48,18.48
376.53,More than Upper Bound 219.6825
246.36,More than Upper Bound 219.6825
-106.47,-106.47
-71.232,-71.232
230.1,More than Upper Bound 219.6825
84.502,84.502
-39.5118,-39.5118
5.64,5.64
-495,Less Than Lower Bound -126.1455
33.3576,33.3576
258.12,More than Upper Bound 219.6825
8.19,8.19
-2.6997,-2.6997
113.848,113.848
21.27924,21.27924
503.316,More than Upper Bound 219.6825
69.7374,69.7374
188.1404,188.1404
302.7,More than Upper Bound 219.6825
277.53488,More than Upper Bound 219.6825
99.36,99.36
60.6,60.6
179.676,179.676
67.44,67.44
429.75,More than Upper Bound 219.6825
356.58,More than Upper Bound 219.6825
62.184,62.184
88.8,88.8
12.48,12.48
162.24,162.24
407.988,More than Upper Bound 219.6825
434.4,More than Upper Bound 219.6825
91.56,91.56
170.559,170.559
44.2425,44.2425
-331.38,Less Than Lower Bound -126.1455
96.48,96.48
33.18,33.18
215.592,215.592
196.35,196.35
-8.475,-8.475
576.375,More than Upper Bound 219.6825
277.74,More than Upper Bound 219.6825
185.04,185.04
-446.712,Less Than Lower Bound -126.1455
198.882,198.882
25.65,25.65
-32.436,-32.436
-435.168,Less Than Lower Bound -126.1455
182.82,182.82
-24.99,-24.99
288.96,More than Upper Bound 219.6825
512.4,More than Upper Bound 219.6825
-101.424,-101.424
-290.3022,Less Than Lower Bound -126.1455
308.7,More than Upper Bound 219.6825
187.3976,187.3976
-357.9,Less Than Lower Bound -126.1455
36.9,36.9
107.76,107.76
323.4,More than Upper Bound 219.6825
218.715,218.715
141.66,141.66
0,0
-720.372,Less Than Lower Bound -126.1455
17.44,17.44
420.72,More than Upper Bound 219.6825
26.4,26.4
68.04,68.04
55.896,55.896
264.77304,More than Upper Bound 219.6825
264.32,More than Upper Bound 219.6825
-438.984,Less Than Lower Bound -126.1455
-60.2805,-60.2805
119.34,119.34
0,0
122.3856,122.3856
-1150.83,Less Than Lower Bound -126.1455
93.1088,93.1088
43.08556,43.08556
114.6285,114.6285
332.288,More than Upper Bound 219.6825
-23.0352,-23.0352
-0.189,-0.189
189.18,189.18
54,54
0,0
390.8,More than Upper Bound 219.6825
168.744,168.744
-119.6712,-119.6712
64.56,64.56
249.84,More than Upper Bound 219.6825
-111.6225,-111.6225
91.17,91.17
111.3024,111.3024
102.4998,102.4998
16.98,16.98
-208.02,Less Than Lower Bound -126.1455
388.8,More than Upper Bound 219.6825
101.79,101.79
262.08,More than Upper Bound 219.6825
77.04,77.04
30,30
-29.2776,-29.2776
222.96,More than Upper Bound 219.6825
239.04,More than Upper Bound 219.6825
153.93,153.93
132.96,132.96
-0.036,-0.036
86.76,86.76
233.64,More than Upper Bound 219.6825
420.28,More than Upper Bound 219.6825
197.9208,197.9208
151.695,151.695
517.56,More than Upper Bound 219.6825
28.14,28.14
157.1292,157.1292
49.2723,49.2723
28.4364,28.4364
-10.026,-10.026
187.74,187.74
225.9,More than Upper Bound 219.6825
-16.176,-16.176
148.74,148.74
-76.748,-76.748
93.846,93.846
348.81,More than Upper Bound 219.6825
135.36,135.36
83.853,83.853
-232.5,Less Than Lower Bound -126.1455
-24.36264,-24.36264
70.74,70.74
143.97,143.97
335.64,More than Upper Bound 219.6825
238,More than Upper Bound 219.6825
49.35,49.35
247.062,More than Upper Bound 219.6825
-56.43,-56.43
43.857,43.857
499.8,More than Upper Bound 219.6825
119.76,119.76
-263.9967,Less Than Lower Bound -126.1455
-219.36,Less Than Lower Bound -126.1455
308.4975,More than Upper Bound 219.6825
108.36,108.36
311.994,More than Upper Bound 219.6825
113.64,113.64
-28.9568,-28.9568
226.3626,More than Upper Bound 219.6825
-225.504,Less Than Lower Bound -126.1455
-69.89,-69.89
52.308,52.308
266.35588,More than Upper Bound 219.6825
156.91056,156.91056
-10.7331,-10.7331
99.336,99.336
220.08,More than Upper Bound 219.6825
46.35,46.35
-107.68,-107.68
414.6,More than Upper Bound 219.6825
29.34,29.34
-234.846,Less Than Lower Bound -126.1455
224.028,More than Upper Bound 219.6825
257.712,More than Upper Bound 219.6825
-21.0686,-21.0686
293.4,More than Upper Bound 219.6825
1046.16,More than Upper Bound 219.6825
270.72,More than Upper Bound 219.6825
-1002.7836,Less Than Lower Bound -126.1455
132.64,132.64
317.16,More than Upper Bound 219.6825
314.2719,More than Upper Bound 219.6825
51.75,51.75
324,More than Upper Bound 219.6825
248.04,More than Upper Bound 219.6825
20.196,20.196
78.72,78.72
1906.485,More than Upper Bound 219.6825
12.6,12.6
176.04,176.04
-352.32,Less Than Lower Bound -126.1455
9.87,9.87
268.8039,More than Upper Bound 219.6825
128.4,128.4
154.23,154.23
2.718,2.718
-62.3862,-62.3862
-153.98,Less Than Lower Bound -126.1455
155.25,155.25
-887.04,Less Than Lower Bound -126.1455
45.9,45.9
-42.747,-42.747
258.15,More than Upper Bound 219.6825
252.9,More than Upper Bound 219.6825
164.565,164.565
136.08,136.08
285.72,More than Upper Bound 219.6825
340.56,More than Upper Bound 219.6825
349.56,More than Upper Bound 219.6825
407.1288,More than Upper Bound 219.6825
372.06,More than Upper Bound 219.6825
107.22,107.22
90.12,90.12
-299.8116,Less Than Lower Bound -126.1455
57.3106,57.3106
0,0
65.934,65.934
227.7,More than Upper Bound 219.6825
740.178,More than Upper Bound 219.6825
20.16,20.16
-68.1525,-68.1525
312.9,More than Upper Bound 219.6825
-257.604,Less Than Lower Bound -126.1455
238.236,More than Upper Bound 219.6825
101.28,101.28
254.56,More than Upper Bound 219.6825
72,72
658.668,More than Upper Bound 219.6825
-1.60736,-1.60736
311.7,More than Upper Bound 219.6825
320.715,More than Upper Bound 219.6825
167.979,167.979
94.56,94.56
131.2785,131.2785
-67.6704,-67.6704
625.8636,More than Upper Bound 219.6825
583.68,More than Upper Bound 219.6825
163.56,163.56
852.24,More than Upper Bound 219.6825
68.1,68.1
57.36,57.36
153.45,153.45
441.2884,More than Upper Bound 219.6825
36.171,36.171
-2380.35,Less Than Lower Bound -126.1455
96.72,96.72
42.747,42.747
117.1296,117.1296
582.232,More than Upper Bound 219.6825
-447.5947,Less Than Lower Bound -126.1455
89.94,89.94
-35.9058,-35.9058
-49.332,-49.332
-40.7116,-40.7116
593.7582,More than Upper Bound 219.6825
65.1,65.1
20.538,20.538
259.86,More than Upper Bound 219.6825
59.998,59.998
203.85,203.85
8.685,8.685
43.8486,43.8486
-41.52,-41.52
65.7,65.7
222.624,More than Upper Bound 219.6825
211.32,211.32
552.24,More than Upper Bound 219.6825
307.23,More than Upper Bound 219.6825
468.96,More than Upper Bound 219.6825
629.01,More than Upper Bound 219.6825
162.9,162.9
36.12,36.12
-25.68,-25.68
-24.2715,-24.2715
210.15,210.15
563.85,More than Upper Bound 219.6825
216.888,216.888
81.5949,81.5949
333.585,More than Upper Bound 219.6825
-172.287,Less Than Lower Bound -126.1455
208.26,208.26
99.16,99.16
57.26,57.26
39.54,39.54
260.58,More than Upper Bound 219.6825
405,More than Upper Bound 219.6825
14.76,14.76
232.0011,More than Upper Bound 219.6825
-82.8384,-82.8384
50.4,50.4
459.396,More than Upper Bound 219.6825
212.1876,212.1876
0,0
150.264,150.264
-26.7192,-26.7192
97.0137,97.0137
49.5,49.5
35.16,35.16
107.76,107.76
250.38,More than Upper Bound 219.6825
282.32,More than Upper Bound 219.6825
190.92,190.92
365.64,More than Upper Bound 219.6825
552.44,More than Upper Bound 219.6825
54.75,54.75
14.6,14.6
388.8128,More than Upper Bound 219.6825
251.88,More than Upper Bound 219.6825
631.296,More than Upper Bound 219.6825
128.592,128.592
73.5,73.5
87.3,87.3
49.28,49.28
379.428,More than Upper Bound 219.6825
-127.68,Less Than Lower Bound -126.1455
155.68,155.68
227.82,More than Upper Bound 219.6825
76.086,76.086
25.1979,25.1979
157.4875,157.4875
85.787,85.787
109.4856,109.4856
97.56,97.56
10.8248,10.8248
-8.0775,-8.0775
149.148,149.148
357.48,More than Upper Bound 219.6825
657.6,More than Upper Bound 219.6825
36.171,36.171
103.2,103.2
247.485,More than Upper Bound 219.6825
34.05,34.05
334.08,More than Upper Bound 219.6825
-260.121,Less Than Lower Bound -126.1455
398.16,More than Upper Bound 219.6825
69.03,69.03
118.9965,118.9965
235.04,More than Upper Bound 219.6825
45.504,45.504
112.725,112.725
357,More than Upper Bound 219.6825
-0.084,-0.084
382.632,More than Upper Bound 219.6825
395.544,More than Upper Bound 219.6825
5.22,5.22
-0.0405,-0.0405
488.4,More than Upper Bound 219.6825
-96.4704,-96.4704
222.72,More than Upper Bound 219.6825
79.86,79.86
-125.766,-125.766
8.604,8.604
220.48,More than Upper Bound 219.6825
650.28,More than Upper Bound 219.6825
91.14,91.14
199.92,199.92
80.843,80.843
266.4,More than Upper Bound 219.6825
227.205,More than Upper Bound 219.6825
459.06056,More than Upper Bound 219.6825
106.53,106.53
250.305,More than Upper Bound 219.6825
397.35,More than Upper Bound 219.6825
39.75,39.75
-71.8116,-71.8116
223.16,More than Upper Bound 219.6825
101.868,101.868
7.362,7.362
179.28,179.28
362.835,More than Upper Bound 219.6825
560.52,More than Upper Bound 219.6825
-41.334,-41.334
423.45,More than Upper Bound 219.6825
-1020.108,Less Than Lower Bound -126.1455
67.32,67.32
238.653,More than Upper Bound 219.6825
657.75,More than Upper Bound 219.6825
279.96,More than Upper Bound 219.6825
80.04,80.04
7.776,7.776
-137.664,Less Than Lower Bound -126.1455
-91.44,-91.44
-890.178,Less Than Lower Bound -126.1455
-34.9176,-34.9176
-259.3944,Less Than Lower Bound -126.1455
-301.8012,Less Than Lower Bound -126.1455
86.88,86.88
-31.491,-31.491
270.9474,More than Upper Bound 219.6825
-73.8192,-73.8192
7.38,7.38
280.92,More than Upper Bound 219.6825
116,116
87.264,87.264
11.34,11.34
56.7,56.7
161.16,161.16
228.84,More than Upper Bound 219.6825
145.887,145.887
84.42,84.42
213.24,213.24
83.4,83.4
158.529,158.529
365.64,More than Upper Bound 219.6825
9.72,9.72
-590.904,Less Than Lower Bound -126.1455
262.71,More than Upper Bound 219.6825
180,180
213.96,213.96
137.04,137.04
210.78,210.78
39.06,39.06
399.84,More than Upper Bound 219.6825
406.7154,More than Upper Bound 219.6825
138.78,138.78
-42.504,-42.504
-235.773,Less Than Lower Bound -126.1455
168.96,168.96
156.12,156.12
20.1,20.1
297.6435,More than Upper Bound 219.6825
300.78,More than Upper Bound 219.6825
25.245,25.245
0,0
139.56,139.56
79.68,79.68
-75.672,-75.672
135.24,135.24
42.84,42.84
35.01,35.01
202.30728,202.30728
572.55,More than Upper Bound 219.6825
59.22,59.22
303.48,More than Upper Bound 219.6825
0,0
702.75,More than Upper Bound 219.6825
-387.864,Less Than Lower Bound -126.1455
-59.8356,-59.8356
17.787,17.787
216.32,216.32
129.36,129.36
50.098,50.098
238.77,More than Upper Bound 219.6825
240.84,More than Upper Bound 219.6825
215.0304,215.0304
208.44,208.44
-690.3,Less Than Lower Bound -126.1455
168.79008,168.79008
-56.715,-56.715
-65.884,-65.884
57.6,57.6
69.636,69.636
263.04,More than Upper Bound 219.6825
197.16,197.16
-41.52,-41.52
27,27
8.28,8.28
525.6,More than Upper Bound 219.6825
217.224,217.224
78.96,78.96
226.8,More than Upper Bound 219.6825
199.8,199.8
114.75,114.75
-542.328,Less Than Lower Bound -126.1455
35.7,35.7
332.7,More than Upper Bound 219.6825
834.552,More than Upper Bound 219.6825
109.3365,109.3365
566.55264,More than Upper Bound 219.6825
183.36,183.36
301.98,More than Upper Bound 219.6825
8.28,8.28
-819.376,Less Than Lower Bound -126.1455
243.096,More than Upper Bound 219.6825
73.08,73.08
33,33
1130.346,More than Upper Bound 219.6825
-77.04,-77.04
215.73,215.73
17.58,17.58
287.982,More than Upper Bound 219.6825
51.1485,51.1485
-306.36,Less Than Lower Bound -126.1455
123.69,123.69
201.312,201.312
173.0316,173.0316
-133.668,Less Than Lower Bound -126.1455
218.2518,218.2518
-41.796,-41.796
462.35336,More than Upper Bound 219.6825
173.7408,173.7408
757.4112,More than Upper Bound 219.6825
43.44,43.44
-328.032,Less Than Lower Bound -126.1455
17.27328,17.27328
116.1,116.1
164.6316,164.6316
111.15,111.15
-362.556,Less Than Lower Bound -126.1455
292.8,More than Upper Bound 219.6825
193.14,193.14
-308.58,Less Than Lower Bound -126.1455
111.69,111.69
69.66,69.66
34.56,34.56
73.8,73.8
64.6272,64.6272
88.1804,88.1804
246.456,More than Upper Bound 219.6825
-160.2952,Less Than Lower Bound -126.1455
72,72
648.6,More than Upper Bound 219.6825
200.25,200.25
136.05,136.05
134.4,134.4
163.1898,163.1898
10.5,10.5
-264.84912,Less Than Lower Bound -126.1455
330.048,More than Upper Bound 219.6825
-62.7725,-62.7725
182.28,182.28
61.62,61.62
83.88,83.88
71.772,71.772
50.396,50.396
264.66,More than Upper Bound 219.6825
235.8,More than Upper Bound 219.6825
-643.71,Less Than Lower Bound -126.1455
214.74,214.74
315.99,More than Upper Bound 219.6825
-255.96,Less Than Lower Bound -126.1455
77.748,77.748
-0.009,-0.009
-416.52,Less Than Lower Bound -126.1455
-75.5958,-75.5958
-5.524,-5.524
119,119
-216.384,Less Than Lower Bound -126.1455
585.6,More than Upper Bound 219.6825
-227.88,Less Than Lower Bound -126.1455
-172.7328,Less Than Lower Bound -126.1455
-150.732,Less Than Lower Bound -126.1455
107.802,107.802
215.64,215.64
334.1142,More than Upper Bound 219.6825
-134.8956,Less Than Lower Bound -126.1455
36.36,36.36
229.98,More than Upper Bound 219.6825
41.46,41.46
201.864,201.864
-140.724,Less Than Lower Bound -126.1455
633.22,More than Upper Bound 219.6825
29.54,29.54
129.06,129.06
-164.2672,Less Than Lower Bound -126.1455
-621.27,Less Than Lower Bound -126.1455
-1694.592,Less Than Lower Bound -126.1455
117.81,117.81
88.83,88.83
264.6,More than Upper Bound 219.6825
-701.352,Less Than Lower Bound -126.1455
12.24,12.24
309.444,More than Upper Bound 219.6825
-36.294,-36.294
613.836,More than Upper Bound 219.6825
31.2,31.2
4.2,4.2
150.92392,150.92392
-0.021,-0.021
171.12,171.12
220.65176,More than Upper Bound 219.6825
41.232,41.232
85.77,85.77
79.28,79.28
84.24,84.24
-152.82,Less Than Lower Bound -126.1455
90.84,90.84
71.99,71.99
646.38,More than Upper Bound 219.6825
395.58,More than Upper Bound 219.6825
406.56,More than Upper Bound 219.6825
393.4368,More than Upper Bound 219.6825
-337.2948,Less Than Lower Bound -126.1455
229.2,More than Upper Bound 219.6825
179.4,179.4
91.98,91.98
371.316,More than Upper Bound 219.6825
171.15,171.15
357.12,More than Upper Bound 219.6825
91.38,91.38
171.4185,171.4185
88.044,88.044
127.944,127.944
246.852,More than Upper Bound 219.6825
-109.9365,-109.9365
122.16,122.16
18.06,18.06
23.49,23.49
341.28,More than Upper Bound 219.6825
-37.83,-37.83
31.35,31.35
141.888,141.888
443.94,More than Upper Bound 219.6825
435.888,More than Upper Bound 219.6825
85.7746,85.7746
26.55,26.55
-96.255,-96.255
7.26,7.26
334.86,More than Upper Bound 219.6825
39.24,39.24
1114.512,More than Upper Bound 219.6825
357.18,More than Upper Bound 219.6825
279.07728,More than Upper Bound 219.6825
43.2,43.2
38.56,38.56
10.5,10.5
300.78,More than Upper Bound 219.6825
7.1864,7.1864
13.617,13.617
175.86,175.86
-813.393,Less Than Lower Bound -126.1455
124.485,124.485
-56.175,-56.175
97.65,97.65
31.5,31.5
187.92,187.92
36.42,36.42
-526.722,Less Than Lower Bound -126.1455
-337.806,Less Than Lower Bound -126.1455
159.39,159.39
203.58,203.58
183.12,183.12
320.94,More than Upper Bound 219.6825
332.88,More than Upper Bound 219.6825
73.08,73.08
51.4975,51.4975
404.64,More than Upper Bound 219.6825
-1576.824,Less Than Lower Bound -126.1455
228.48,More than Upper Bound 219.6825
167.94,167.94
132.47888,132.47888
152.388,152.388
178.5,178.5
-392.16,Less Than Lower Bound -126.1455
204.9,204.9
-832.665,Less Than Lower Bound -126.1455
-142.071,Less Than Lower Bound -126.1455
-0.216,-0.216
292.56,More than Upper Bound 219.6825
83.142,83.142
-503.744,Less Than Lower Bound -126.1455
303.48,More than Upper Bound 219.6825
277.74,More than Upper Bound 219.6825
113.235,113.235
34.30984,34.30984
1270.99,More than Upper Bound 219.6825
65.52,65.52
296.1,More than Upper Bound 219.6825
235.41,More than Upper Bound 219.6825
251.28,More than Upper Bound 219.6825
-42.696,-42.696
-979.65,Less Than Lower Bound -126.1455
-62.34,-62.34
44.88,44.88
68.04,68.04
17.16,17.16
719.85,More than Upper Bound 219.6825
405.72,More than Upper Bound 219.6825
51.42,51.42
70.08,70.08
183.36,183.36
141.792,141.792
150.39,150.39
322.32,More than Upper Bound 219.6825
290,More than Upper Bound 219.6825
26.04,26.04
41.88,41.88
2.874,2.874
19.89,19.89
269.7,More than Upper Bound 219.6825
-115.176,-115.176
305.76,More than Upper Bound 219.6825
189.438,189.438
340.41,More than Upper Bound 219.6825
279.36,More than Upper Bound 219.6825
144.816,144.816
-17.4588,-17.4588
31.5825,31.5825
280.2,More than Upper Bound 219.6825
340.83,More than Upper Bound 219.6825
60.48,60.48
124.005,124.005
315.072,More than Upper Bound 219.6825
45.294,45.294
184.4832,184.4832
523.68,More than Upper Bound 219.6825
104.49,104.49
97.38,97.38
12.0756,12.0756
643.9825,More than Upper Bound 219.6825
124.2,124.2
-185.5575,Less Than Lower Bound -126.1455
498.96,More than Upper Bound 219.6825
157.65,157.65
284.22,More than Upper Bound 219.6825
110.34,110.34
66.9546,66.9546
194.73,194.73
-313.875,Less Than Lower Bound -126.1455
30.3,30.3
235.9524,More than Upper Bound 219.6825
32.424,32.424
6.104,6.104
-7.29,-7.29
-34.11,-34.11
238,More than Upper Bound 219.6825
89.1,89.1
-411.498,Less Than Lower Bound -126.1455
24.786,24.786
202.77,202.77
413.25,More than Upper Bound 219.6825
305.31,More than Upper Bound 219.6825
143.55,143.55
-178.56,Less Than Lower Bound -126.1455
10.3473,10.3473
25.1808,25.1808
-83.145,-83.145
661.86,More than Upper Bound 219.6825
200.25,200.25
98.16256,98.16256
286.38,More than Upper Bound 219.6825
117.36,117.36
177.4206,177.4206
166.617,166.617
148.5106,148.5106
153.48,153.48
-743.274,Less Than Lower Bound -126.1455
35.37,35.37
583.68,More than Upper Bound 219.6825
130.7326,130.7326
434.9913,More than Upper Bound 219.6825
153.58,153.58
415.9896,More than Upper Bound 219.6825
416.7,More than Upper Bound 219.6825
72.3,72.3
-29.552,-29.552
-1030.722,Less Than Lower Bound -126.1455
266.4522,More than Upper Bound 219.6825
74.9985,74.9985
-204.3145,Less Than Lower Bound -126.1455
35.868,35.868
-42.129,-42.129
-115.4958,-115.4958
455.2,More than Upper Bound 219.6825
6.24,6.24
670.9,More than Upper Bound 219.6825
148.74,148.74
15.84,15.84
327.5818,More than Upper Bound 219.6825
77.04,77.04
162.54,162.54
183.995,183.995
85.86,85.86
135.84,135.84
338.34,More than Upper Bound 219.6825
473.76,More than Upper Bound 219.6825
-22.74,-22.74
403.47,More than Upper Bound 219.6825
364.26,More than Upper Bound 219.6825
329.4081,More than Upper Bound 219.6825
112.68,112.68
15.84,15.84
118.824,118.824
624.33,More than Upper Bound 219.6825
143.6288,143.6288
302.373,More than Upper Bound 219.6825
4.92,4.92
1073.44,More than Upper Bound 219.6825
280.26,More than Upper Bound 219.6825
125.3,125.3
395.88,More than Upper Bound 219.6825
0,0
211.5,211.5
47.52,47.52
254.28,More than Upper Bound 219.6825
7.2,7.2
99.348,99.348
17.44,17.44
31.4548,31.4548
-29.94,-29.94
293.16,More than Upper Bound 219.6825
-39.27,-39.27
8.556,8.556
102.78,102.78
280.92,More than Upper Bound 219.6825
100.9113,100.9113
-14.8704,-14.8704
-162.2296,Less Than Lower Bound -126.1455
371.52,More than Upper Bound 219.6825
6.24,6.24
329.28,More than Upper Bound 219.6825
144.48,144.48
43.4352,43.4352
0,0
228.3,More than Upper Bound 219.6825
153.6,153.6
100.88,100.88
462.48,More than Upper Bound 219.6825
332.9256,More than Upper Bound 219.6825
67.8036,67.8036
122.04,122.04
-92.6955,-92.6955
170.1,170.1
16.56,16.56
274.491,More than Upper Bound 219.6825
252.96,More than Upper Bound 219.6825
223.11,More than Upper Bound 219.6825
64.8,64.8
6.24,6.24
-115.3544,-115.3544
602.85,More than Upper Bound 219.6825
92.9832,92.9832
187.065,187.065
-38.664,-38.664
82.44,82.44
-223.02,Less Than Lower Bound -126.1455
-35.994,-35.994
75.628,75.628
101.64,101.64
87.35364,87.35364
-426.2808,Less Than Lower Bound -126.1455
-25.62,-25.62
190.4298,190.4298
-298.176,Less Than Lower Bound -126.1455
182.226,182.226
405.72,More than Upper Bound 219.6825
149.52,149.52
155,155
260.58,More than Upper Bound 219.6825
185.04,185.04
178.91,178.91
103.9992,103.9992
89.94,89.94
241.38,More than Upper Bound 219.6825
142.08,142.08
-23.556,-23.556
-100.2225,-100.2225
59.22,59.22
106.1242,106.1242
103.68,103.68
467.7,More than Upper Bound 219.6825
68.198,68.198
6.92,6.92
328.23,More than Upper Bound 219.6825
73.32,73.32
214.4675,214.4675
-50.098,-50.098
406.56,More than Upper Bound 219.6825
423.92,More than Upper Bound 219.6825
20.1558,20.1558
759.264,More than Upper Bound 219.6825
551.196,More than Upper Bound 219.6825
154.08,154.08
546.96,More than Upper Bound 219.6825
414.3,More than Upper Bound 219.6825
-119.052,-119.052
5.04,5.04
-41.202,-41.202
27,27
187.04,187.04
65.52,65.52
356.22,More than Upper Bound 219.6825
182.55,182.55
218.52,218.52
87.579,87.579
262.88,More than Upper Bound 219.6825
58.32,58.32
54.54,54.54
17.655,17.655
19.05,19.05
88.0125,88.0125
-334.704,Less Than Lower Bound -126.1455
136.665,136.665
57.5928,57.5928
105.84,105.84
16.74,16.74
47.6469,47.6469
11.984,11.984
231.6,More than Upper Bound 219.6825
-1195.2387,Less Than Lower Bound -126.1455
217.134,217.134
90.24,90.24
-650.2734,Less Than Lower Bound -126.1455
-199.5076,Less Than Lower Bound -126.1455
-89.0712,-89.0712
40.08,40.08
-133.362,Less Than Lower Bound -126.1455
-599.616,Less Than Lower Bound -126.1455
342,More than Upper Bound 219.6825
68.16,68.16
8.61,8.61
319.2,More than Upper Bound 219.6825
282.2092,More than Upper Bound 219.6825
460.2,More than Upper Bound 219.6825
138.84,138.84
270.48,More than Upper Bound 219.6825
228.72,More than Upper Bound 219.6825
135.9666,135.9666
5.28,5.28
234.645,More than Upper Bound 219.6825
-27.864,-27.864
194.73,194.73
-397.71,Less Than Lower Bound -126.1455
227.268,More than Upper Bound 219.6825
136.68,136.68
74.0925,74.0925
218.7,218.7
-20.376,-20.376
-210.864,Less Than Lower Bound -126.1455
34.758,34.758
124.16,124.16
206.688,206.688
102.96,102.96
245.7,More than Upper Bound 219.6825
5.04,5.04
219.69,More than Upper Bound 219.6825
22.6275,22.6275
-264.24,Less Than Lower Bound -126.1455
335.5912,More than Upper Bound 219.6825
-10.4601,-10.4601
0,0
7.52,7.52
527.68,More than Upper Bound 219.6825
0,0
-53.4789,-53.4789
232.65,More than Upper Bound 219.6825
94.0702,94.0702
441.12,More than Upper Bound 219.6825
152.64,152.64
992.16,More than Upper Bound 219.6825
225.6328,More than Upper Bound 219.6825
39.42,39.42
83.844,83.844
-63.0056,-63.0056
34.86,34.86
-1629.54,Less Than Lower Bound -126.1455
224.2674,More than Upper Bound 219.6825
367.464,More than Upper Bound 219.6825
64.74,64.74
130.08,130.08
118.8,118.8
39.672,39.672
182.28,182.28
-221.112,Less Than Lower Bound -126.1455
202.68,202.68
-598.6875,Less Than Lower Bound -126.1455
179.76,179.76
50.098,50.098
95.04,95.04
355.2,More than Upper Bound 219.6825
-124.74,-124.74
200.64,200.64
26.3571,26.3571
-227.4912,Less Than Lower Bound -126.1455
267.705,More than Upper Bound 219.6825
162.96,162.96
125.94,125.94
-95.994,-95.994
219.84,More than Upper Bound 219.6825
727.95,More than Upper Bound 219.6825
-140.196,Less Than Lower Bound -126.1455
-303.14,Less Than Lower Bound -126.1455
44.1,44.1
160.1766,160.1766
1428,More than Upper Bound 219.6825
89.94,89.94
33.156,33.156
-1094.34,Less Than Lower Bound -126.1455
394.62,More than Upper Bound 219.6825
76.32,76.32
330.72,More than Upper Bound 219.6825
173.922,173.922
126.324,126.324
56.7,56.7
69.8,69.8
48.96,48.96
-36.1764,-36.1764
211.5,211.5
427.4368,More than Upper Bound 219.6825
288.84,More than Upper Bound 219.6825
124.35,124.35
60,60
88.7332,88.7332
-81.3065,-81.3065
14.18616,14.18616
97.3791,97.3791
-245.112,Less Than Lower Bound -126.1455
232.8,More than Upper Bound 219.6825
488.595,More than Upper Bound 219.6825
261.24,More than Upper Bound 219.6825
171,171
58.23576,58.23576
205.344,205.344
-211.14,Less Than Lower Bound -126.1455
-158.102,Less Than Lower Bound -126.1455
368.07,More than Upper Bound 219.6825
138.87,138.87
680.60136,More than Upper Bound 219.6825
131.70208,131.70208
56.2744,56.2744
9.5448,9.5448
68.5965,68.5965
117.5508,117.5508
89.358,89.358
-61.677,-61.677
377.73,More than Upper Bound 219.6825
-21.2136,-21.2136
240.252,More than Upper Bound 219.6825
68.3568,68.3568
338.8,More than Upper Bound 219.6825
-54.588,-54.588
187.26,187.26
169.11,169.11
377.832,More than Upper Bound 219.6825
43.008,43.008
377.9622,More than Upper Bound 219.6825
-38.034,-38.034
178.56,178.56
45.42,45.42
62.04,62.04
282.42,More than Upper Bound 219.6825
-1869.876,Less Than Lower Bound -126.1455
81.36,81.36
179.1888,179.1888
-241.296,Less Than Lower Bound -126.1455
241.8,More than Upper Bound 219.6825
215.52,215.52
255.04,More than Upper Bound 219.6825
195.7204,195.7204
28.6182,28.6182
95.9904,95.9904
221.85,More than Upper Bound 219.6825
54.3,54.3
93.6,93.6
35.8176,35.8176
-248.052,Less Than Lower Bound -126.1455
-196.3197,Less Than Lower Bound -126.1455
66.084,66.084
77.16,77.16
244.2,More than Upper Bound 219.6825
296.1255,More than Upper Bound 219.6825
152.118,152.118
414.15,More than Upper Bound 219.6825
65.16,65.16
171,171
445.83,More than Upper Bound 219.6825
-125.504,-125.504
343.53,More than Upper Bound 219.6825
213.6888,213.6888
352.9,More than Upper Bound 219.6825
-34.83,-34.83
-890.178,Less Than Lower Bound -126.1455
27.3735,27.3735
121.24,121.24
51.942,51.942
65.31,65.31
211.5,211.5
-181.38,Less Than Lower Bound -126.1455
13.8,13.8
316.2,More than Upper Bound 219.6825
-103.32,-103.32
156.96,156.96
-41.7564,-41.7564
53.272,53.272
394.62,More than Upper Bound 219.6825
0,0
210.4942,210.4942
149.8956,149.8956
9.4296,9.4296
-104.95572,-104.95572
-113.652,-113.652
109.98,109.98
246.72,More than Upper Bound 219.6825
224.58,More than Upper Bound 219.6825
364.95,More than Upper Bound 219.6825
187.92,187.92
123.3,123.3
-2.1322,-2.1322
171.36,171.36
316.8825,More than Upper Bound 219.6825
102.9528,102.9528
135.96,135.96
17.424,17.424
45.36,45.36
145.35,145.35
30.48,30.48
152.25,152.25
87.309,87.309
107.16,107.16
148.224,148.224
178.74,178.74
-88.935,-88.935
60.4768,60.4768
77.955,77.955
43.2,43.2
436.77,More than Upper Bound 219.6825
-284.526,Less Than Lower Bound -126.1455
575.46,More than Upper Bound 219.6825
-430.617,Less Than Lower Bound -126.1455
43.2,43.2
273.48,More than Upper Bound 219.6825
158.16,158.16
275.904,More than Upper Bound 219.6825
-263.088,Less Than Lower Bound -126.1455
79.11,79.11
-65.0352,-65.0352
1415.4296,More than Upper Bound 219.6825
582,More than Upper Bound 219.6825
81.88,81.88
59.31,59.31
163.38,163.38
128.52,128.52
91.068,91.068
-59.292,-59.292
482.28,More than Upper Bound 219.6825
54.24,54.24
-22.698,-22.698
169.14,169.14
145.74,145.74
24.6,24.6
19.08,19.08
236.2325,More than Upper Bound 219.6825
17.64,17.64
69.894,69.894
191.1,191.1
120.96,120.96
214.4922,214.4922
52.9173,52.9173
19.5,19.5
47.5377,47.5377
131.76,131.76
5.4124,5.4124
14.25,14.25
291.6,More than Upper Bound 219.6825
-122.968,-122.968
68.236,68.236
-331.5,Less Than Lower Bound -126.1455
6.12,6.12
-103.41,-103.41
85.3092,85.3092
-96.1146,-96.1146
-34.749,-34.749
31.22,31.22
-81.441,-81.441
108.36,108.36
-540.168,Less Than Lower Bound -126.1455
283.005,More than Upper Bound 219.6825
49.3164,49.3164
-232.776,Less Than Lower Bound -126.1455
213.96,213.96
145.5,145.5
30.6,30.6
107.22,107.22
-147.8655,Less Than Lower Bound -126.1455
193.44,193.44
-752.13,Less Than Lower Bound -126.1455
-317.43,Less Than Lower Bound -126.1455
41.4,41.4
-45.9675,-45.9675
-93.912,-93.912
-13.5765,-13.5765
223.054,More than Upper Bound 219.6825
124.8048,124.8048
91.17,91.17
89.91,89.91
55.68,55.68
-259.605,Less Than Lower Bound -126.1455
511.08,More than Upper Bound 219.6825
-45.1044,-45.1044
-216.72,Less Than Lower Bound -126.1455
114.279,114.279
-114.3912,-114.3912
274.386,More than Upper Bound 219.6825
-165.768,Less Than Lower Bound -126.1455
74.76,74.76
59.7,59.7
202.398,202.398
290.96,More than Upper Bound 219.6825
5.28,5.28
107.46,107.46
-421.74,Less Than Lower Bound -126.1455
122.16,122.16
-103.9545,-103.9545
338.4492,More than Upper Bound 219.6825
13.71,13.71
61.3356,61.3356
580.5394,More than Upper Bound 219.6825
196.8,196.8
127.476,127.476
16.5,16.5
-21.96,-21.96
276.48,More than Upper Bound 219.6825
-373.3048,Less Than Lower Bound -126.1455
253.32,More than Upper Bound 219.6825
151.677,151.677
68.952,68.952
70.32,70.32
75.68,75.68
318.48,More than Upper Bound 219.6825
91.59,91.59
288.3,More than Upper Bound 219.6825
259.2,More than Upper Bound 219.6825
241.28,More than Upper Bound 219.6825
-58.8,-58.8
148.28472,148.28472
29.34,29.34
122.2,122.2
128.52,128.52
-201.825,Less Than Lower Bound -126.1455
299.016,More than Upper Bound 219.6825
243.42,More than Upper Bound 219.6825
-117.7512,-117.7512
192.42,192.42
-202.716,Less Than Lower Bound -126.1455
30.375,30.375
-553.6476,Less Than Lower Bound -126.1455
373.86,More than Upper Bound 219.6825
523.7052,More than Upper Bound 219.6825
318.3016,More than Upper Bound 219.6825
58.08,58.08
-15.9102,-15.9102
653.301,More than Upper Bound 219.6825
365.64,More than Upper Bound 219.6825
6.63,6.63
216.8244,216.8244
105.7,105.7
31.256,31.256
-0.105,-0.105
45.456,45.456
93.6,93.6
162.477,162.477
545.82,More than Upper Bound 219.6825
192.0348,192.0348
313.11,More than Upper Bound 219.6825
59.796,59.796
101.31984,101.31984
207.72,207.72
62.82,62.82
-74.112,-74.112
-889.92,Less Than Lower Bound -126.1455
208.6,208.6
460.608,More than Upper Bound 219.6825
29.097,29.097
700.65,More than Upper Bound 219.6825
46.44,46.44
14.76,14.76
240.5648,More than Upper Bound 219.6825
4.59,4.59
15.904,15.904
183.771,183.771
137.52,137.52
167.76,167.76
90.9,90.9
147.24384,147.24384
118.8,118.8
-601.74176,Less Than Lower Bound -126.1455
60.744,60.744
84.5982,84.5982
-59.58,-59.58
57.24,57.24
203.511,203.511
145,145
445.26,More than Upper Bound 219.6825
10.2,10.2
185.22,185.22
183.36,183.36
94.1256,94.1256
-137.529,Less Than Lower Bound -126.1455
75.735,75.735
122.04,122.04
10.134,10.134
70.146,70.146
171.3,171.3
102.0573,102.0573
244.6155,More than Upper Bound 219.6825
119.88,119.88
159.15,159.15
10.0665,10.0665
369.09,More than Upper Bound 219.6825
0,0
-127.2714,Less Than Lower Bound -126.1455
195.18,195.18
-227.52,Less Than Lower Bound -126.1455
35.9964,35.9964
63.6975,63.6975
110.7,110.7
225.24,More than Upper Bound 219.6825
-20.655,-20.655
71.991,71.991
-383.031,Less Than Lower Bound -126.1455
125.198,125.198
359.64,More than Upper Bound 219.6825
334.551,More than Upper Bound 219.6825
747.612,More than Upper Bound 219.6825
61.656,61.656
68.1192,68.1192
688.08,More than Upper Bound 219.6825
115.2,115.2
234.876,More than Upper Bound 219.6825
97.38,97.38
50.5632,50.5632
117.72,117.72
49.8645,49.8645
130.596,130.596
61.56,61.56
-134.9019,Less Than Lower Bound -126.1455
140.22,140.22
348.012,More than Upper Bound 219.6825
75.72,75.72
136.38,136.38
355.5,More than Upper Bound 219.6825
162.96,162.96
81.06,81.06
190.0158,190.0158
352.56,More than Upper Bound 219.6825
365.13,More than Upper Bound 219.6825
-443.5284,Less Than Lower Bound -126.1455
74.06,74.06
56.28,56.28
219.78,More than Upper Bound 219.6825
-277.38,Less Than Lower Bound -126.1455
118.6575,118.6575
37.797,37.797
-187.92,Less Than Lower Bound -126.1455
310.53316,More than Upper Bound 219.6825
28.44,28.44
82.8,82.8
20.4201,20.4201
148.8,148.8
60.1536,60.1536
159.21,159.21
297,More than Upper Bound 219.6825
133.65,133.65
70.196,70.196
16.368,16.368
58.5,58.5
244.6155,More than Upper Bound 219.6825
110.313,110.313
-495.24,Less Than Lower Bound -126.1455
443.82,More than Upper Bound 219.6825
431.82,More than Upper Bound 219.6825
404.67,More than Upper Bound 219.6825
44.022,44.022
109.98,109.98
-177.96,Less Than Lower Bound -126.1455
185.64,185.64
-18.354,-18.354
120.6,120.6
148.044,148.044
74.325,74.325
81.432,81.432
88.02,88.02
114.84,114.84
172.2,172.2
83.7,83.7
435.51,More than Upper Bound 219.6825
131.91,131.91
227.373,More than Upper Bound 219.6825
-106.002,-106.002
209.76,209.76
61.848,61.848
153.9,153.9
219.6,219.6
66.7152,66.7152
114.84,114.84
526.2,More than Upper Bound 219.6825
0,0
148.68,148.68
292.59,More than Upper Bound 219.6825
46.34,46.34
493.56,More than Upper Bound 219.6825
0,0
261.18,More than Upper Bound 219.6825
184.08,184.08
597.06,More than Upper Bound 219.6825
242.46432,More than Upper Bound 219.6825
-28.224,-28.224
149.64,149.64
118.2,118.2
242.64,More than Upper Bound 219.6825
-8.976,-8.976
101.6,101.6
232.5644,More than Upper Bound 219.6825
70.72496,70.72496
92.16,92.16
224.85,More than Upper Bound 219.6825
251.8911,More than Upper Bound 219.6825
17.4,17.4
-408.618,Less Than Lower Bound -126.1455
28.4102,28.4102
223.548,More than Upper Bound 219.6825
215.04,215.04
130.977,130.977
71.22,71.22
41.88,41.88
-278.3952,Less Than Lower Bound -126.1455
169.47,169.47
360.3,More than Upper Bound 219.6825
87.35364,87.35364
304.56,More than Upper Bound 219.6825
58.455,58.455
11.52,11.52
228.6,More than Upper Bound 219.6825
261.18,More than Upper Bound 219.6825
-577.32,Less Than Lower Bound -126.1455
196.38,196.38
246.24,More than Upper Bound 219.6825
-7.956,-7.956
-5.0098,-5.0098
12.66,12.66
13.6,13.6
86.88,86.88
86.994,86.994
-4.056,-4.056
6.58,6.58
158.1,158.1
59.31,59.31
654.72,More than Upper Bound 219.6825
104.412,104.412
20.7,20.7
115.5528,115.5528
72.975,72.975
195.57,195.57
556.974,More than Upper Bound 219.6825
8.16,8.16
147,147
310.9872,More than Upper Bound 219.6825
-211.224,Less Than Lower Bound -126.1455
291.6,More than Upper Bound 219.6825
-25.488,-25.488
-29.244,-29.244
87.72,87.72
240.8595,More than Upper Bound 219.6825
199.92,199.92
338.34,More than Upper Bound 219.6825
61.08,61.08
54.72,54.72
95.49,95.49
156.429,156.429
55.896,55.896
-12.288,-12.288
270.72,More than Upper Bound 219.6825
236.52,More than Upper Bound 219.6825
-151.7724,Less Than Lower Bound -126.1455
-253.8,Less Than Lower Bound -126.1455
68.13,68.13
-67.536,-67.536
451.2,More than Upper Bound 219.6825
95.586,95.586
47.94,47.94
46.5,46.5
-184.6875,Less Than Lower Bound -126.1455
459.396,More than Upper Bound 219.6825
68.772,68.772
123.6,123.6
49.4982,49.4982
20.37,20.37
-34.11,-34.11
129.84,129.84
-179.34,Less Than Lower Bound -126.1455
93.12,93.12
75,75
-168.54,Less Than Lower Bound -126.1455
-461.97,Less Than Lower Bound -126.1455
-6.98,-6.98
311.46,More than Upper Bound 219.6825
24.72,24.72
-419.3054,Less Than Lower Bound -126.1455
-39.6,-39.6
60.48,60.48
165.36,165.36
0,0
198.99,198.99
-56.996,-56.996
-26.88,-26.88
266.88,More than Upper Bound 219.6825
-39.62,-39.62
70.5,70.5
177.72,177.72
130.32,130.32
0,0
147.5,147.5
-0.063,-0.063
114.69,114.69
-10.5975,-10.5975
121.5,121.5
77.5764,77.5764
92.3692,92.3692
23.5764,23.5764
338.34,More than Upper Bound 219.6825
-183.603,Less Than Lower Bound -126.1455
372.48,More than Upper Bound 219.6825
212.76,212.76
-81.224,-81.224
-202.716,Less Than Lower Bound -126.1455
142.893,142.893
0,0
53.16,53.16
40.68,40.68
74.4,74.4
-29.1168,-29.1168
342.9,More than Upper Bound 219.6825
39.15,39.15
187.28,187.28
-10.0824,-10.0824
532.56,More than Upper Bound 219.6825
-308.85,Less Than Lower Bound -126.1455
218.22,218.22
12.48,12.48
408.24,More than Upper Bound 219.6825
-15.7176,-15.7176
-383.9904,Less Than Lower Bound -126.1455
19.0386,19.0386
337.8,More than Upper Bound 219.6825
335.88,More than Upper Bound 219.6825
170.28,170.28
151.83,151.83
34.08,34.08
-306.108,Less Than Lower Bound -126.1455
277.74,More than Upper Bound 219.6825
-3.978,-3.978
-204,Less Than Lower Bound -126.1455
294.48,More than Upper Bound 219.6825
134.88,134.88
101.868,101.868
327.96,More than Upper Bound 219.6825
17.44,17.44
347.175,More than Upper Bound 219.6825
224.96,More than Upper Bound 219.6825
88.74,88.74
5.88,5.88
335.52,More than Upper Bound 219.6825
113.4936,113.4936
45.36,45.36
-809.748,Less Than Lower Bound -126.1455
130.08,130.08
148.23,148.23
-316.17,Less Than Lower Bound -126.1455
297.648,More than Upper Bound 219.6825
178.11,178.11
-252.9585,Less Than Lower Bound -126.1455
-83.592,-83.592
323.82,More than Upper Bound 219.6825
64.8,64.8
400.86,More than Upper Bound 219.6825
19.59,19.59
29.9646,29.9646
106.26,106.26
222.74,More than Upper Bound 219.6825
123.69,123.69
-388.584,Less Than Lower Bound -126.1455
141.48,141.48
40.98,40.98
-224.84,Less Than Lower Bound -126.1455
2.94,2.94
284.22,More than Upper Bound 219.6825
94.08,94.08
103.14,103.14
60.27,60.27
0,0
-875.592,Less Than Lower Bound -126.1455
145.476,145.476
170.1,170.1
39.564,39.564
129.9974,129.9974
132.6244,132.6244
285.9896,More than Upper Bound 219.6825
51.09,51.09
-416.703,Less Than Lower Bound -126.1455
-327.105,Less Than Lower Bound -126.1455
128.694,128.694
179.82,179.82
-147.852,Less Than Lower Bound -126.1455
36.225,36.225
21.36,21.36
46.818,46.818
648.5624,More than Upper Bound 219.6825
191.214,191.214
192.39,192.39
119.88,119.88
298.536,More than Upper Bound 219.6825
18.54,18.54
118.2,118.2
-52.196,-52.196
-165.0742,Less Than Lower Bound -126.1455
-167.445,Less Than Lower Bound -126.1455
55.64,55.64
304.92,More than Upper Bound 219.6825
125.28,125.28
469.35,More than Upper Bound 219.6825
129.6,129.6
343.08,More than Upper Bound 219.6825
-269.145,Less Than Lower Bound -126.1455
46.7955,46.7955
90.3,90.3
47.76,47.76
-52.6582,-52.6582
-546.8175,Less Than Lower Bound -126.1455
-386.436,Less Than Lower Bound -126.1455
119.49,119.49
-7.956,-7.956
384.12,More than Upper Bound 219.6825
70.32,70.32
123.84,123.84
247.722,More than Upper Bound 219.6825
-3.5996,-3.5996
196.74024,196.74024
340.7,More than Upper Bound 219.6825
88.8,88.8
36.36,36.36
34.1784,34.1784
96.24,96.24
-51.645,-51.645
307.1448,More than Upper Bound 219.6825
5.352,5.352
38.64,38.64
-639.72,Less Than Lower Bound -126.1455
208.89,208.89
46.662,46.662
99.4,99.4
43.2,43.2
458.04,More than Upper Bound 219.6825
302.49,More than Upper Bound 219.6825
125.198,125.198
-81.224,-81.224
79.08,79.08
216.26,216.26
69.66,69.66
55.68,55.68
59.88,59.88
156.96,156.96
-50.712,-50.712
-31.491,-31.491
-74.088,-74.088
6.549,6.549
-65.88,-65.88
555.48,More than Upper Bound 219.6825
87.36,87.36
201.258,201.258
38.85,38.85
240.16,More than Upper Bound 219.6825
41.634,41.634
28.3479,28.3479
14.224,14.224
314.832,More than Upper Bound 219.6825
250.38,More than Upper Bound 219.6825
115.74,115.74
28.773,28.773
-20.7,-20.7
-24.6024,-24.6024
141.2775,141.2775
5.83112,5.83112
395.988,More than Upper Bound 219.6825
107.7216,107.7216
60.24,60.24
41.4,41.4
99.36,99.36
104.72,104.72
757.4112,More than Upper Bound 219.6825
30.06,30.06
64.35,64.35
-451.476,Less Than Lower Bound -126.1455
167.976,167.976
263.64,More than Upper Bound 219.6825
-91.878,-91.878
17.745,17.745
68.001,68.001
104.91,104.91
-24.858,-24.858
-41.202,-41.202
-30.245,-30.245
-551.936,Less Than Lower Bound -126.1455
244.2496,More than Upper Bound 219.6825
131.91612,131.91612
5.04,5.04
105.021,105.021
-0.324,-0.324
210.21,210.21
69.66,69.66
166.08,166.08
402.4305,More than Upper Bound 219.6825
66.42,66.42
176.04,176.04
163.8,163.8
258.6,More than Upper Bound 219.6825
82.0776,82.0776
0,0
-228.564,Less Than Lower Bound -126.1455
-48.108,-48.108
113.16,113.16
395.352,More than Upper Bound 219.6825
65.97,65.97
0,0
148.47,148.47
29.25,29.25
41.993,41.993
307.08,More than Upper Bound 219.6825
205.94556,205.94556
42.6,42.6
-786.744,Less Than Lower Bound -126.1455
275.66,More than Upper Bound 219.6825
21.96,21.96
232.8,More than Upper Bound 219.6825
128.4,128.4
36.09504,36.09504
95.28,95.28
121.65,121.65
5.103,5.103
77.8635,77.8635
117.6147,117.6147
-127.245,Less Than Lower Bound -126.1455
4.86,4.86
486.6,More than Upper Bound 219.6825
176.61,176.61
55.44,55.44
-9.828,-9.828
2.3997,2.3997
39.12,39.12
5.04,5.04
166.92,166.92
83.169,83.169
75.18,75.18
-69.975,-69.975
564.48,More than Upper Bound 219.6825
170.982,170.982
139.6476,139.6476
314.9895,More than Upper Bound 219.6825
125.85672,125.85672
139.3,139.3
39.384,39.384
-275.832,Less Than Lower Bound -126.1455
95.4,95.4
197.4,197.4
-16.428,-16.428
-123.998,-123.998
-205.188,Less Than Lower Bound -126.1455
131.48112,131.48112
128.25,128.25
230.76,More than Upper Bound 219.6825
5.22,5.22
0,0
-137.324,Less Than Lower Bound -126.1455
42.588,42.588
117.9,117.9
-261.28,Less Than Lower Bound -126.1455
28.7679,28.7679
10.2,10.2
146.52,146.52
-15.3,-15.3
-21.2085,-21.2085
32.121,32.121
-110.0232,-110.0232
-395.538,Less Than Lower Bound -126.1455
455.7,More than Upper Bound 219.6825
106.92,106.92
206.8893,206.8893
40.02,40.02
91.68,91.68
119.85,119.85
52.92,52.92
74.32,74.32
-132.228,Less Than Lower Bound -126.1455
-25.2956,-25.2956
-59.612,-59.612
47.028,47.028
35.5,35.5
95.7,95.7
74.5654,74.5654
322.32,More than Upper Bound 219.6825
99.696,99.696
136.5588,136.5588
-678.936,Less Than Lower Bound -126.1455
652.95,More than Upper Bound 219.6825
34.3548,34.3548
0,0
287.85,More than Upper Bound 219.6825
-110.0385,-110.0385
64.14,64.14
-14.616,-14.616
8.766,8.766
89.43,89.43
-1087.212,Less Than Lower Bound -126.1455
180.6,180.6
199.32,199.32
-942.9,Less Than Lower Bound -126.1455
305.94,More than Upper Bound 219.6825
82.728,82.728
239.49,More than Upper Bound 219.6825
11.52,11.52
58.5,58.5
-0.021,-0.021
164.94,164.94
255.76,More than Upper Bound 219.6825
98.46,98.46
234.36,More than Upper Bound 219.6825
35.04,35.04
-126.882,Less Than Lower Bound -126.1455
-74.4,-74.4
38.3572,38.3572
497.28,More than Upper Bound 219.6825
164.4,164.4
280.8,More than Upper Bound 219.6825
10.08,10.08
46.96,46.96
13.89,13.89
8.658,8.658
-197.8038,Less Than Lower Bound -126.1455
387.9,More than Upper Bound 219.6825
241.95,More than Upper Bound 219.6825
196.38,196.38
366.54,More than Upper Bound 219.6825
413.04,More than Upper Bound 219.6825
227.5,More than Upper Bound 219.6825
212.4,212.4
16.785,16.785
38.4975,38.4975
678.72,More than Upper Bound 219.6825
-96.7,-96.7
271.992,More than Upper Bound 219.6825
37.269,37.269
139.5702,139.5702
99.432,99.432
53.261,53.261
-3.752,-3.752
47.848,47.848
79.98,79.98
184.05,184.05
-8.136,-8.136
264.33,More than Upper Bound 219.6825
30.84,30.84
0,0
110.88,110.88
271.98,More than Upper Bound 219.6825
89.1,89.1
153.06,153.06
-62.208,-62.208
73.7,73.7
21.1428,21.1428
56.301,56.301
202.77,202.77
56.7,56.7
160.9139,160.9139
263.13,More than Upper Bound 219.6825
134.88,134.88
498.807,More than Upper Bound 219.6825
176,176
83.736,83.736
190.98,190.98
385.38,More than Upper Bound 219.6825
-119.1918,-119.1918
141.16,141.16
-65.703,-65.703
41.28,41.28
117.54,117.54
249.39,More than Upper Bound 219.6825
68.256,68.256
-56.172,-56.172
-25.764,-25.764
104.88,104.88
-113.94,-113.94
231,More than Upper Bound 219.6825
-46.332,-46.332
411,More than Upper Bound 219.6825
-271.56,Less Than Lower Bound -126.1455
70.92,70.92
-244.944,Less Than Lower Bound -126.1455
146.28,146.28
-418.32,Less Than Lower Bound -126.1455
101.592,101.592
100.92,100.92
274.04,More than Upper Bound 219.6825
565.38,More than Upper Bound 219.6825
231.66,More than Upper Bound 219.6825
-376.82,Less Than Lower Bound -126.1455
197.772,197.772
-135.765,Less Than Lower Bound -126.1455
87.06,87.06
-22.149,-22.149
45.15,45.15
144.7479,144.7479
5.28,5.28
408.75,More than Upper Bound 219.6825
147.5625,147.5625
108.87,108.87
153.0819,153.0819
126.756,126.756
250.6,More than Upper Bound 219.6825
140.13,140.13
52.35,52.35
92.3936,92.3936
-30.429,-30.429
36.384,36.384
65.52,65.52
16,16
-445.44,Less Than Lower Bound -126.1455
734.13,More than Upper Bound 219.6825
274.04,More than Upper Bound 219.6825
33,33
433.41,More than Upper Bound 219.6825
-33.804,-33.804
-362.664,Less Than Lower Bound -126.1455
368.34,More than Upper Bound 219.6825
3.216,3.216
-84.66,-84.66
46.89,46.89
-231.84,Less Than Lower Bound -126.1455
104.7528,104.7528
287.092,More than Upper Bound 219.6825
125.37,125.37
-134.8956,Less Than Lower Bound -126.1455
211.887,211.887
16.02,16.02
173.5,173.5
181.62,181.62
45.69,45.69
32.4,32.4
74.8,74.8
-61.35,-61.35
93.48,93.48
101.64,101.64
215.73,215.73
114.24,114.24
68.88,68.88
70.5544,70.5544
221.76,More than Upper Bound 219.6825
186.24,186.24
115.275,115.275
35.25,35.25
101.28,101.28
-28.278,-28.278
66.6351,66.6351
76.8,76.8
-100.2225,-100.2225
117.6,117.6
88.803,88.803
30.42,30.42
-80.352,-80.352
-178.8468,Less Than Lower Bound -126.1455
244.86,More than Upper Bound 219.6825
111.1035,111.1035
592.2,More than Upper Bound 219.6825
-207.732,Less Than Lower Bound -126.1455
18.63,18.63
68.76,68.76
61.68,61.68
-154.952,Less Than Lower Bound -126.1455
309.78,More than Upper Bound 219.6825
381.96,More than Upper Bound 219.6825
30.33,30.33
47.52,47.52
40.02,40.02
-410.912,Less Than Lower Bound -126.1455
113.235,113.235
235.36584,More than Upper Bound 219.6825
100.5,100.5
316.8,More than Upper Bound 219.6825
-79.737,-79.737
28.44,28.44
73.08,73.08
-281.025,Less Than Lower Bound -126.1455
67.44,67.44
89.2224,89.2224
175.035,175.035
200.076,200.076
58.38,58.38
78.9412,78.9412
259.8896,More than Upper Bound 219.6825
20.955,20.955
-94.143,-94.143
-30.528,-30.528
38.43,38.43
77.472,77.472
376.35,More than Upper Bound 219.6825
-225.0976,Less Than Lower Bound -126.1455
-110.2905,-110.2905
630.96,More than Upper Bound 219.6825
106.9578,106.9578
204.48,204.48
56.352,56.352
194.16,194.16
45.08,45.08
-128.52,Less Than Lower Bound -126.1455
132.64,132.64
-219.48,Less Than Lower Bound -126.1455
350.28,More than Upper Bound 219.6825
53.997,53.997
247.722,More than Upper Bound 219.6825
601.9699,More than Upper Bound 219.6825
167.94,167.94
125.1432,125.1432
129.3,129.3
177,177
105.297,105.297
349.3392,More than Upper Bound 219.6825
514.62,More than Upper Bound 219.6825
152.64,152.64
423.78,More than Upper Bound 219.6825
8.28,8.28
238.04,More than Upper Bound 219.6825
-19.017,-19.017
211.2552,211.2552
215.5,215.5
61.692,61.692
47.495,47.495
291.6,More than Upper Bound 219.6825
110.46,110.46
-172.1172,Less Than Lower Bound -126.1455
15.48,15.48
144.99,144.99
178.74,178.74
-33.32,-33.32
19.92,19.92
-89.68,-89.68
106.48,106.48
166.08,166.08
48.4704,48.4704
-45.564,-45.564
33.96,33.96
29.964,29.964
160.44,160.44
185.76,185.76
-4.275,-4.275
343.836,More than Upper Bound 219.6825
-218.568,Less Than Lower Bound -126.1455
58.464,58.464
79.2,79.2
70.56,70.56
143.082,143.082
26.01,26.01
531.0672,More than Upper Bound 219.6825
197.352,197.352
-317.3535,Less Than Lower Bound -126.1455
132.9561,132.9561
124.929,124.929
-90.195,-90.195
46.32,46.32
109.53,109.53
228.48,More than Upper Bound 219.6825
-36.444,-36.444
51.4975,51.4975
29.34,29.34
84.39504,84.39504
167.04,167.04
35.04,35.04
52.5114,52.5114
109.92,109.92
-22.941,-22.941
198.72,198.72
-1.27248,-1.27248
58.23576,58.23576
91.62,91.62
225.84,More than Upper Bound 219.6825
124.11,124.11
216,216
6.304,6.304
8.92,8.92
20.1,20.1
164.97,164.97
-98.5545,-98.5545
296.85,More than Upper Bound 219.6825
112.86,112.86
113.859,113.859
-630.99,Less Than Lower Bound -126.1455
-498.42,Less Than Lower Bound -126.1455
-32.3673,-32.3673
20.472,20.472
-50.8308,-50.8308
20.58,20.58
131.92,131.92
59.46,59.46
-915.705,Less Than Lower Bound -126.1455
9.18,9.18
160.1562,160.1562
131.52,131.52
181.02,181.02
16.7034,16.7034
26.6,26.6
159.1,159.1
152.0232,152.0232
-14.766,-14.766
146.34,146.34
0,0
146.64,146.64
367.488,More than Upper Bound 219.6825
201.184,201.184
78.84,78.84
93.72,93.72
-214.0776,Less Than Lower Bound -126.1455
147.366,147.366
206.7648,206.7648
-57.048,-57.048
82.8,82.8
117.36,117.36
12.5762,12.5762
-364.86,Less Than Lower Bound -126.1455
11.082,11.082
135.36,135.36
178.05,178.05
112.47,112.47
141.03,141.03
17.7568,17.7568
274.04,More than Upper Bound 219.6825
16.2,16.2
-19.116,-19.116
-123.039,-123.039
12.28,12.28
218.7,218.7
-102.288,-102.288
146.16,146.16
227.178,More than Upper Bound 219.6825
75.258,75.258
843.1706,More than Upper Bound 219.6825
132.64,132.64
176.7864,176.7864
-63.168,-63.168
-298.41,Less Than Lower Bound -126.1455
35.1,35.1
14.64,14.64
157.4262,157.4262
20.16,20.16
91.8228,91.8228
8.58,8.58
38.25,38.25
64.68,64.68
333.80304,More than Upper Bound 219.6825
-633.42,Less Than Lower Bound -126.1455
68.25,68.25
8.25,8.25
190.08,190.08
249.9104,More than Upper Bound 219.6825
100.7916,100.7916
75.18,75.18
34.05,34.05
355.2,More than Upper Bound 219.6825
102.76,102.76
149.49,149.49
192.96,192.96
22.869,22.869
87.993,87.993
165.324,165.324
54.54,54.54
373.272,More than Upper Bound 219.6825
76.7904,76.7904
41.7852,41.7852
275.7,More than Upper Bound 219.6825
-225.24,Less Than Lower Bound -126.1455
89.88,89.88
250.65,More than Upper Bound 219.6825
-100.7944,-100.7944
0,0
8.72,8.72
119.76,119.76
229.2675,More than Upper Bound 219.6825
169.02,169.02
242.13,More than Upper Bound 219.6825
-164.72,Less Than Lower Bound -126.1455
-55.7298,-55.7298
-69.0669,-69.0669
120.9416,120.9416
-69.312,-69.312
95.64,95.64
101.742,101.742
45.585,45.585
208.62,208.62
-13.7568,-13.7568
208.65,208.65
-17.2725,-17.2725
369.27,More than Upper Bound 219.6825
117.984,117.984
-90.567,-90.567
99.48,99.48
353.22,More than Upper Bound 219.6825
65.3256,65.3256
43.692,43.692
91.38,91.38
58.311,58.311
343.35,More than Upper Bound 219.6825
9.1,9.1
34.05,34.05
243.72,More than Upper Bound 219.6825
140.4,140.4
-936.032,Less Than Lower Bound -126.1455
89.5888,89.5888
30.87,30.87
99.372,99.372
-209.296,Less Than Lower Bound -126.1455
63.9,63.9
292.776,More than Upper Bound 219.6825
65.511,65.511
-771.18,Less Than Lower Bound -126.1455
246.72,More than Upper Bound 219.6825
308.928,More than Upper Bound 219.6825
372.3,More than Upper Bound 219.6825
211.665,211.665
31.56,31.56
-66.12,-66.12
-1237.8462,Less Than Lower Bound -126.1455
47.6,47.6
118.209,118.209
56.22,56.22
198.15,198.15
279.36,More than Upper Bound 219.6825
-341.28,Less Than Lower Bound -126.1455
114.48,114.48
57.534,57.534
88.98,88.98
70.196,70.196
235.44,More than Upper Bound 219.6825
331.191,More than Upper Bound 219.6825
129.22,129.22
179.1,179.1
16.38,16.38
71.2476,71.2476
226.8,More than Upper Bound 219.6825
26.658,26.658
84.9,84.9
219.51,219.51
97.3026,97.3026
65.772,65.772
311.49,More than Upper Bound 219.6825
8.0325,8.0325
204.0714,204.0714
329.994,More than Upper Bound 219.6825
-10.6068,-10.6068
-631.296,Less Than Lower Bound -126.1455
215.46,215.46
170.5113,170.5113
163.787,163.787
137.264,137.264
-97.7394,-97.7394
239.976,More than Upper Bound 219.6825
468.96,More than Upper Bound 219.6825
92.61,92.61
349.2,More than Upper Bound 219.6825
187.404,187.404
76.6395,76.6395
5.52,5.52
123.7691,123.7691
133.6,133.6
92.46,92.46
263.82,More than Upper Bound 219.6825
43.65,43.65
-0.0945,-0.0945
267.2,More than Upper Bound 219.6825
85.8,85.8
17.3,17.3
132.96,132.96
49.5,49.5
159.9,159.9
106.5,106.5
582.48,More than Upper Bound 219.6825
281.1,More than Upper Bound 219.6825
-36.126,-36.126
-36.795,-36.795
395.88,More than Upper Bound 219.6825
439.38,More than Upper Bound 219.6825
-48.5082,-48.5082
95.2,95.2
-78.228,-78.228
94.68,94.68
74.37,74.37
146.76,146.76
263.76,More than Upper Bound 219.6825
-97.4988,-97.4988
60.24,60.24
128.88,128.88
22.44,22.44
125.9972,125.9972
34.68,34.68
168.79008,168.79008
293.118,More than Upper Bound 219.6825
194.1156,194.1156
295.88,More than Upper Bound 219.6825
-200.44,Less Than Lower Bound -126.1455
49.923,49.923
73.32,73.32
206.316,206.316
256.92,More than Upper Bound 219.6825
-6.78,-6.78
-224.8749,Less Than Lower Bound -126.1455
456.588,More than Upper Bound 219.6825
104.16,104.16
43.68,43.68
-121.8735,-121.8735
-1.20552,-1.20552
195.9944,195.9944
-48.024,-48.024
130.24,130.24
77.04,77.04
29.4,29.4
250.02,More than Upper Bound 219.6825
44.946,44.946
474,More than Upper Bound 219.6825
218.4705,218.4705
0,0
80.7315,80.7315
233.46,More than Upper Bound 219.6825
316.1392,More than Upper Bound 219.6825
55.912,55.912
90.9762,90.9762
40.65,40.65
300.076,More than Upper Bound 219.6825
80.676,80.676
53.694,53.694
41.634,41.634
-267.92,Less Than Lower Bound -126.1455
158.9,158.9
132.9,132.9
12.96,12.96
195.9944,195.9944
70.006,70.006
-25.2,-25.2
31.8675,31.8675
351.36,More than Upper Bound 219.6825
267.75,More than Upper Bound 219.6825
78.912,78.912
-33.45,-33.45
11.37,11.37
153,153
927.15,More than Upper Bound 219.6825
-12.6714,-12.6714
140.625,140.625
152.495,152.495
216.918,216.918
-11.3372,-11.3372
399.84,More than Upper Bound 219.6825
14.544,14.544
-162.04,Less Than Lower Bound -126.1455
-157.968,Less Than Lower Bound -126.1455
-48.4164,-48.4164
219.4104,219.4104
-211.728,Less Than Lower Bound -126.1455
53.16,53.16
-41.988,-41.988
39.6,39.6
441.2884,More than Upper Bound 219.6825
43.3188,43.3188
28.35,28.35
18.1176,18.1176
57.66,57.66
158.1,158.1
31.4532,31.4532
62.91432,62.91432
2.6251,2.6251
-145.5246,Less Than Lower Bound -126.1455
-217.048,Less Than Lower Bound -126.1455
-18.738,-18.738
37.38,37.38
429.75,More than Upper Bound 219.6825
230.3808,More than Upper Bound 219.6825
6.24,6.24
-381.465,Less Than Lower Bound -126.1455
375.9428,More than Upper Bound 219.6825
356.61344,More than Upper Bound 219.6825
165.48,165.48
49.98,49.98
205.5,205.5
4.1787,4.1787
-178.908,Less Than Lower Bound -126.1455
105.96,105.96
-165.984,Less Than Lower Bound -126.1455
-231.4116,Less Than Lower Bound -126.1455
-1020.312,Less Than Lower Bound -126.1455
30.66,30.66
295.11,More than Upper Bound 219.6825
-122.877,-122.877
-47.2542,-47.2542
40.3,40.3
0,0
7.098,7.098
395.58,More than Upper Bound 219.6825
270.282,More than Upper Bound 219.6825
-6.744,-6.744
25.74,25.74
-248.2458,Less Than Lower Bound -126.1455
-1011.636,Less Than Lower Bound -126.1455
70.7259,70.7259
122.43,122.43
99.26,99.26
47.848,47.848
72.04,72.04
120.972,120.972
80.19,80.19
372.06,More than Upper Bound 219.6825
69.0018,69.0018
217.8,217.8
23.316,23.316
140.64,140.64
-0.063,-0.063
-105.795,-105.795
-90.567,-90.567
312.44976,More than Upper Bound 219.6825
105.195,105.195
261.18,More than Upper Bound 219.6825
81.9825,81.9825
-18.465,-18.465
0,0
109.008,109.008
63.72,63.72
218.82,218.82
34.422,34.422
80.58,80.58
27.72,27.72
25.62,25.62
123.42,123.42
123.3,123.3
88.044,88.044
112.32,112.32
95.04,95.04
185.94,185.94
-31.86,-31.86
-84.996,-84.996
69.09,69.09
-117.702,-117.702
-93.99,-93.99
23.70192,23.70192
-131.994,Less Than Lower Bound -126.1455
63.954,63.954
227.88,More than Upper Bound 219.6825
89.55,89.55
545.1884,More than Upper Bound 219.6825
420.21,More than Upper Bound 219.6825
16.5,16.5
68.64,68.64
28.86,28.86
43.65,43.65
-63.234,-63.234
100.5,100.5
175.314,175.314
166.617,166.617
98.4,98.4
47.46,47.46
278.56,More than Upper Bound 219.6825
110.96,110.96
65.12844,65.12844
21.12,21.12
153.09,153.09
-144.684,Less Than Lower Bound -126.1455
-394.572,Less Than Lower Bound -126.1455
-0.048,-0.048
399.36,More than Upper Bound 219.6825
109.3406,109.3406
-149.9058,Less Than Lower Bound -126.1455
35.16,35.16
12.87,12.87
219.4416,219.4416
281.52,More than Upper Bound 219.6825
-322.452,Less Than Lower Bound -126.1455
132.45,132.45
-233.2134,Less Than Lower Bound -126.1455
37.568,37.568
-0.105,-0.105
333.36,More than Upper Bound 219.6825
33.8517,33.8517
39.54,39.54
242.16,More than Upper Bound 219.6825
192.42,192.42
83.7096,83.7096
529.44,More than Upper Bound 219.6825
179.43,179.43
268.92,More than Upper Bound 219.6825
159.39,159.39
24.4768,24.4768
77.8644,77.8644
24.196,24.196
262.38,More than Upper Bound 219.6825
-17.055,-17.055
150.31096,150.31096
282.2092,More than Upper Bound 219.6825
219.5088,219.5088
288.75,More than Upper Bound 219.6825
163.818,163.818
-0.04,-0.04
219.52,219.52
286.731,More than Upper Bound 219.6825
215.76,215.76
29.16,29.16
52.493,52.493
12.48,12.48
144.42,144.42
-195.456,Less Than Lower Bound -126.1455
-28.356,-28.356
-132.624,Less Than Lower Bound -126.1455
397.2,More than Upper Bound 219.6825
58.44,58.44
234.876,More than Upper Bound 219.6825
-50.43,-50.43
-141.255,Less Than Lower Bound -126.1455
144,144
46.44,46.44
-210.384,Less Than Lower Bound -126.1455
51.8312,51.8312
64.428,64.428
-78.42,-78.42
65.025,65.025
-197.352,Less Than Lower Bound -126.1455
-916.71776,Less Than Lower Bound -126.1455
122.7015,122.7015
373.8,More than Upper Bound 219.6825
66.68,66.68
-38.2,-38.2
225.264,More than Upper Bound 219.6825
-264.9208,Less Than Lower Bound -126.1455
468.132,More than Upper Bound 219.6825
78.06,78.06
198.15144,198.15144
42.84,42.84
186.204,186.204
83.64,83.64
285.621,More than Upper Bound 219.6825
72.6,72.6
169.182,169.182
156.047,156.047
-125.2755,-125.2755
-68.392,-68.392
36.6,36.6
496.7865,More than Upper Bound 219.6825
-152.28,Less Than Lower Bound -126.1455
-165.48,Less Than Lower Bound -126.1455
23.904,23.904
200.43,200.43
-950.4,Less Than Lower Bound -126.1455
244.05,More than Upper Bound 219.6825
137.6,137.6
226.2,More than Upper Bound 219.6825
5.964,5.964
168.84,168.84
715.68,More than Upper Bound 219.6825
238.236,More than Upper Bound 219.6825
-250.82,Less Than Lower Bound -126.1455
38.22,38.22
95.6325,95.6325
-1.27248,-1.27248
14.098,14.098
0,0
89.91,89.91
-159.57,Less Than Lower Bound -126.1455
92.4,92.4
225.84,More than Upper Bound 219.6825
-297.48,Less Than Lower Bound -126.1455
26.4285,26.4285
62.1,62.1
52.7956,52.7956
-25.488,-25.488
-60.684,-60.684
156.338,156.338
75.18,75.18
24.426,24.426
-87.21,-87.21
96.24,96.24
271.332,More than Upper Bound 219.6825
189.39,189.39
-70.49,-70.49
148.2,148.2
-165.368,Less Than Lower Bound -126.1455
116.28,116.28
204.66,204.66
130.87,130.87
-786.17152,Less Than Lower Bound -126.1455
131.44,131.44
73.92,73.92
-162.192,Less Than Lower Bound -126.1455
181.992,181.992
440.7648,More than Upper Bound 219.6825
49.12,49.12
-127.372,Less Than Lower Bound -126.1455
22.47,22.47
290.0058,More than Upper Bound 219.6825
112.32,112.32
86.4,86.4
216.72,216.72
129.96,129.96
-170.61,Less Than Lower Bound -126.1455
110.16,110.16
214.32,214.32
62.01,62.01
-29.688,-29.688
390.977,More than Upper Bound 219.6825
17.766,17.766
160.56,160.56
222.588,More than Upper Bound 219.6825
133.44,133.44
34.359,34.359
25.875,25.875
164.8458,164.8458
168.4384,168.4384
-158.13,Less Than Lower Bound -126.1455
-306.012,Less Than Lower Bound -126.1455
79.2,79.2
-0.027,-0.027
270.72,More than Upper Bound 219.6825
-538.446,Less Than Lower Bound -126.1455
473.22,More than Upper Bound 219.6825
103.344,103.344
14.16,14.16
211.26,211.26
94.32,94.32
101.07,101.07
-122.784,-122.784
197.436,197.436
164.67,164.67
186.24,186.24
76.32,76.32
407.16,More than Upper Bound 219.6825
-152.448,Less Than Lower Bound -126.1455
136.62,136.62
157.8702,157.8702
78,78
100.8,100.8
-556.7,Less Than Lower Bound -126.1455
-1924.542,Less Than Lower Bound -126.1455
-63.06,-63.06
157.65,157.65
350.427,More than Upper Bound 219.6825
215.46,215.46
20.5176,20.5176
170.9316,170.9316
131.48112,131.48112
315.8118,More than Upper Bound 219.6825
237.24,More than Upper Bound 219.6825
36.96,36.96
61.08,61.08
263.04,More than Upper Bound 219.6825
164.7,164.7
51.7944,51.7944
23.2,23.2
46.8,46.8
78.851,78.851
63.9345,63.9345
156.234,156.234
182.1843,182.1843
-368.406,Less Than Lower Bound -126.1455
34.0704,34.0704
-444.528,Less Than Lower Bound -126.1455
-120.97376,-120.97376
63.36,63.36
194.76,194.76
161.72,161.72
61.716,61.716
113.6742,113.6742
-638.58,Less Than Lower Bound -126.1455
118.875,118.875
80.16,80.16
-149.6307,Less Than Lower Bound -126.1455
145.872,145.872
-814.464,Less Than Lower Bound -126.1455
-22.848,-22.848
436.77,More than Upper Bound 219.6825
138.12,138.12
221.5215,More than Upper Bound 219.6825
158.355,158.355
32.34,32.34
46.08,46.08
-162.01344,Less Than Lower Bound -126.1455
21.7176,21.7176
215.1198,215.1198
332.4,More than Upper Bound 219.6825
99.558,99.558
34.5,34.5
111.36,111.36
101.07,101.07
163.92,163.92
77.28,77.28
135.456,135.456
288.3,More than Upper Bound 219.6825
-169.728,Less Than Lower Bound -126.1455
282.516,More than Upper Bound 219.6825
19.98,19.98
15.99,15.99
167.94,167.94
71.22,71.22
91.152,91.152
253.7946,More than Upper Bound 219.6825
86.67,86.67
-89.352,-89.352
-28.5978,-28.5978
161.28,161.28
5.62,5.62
-176.67,Less Than Lower Bound -126.1455
30.51,30.51
297.4464,More than Upper Bound 219.6825
79.84,79.84
172.8,172.8
-35.124,-35.124
171.99,171.99
29.58,29.58
23.535,23.535
-51.6078,-51.6078
0,0
-727.752,Less Than Lower Bound -126.1455
73.32,73.32
170.235,170.235
-22.188,-22.188
100.92,100.92
252.963,More than Upper Bound 219.6825
829.3754,More than Upper Bound 219.6825
67.38,67.38
191.6586,191.6586
-0.045,-0.045
108.63,108.63
300.72,More than Upper Bound 219.6825
-1143.891,Less Than Lower Bound -126.1455
-36.94,-36.94
123.768,123.768
22.95,22.95
-305.55,Less Than Lower Bound -126.1455
90.7152,90.7152
17.379,17.379
69.66,69.66
-20.07,-20.07
176.1708,176.1708
203.28,203.28
220.68,More than Upper Bound 219.6825
213.12,213.12
-54.618,-54.618
-143.9175,Less Than Lower Bound -126.1455
205.845,205.845
30.03,30.03
61.2,61.2
149.769,149.769
7.56,7.56
57.06,57.06
-46.332,-46.332
47.46,47.46
275.7,More than Upper Bound 219.6825
-392.04,Less Than Lower Bound -126.1455
86.72664,86.72664
37.08,37.08
179.64,179.64
385.3752,More than Upper Bound 219.6825
22.48,22.48
186,186
114.7008,114.7008
200.49,200.49
42.1176,42.1176
64.44,64.44
-73.28088,-73.28088
419.13,More than Upper Bound 219.6825
75.6,75.6
-221.6325,Less Than Lower Bound -126.1455
87.76,87.76
302.175,More than Upper Bound 219.6825
-58.62,-58.62
80.7912,80.7912
43.1,43.1
186.24,186.24
430.92,More than Upper Bound 219.6825
180.54,180.54
41.993,41.993
36.54,36.54
107.1,107.1
-54.3204,-54.3204
106.56,106.56
372.6,More than Upper Bound 219.6825
-40.56,-40.56
556.38,More than Upper Bound 219.6825
280.59,More than Upper Bound 219.6825
-128.408,Less Than Lower Bound -126.1455
413.184,More than Upper Bound 219.6825
111.51112,111.51112
85.2475,85.2475
-83.8752,-83.8752
0,0
44.016,44.016
161.7,161.7
-443.296,Less Than Lower Bound -126.1455
105.42,105.42
-296.97,Less Than Lower Bound -126.1455
58.772,58.772
-210.624,Less Than Lower Bound -126.1455
-58.1,-58.1
146.88,146.88
132.48,132.48
-50.358,-50.358
-34.461,-34.461
113.998,113.998
27.99,27.99
107.985,107.985
80.88,80.88
265.05,More than Upper Bound 219.6825
475.23,More than Upper Bound 219.6825
215.865,215.865
217.224,217.224
63.686,63.686
111.591,111.591
115.275,115.275
4.23,4.23
117.12,117.12
185.52,185.52
168.4704,168.4704
51,51
-220.032,Less Than Lower Bound -126.1455
66.6344,66.6344
59.22,59.22
190.32,190.32
116.292,116.292
166.74,166.74
215.52,215.52
89.874,89.874
0,0
-11.61,-11.61
-224.01,Less Than Lower Bound -126.1455
-6.756,-6.756
94.44,94.44
211.5,211.5
114.24,114.24
-81.864,-81.864
288.015,More than Upper Bound 219.6825
264.825,More than Upper Bound 219.6825
118.16,118.16
-446.4,Less Than Lower Bound -126.1455
68.77272,68.77272
-179.488,Less Than Lower Bound -126.1455
87.255,87.255
21.816,21.816
-386.448,Less Than Lower Bound -126.1455
314.559,More than Upper Bound 219.6825
-7.4394,-7.4394
24.57,24.57
120.5328,120.5328
-125.552,-125.552
-13.542,-13.542
-79.524,-79.524
192.50144,192.50144
295.88,More than Upper Bound 219.6825
34.701,34.701
154.08,154.08
-20.82,-20.82
154.053,154.053
38.38,38.38
-112.6216,-112.6216
0,0
-24.5646,-24.5646
-5.976,-5.976
6.549,6.549
314.85,More than Upper Bound 219.6825
-0.048,-0.048
207.147,207.147
-459.18,Less Than Lower Bound -126.1455
289.98,More than Upper Bound 219.6825
215.9892,215.9892
-32.712,-32.712
-563.8032,Less Than Lower Bound -126.1455
109.107,109.107
12.48,12.48
76.4505,76.4505
274.86,More than Upper Bound 219.6825
9.7164,9.7164
-127.308,Less Than Lower Bound -126.1455
49.3,49.3
-210.24,Less Than Lower Bound -126.1455
22.6782,22.6782
20.436,20.436
0,0
349.3392,More than Upper Bound 219.6825
71.46,71.46
109.998,109.998
299.28,More than Upper Bound 219.6825
128.88,128.88
391.77,More than Upper Bound 219.6825
41.43,41.43
66.762,66.762
268.23,More than Upper Bound 219.6825
15.78,15.78
13.71,13.71
-56.996,-56.996
-457.245,Less Than Lower Bound -126.1455
64.14,64.14
51.084,51.084
212.28,212.28
37.05,37.05
84.24,84.24
40.86,40.86
126.72,126.72
70.08,70.08
124.68,124.68
29.495,29.495
270.6849,More than Upper Bound 219.6825
-89.7534,-89.7534
92.538,92.538
342.36,More than Upper Bound 219.6825
139.98,139.98
266.1,More than Upper Bound 219.6825
98.118,98.118
-186.16,Less Than Lower Bound -126.1455
-69.336,-69.336
-232.272,Less Than Lower Bound -126.1455
43.14,43.14
119.52,119.52
-209.76,Less Than Lower Bound -126.1455
108.24,108.24
-134.352,Less Than Lower Bound -126.1455
103.446,103.446
-435.918,Less Than Lower Bound -126.1455
234.36,More than Upper Bound 219.6825
171.3,171.3
220.836,More than Upper Bound 219.6825
389.79,More than Upper Bound 219.6825
203.28,203.28
137.52,137.52
263.1,More than Upper Bound 219.6825
-157.9383,Less Than Lower Bound -126.1455
201.6,201.6
249.7296,More than Upper Bound 219.6825
80.8182,80.8182
32.4342,32.4342
31.14,31.14
180.7659,180.7659
48.708,48.708
250.8,More than Upper Bound 219.6825
177.66,177.66
144.36,144.36
265.65,More than Upper Bound 219.6825
78,78
259.65,More than Upper Bound 219.6825
0,0
169.776,169.776
-167.04,Less Than Lower Bound -126.1455
217.71804,217.71804
16.88,16.88
109.62,109.62
88.182,88.182
180.92,180.92
64.92,64.92
265.6,More than Upper Bound 219.6825
100.656,100.656
67.8156,67.8156
303.48,More than Upper Bound 219.6825
182.34,182.34
218.22,218.22
123.84,123.84
-81.96,-81.96
126.99,126.99
-24.8176,-24.8176
-0.06,-0.06
178.54272,178.54272
417.4416,More than Upper Bound 219.6825
61.38,61.38
160.56,160.56
0,0
301.32,More than Upper Bound 219.6825
48.2058,48.2058
42.944,42.944
41.4,41.4
65.61,65.61
132.993,132.993
86.9841,86.9841
-506.25,Less Than Lower Bound -126.1455
97.8,97.8
215.16,215.16
184.95,184.95
165.348,165.348
99.06,99.06
102.48,102.48
304.92,More than Upper Bound 219.6825
-39.708,-39.708
74.8098,74.8098
101.7,101.7
0,0
13.23,13.23
2.94,2.94
26.52,26.52
-314.6814,Less Than Lower Bound -126.1455
179.7,179.7
148.491,148.491
247.86,More than Upper Bound 219.6825
160.47,160.47
60.356,60.356
-330.352,Less Than Lower Bound -126.1455
35.73,35.73
-93.66,-93.66
-146.265,Less Than Lower Bound -126.1455
-148.29488,Less Than Lower Bound -126.1455
235.44,More than Upper Bound 219.6825
194.85,194.85
-216.042,Less Than Lower Bound -126.1455
89.46,89.46
57.78,57.78
-15.3414,-15.3414
167.79,167.79
40.05,40.05
154.08,154.08
128.9742,128.9742
93.6988,93.6988
93.96,93.96
340.32,More than Upper Bound 219.6825
45.6,45.6
165.72,165.72
220.4853,More than Upper Bound 219.6825
67.32,67.32
-387.258,Less Than Lower Bound -126.1455
70.198,70.198
47.25,47.25
151.182,151.182
-116.9805,-116.9805
0,0
179.7,179.7
58.12,58.12
-69.3,-69.3
27.1764,27.1764
138.6,138.6
64.68168,64.68168
21.6,21.6
225.46644,More than Upper Bound 219.6825
-29.9178,-29.9178
23.58,23.58
412.32,More than Upper Bound 219.6825
23.3163,23.3163
42.48,42.48
121.1056,121.1056
297.12,More than Upper Bound 219.6825
264.87,More than Upper Bound 219.6825
-251.82,Less Than Lower Bound -126.1455
30.6,30.6
63.107,63.107
-173.358,Less Than Lower Bound -126.1455
117,117
-256.149,Less Than Lower Bound -126.1455
278.56,More than Upper Bound 219.6825
30.09,30.09
-207.68,Less Than Lower Bound -126.1455
66.72,66.72
211.74,211.74
26.52,26.52
48.118,48.118
44.64,44.64
-397.635,Less Than Lower Bound -126.1455
139.776,139.776
12.792,12.792
-13.3176,-13.3176
210.03,210.03
99.0896,99.0896
-88.752,-88.752
56.352,56.352
4.32,4.32
-7.70704,-7.70704
217.74,217.74
117.72,117.72
143.91,143.91
77,77
92.9,92.9
146.4036,146.4036
-59.4294,-59.4294
21.12,21.12
129.41264,129.41264
-8.5794,-8.5794
22.17012,22.17012
-76.3398,-76.3398
-181.265,Less Than Lower Bound -126.1455
64.08,64.08
5.235,5.235
-76.212,-76.212
55.089,55.089
-28.6362,-28.6362
227.82,More than Upper Bound 219.6825
-5.139,-5.139
174.6,174.6
368.16,More than Upper Bound 219.6825
370.278,More than Upper Bound 219.6825
61.6,61.6
147.8,147.8
-413.76,Less Than Lower Bound -126.1455
-135.32,Less Than Lower Bound -126.1455
-6.693,-6.693
680.4,More than Upper Bound 219.6825
203.28,203.28
40.23,40.23
251.202,More than Upper Bound 219.6825
-1557.99,Less Than Lower Bound -126.1455
108.072,108.072
-170.577,Less Than Lower Bound -126.1455
28.8396,28.8396
15.93,15.93
359.28,More than Upper Bound 219.6825
-84.576,-84.576
-7.956,-7.956
39.7944,39.7944
56.324,56.324
54.18,54.18
110.28,110.28
101.43,101.43
68.4,68.4
57.24,57.24
43.56,43.56
229.476,More than Upper Bound 219.6825
43.371,43.371
143.91,143.91
39.76,39.76
50.94,50.94
-0.042,-0.042
101.5674,101.5674
33.3,33.3
212.04,212.04
6.36,6.36
119.166,119.166
-80.7954,-80.7954
74.79,74.79
82.8,82.8
3.6216,3.6216
228.96,More than Upper Bound 219.6825
-191.88,Less Than Lower Bound -126.1455
84.96,84.96
31.5776,31.5776
148.671,148.671
-97.176,-97.176
-504.504,Less Than Lower Bound -126.1455
-80.025,-80.025
198.882,198.882
0,0
181.74,181.74
210.4936,210.4936
45.9,45.9
134.9955,134.9955
455.76,More than Upper Bound 219.6825
70.983,70.983
102.774,102.774
25.44,25.44
55.512,55.512
-55.908,-55.908
35.52,35.52
16.488,16.488
48.9942,48.9942
-6.78,-6.78
38.08,38.08
-702.36,Less Than Lower Bound -126.1455
10.95,10.95
134.88,134.88
102.3,102.3
173.3292,173.3292
-274.095,Less Than Lower Bound -126.1455
-26.001,-26.001
371.04,More than Upper Bound 219.6825
328.779,More than Upper Bound 219.6825
21.8106,21.8106
238.12,More than Upper Bound 219.6825
-193.05,Less Than Lower Bound -126.1455
121.932,121.932
269.661,More than Upper Bound 219.6825
13.32,13.32
37.98,37.98
-175.08,Less Than Lower Bound -126.1455
174.9825,174.9825
-107.3,-107.3
12.24,12.24
167.94,167.94
353.22,More than Upper Bound 219.6825
290.3016,More than Upper Bound 219.6825
101.07,101.07
73.6,73.6
-321.416,Less Than Lower Bound -126.1455
-78.84,-78.84
30.72,30.72
110.7,110.7
77.04,77.04
-330.736,Less Than Lower Bound -126.1455
74.28,74.28
67.608,67.608
20.37688,20.37688
5.28,5.28
331.191,More than Upper Bound 219.6825
98.1396,98.1396
17.844,17.844
184.17,184.17
-384.966,Less Than Lower Bound -126.1455
72.768,72.768
-50.904,-50.904
54.624,54.624
-189.75,Less Than Lower Bound -126.1455
275.85,More than Upper Bound 219.6825
294.5488,More than Upper Bound 219.6825
356.22,More than Upper Bound 219.6825
395.01,More than Upper Bound 219.6825
-65.835,-65.835
62.55,62.55
34.7916,34.7916
28.077,28.077
150.36,150.36
84.72,84.72
214.74,214.74
164.4,164.4
83.748,83.748
27.189,27.189
217.1,217.1
-124.824,-124.824
-1315.552,Less Than Lower Bound -126.1455
-429.41584,Less Than Lower Bound -126.1455
93.36,93.36
257.388,More than Upper Bound 219.6825
80.0226,80.0226
-427.68,Less Than Lower Bound -126.1455
71.4,71.4
231.24,More than Upper Bound 219.6825
262.2,More than Upper Bound 219.6825
-21.933,-21.933
43.92,43.92
157.74,157.74
-36.1812,-36.1812
43.2,43.2
41.5773,41.5773
-83.106,-83.106
167.5,167.5
406.38,More than Upper Bound 219.6825
-162.3,Less Than Lower Bound -126.1455
21,21
70.006,70.006
59.4816,59.4816
192.42,192.42
0,0
133.11,133.11
-61.134,-61.134
40.65,40.65
-30.024,-30.024
142.155,142.155
1151.4,More than Upper Bound 219.6825
55.14,55.14
-38.9475,-38.9475
-392.892,Less Than Lower Bound -126.1455
-88.784,-88.784
75.84,75.84
59.19,59.19
352.08,More than Upper Bound 219.6825
69.54,69.54
-155.004,Less Than Lower Bound -126.1455
153.72,153.72
-140.32,Less Than Lower Bound -126.1455
162.702,162.702
-97.356,-97.356
69.3,69.3
8.19,8.19
-0.072,-0.072
306.4894,More than Upper Bound 219.6825
-76.9536,-76.9536
98.886,98.886
-566.5625,Less Than Lower Bound -126.1455
-166.404,Less Than Lower Bound -126.1455
-456.936,Less Than Lower Bound -126.1455
150.084,150.084
60.9552,60.9552
213.852,213.852
110.1195,110.1195
93.6,93.6
44.82,44.82
45.3696,45.3696
80.38232,80.38232
134.82,134.82
-168.9558,Less Than Lower Bound -126.1455
55.63968,55.63968
9.28,9.28
91.32,91.32
-13.923,-13.923
45.24,45.24
-129.024,Less Than Lower Bound -126.1455
90.72,90.72
257.6,More than Upper Bound 219.6825
150.252,150.252
125.1432,125.1432
44.1,44.1
-12.744,-12.744
177.72,177.72
87.92,87.92
334.86,More than Upper Bound 219.6825
-245.064,Less Than Lower Bound -126.1455
61.6,61.6
78.672,78.672
163.6704,163.6704
99.44,99.44
421.2,More than Upper Bound 219.6825
182.26,182.26
132,132
12.348,12.348
35.52,35.52
216.95832,216.95832
227.28,More than Upper Bound 219.6825
44.1375,44.1375
33.9,33.9
291.36,More than Upper Bound 219.6825
261.819,More than Upper Bound 219.6825
173.52,173.52
46.8996,46.8996
34.11,34.11
70.533,70.533
205.8618,205.8618
266.25,More than Upper Bound 219.6825
84.51,84.51
152.67,152.67
36.48,36.48
266.868,More than Upper Bound 219.6825
0,0
252.24,More than Upper Bound 219.6825
133.992,133.992
89.46,89.46
148.845,148.845
3.276,3.276
61.3305,61.3305
-18.624,-18.624
166.1004,166.1004
15.8376,15.8376
19.4352,19.4352
41.46,41.46
72.66,72.66
52.7692,52.7692
190.26,190.26
82.8,82.8
-118.068,-118.068
187.797,187.797
129,129
238.12,More than Upper Bound 219.6825
335.8548,More than Upper Bound 219.6825
87.12,87.12
-67.0725,-67.0725
201.6,201.6
28.704,28.704
-4.2588,-4.2588
84.63,84.63
196.5036,196.5036
222.72,More than Upper Bound 219.6825
84.15,84.15
-0.009,-0.009
149.9499,149.9499
186.66,186.66
309.4515,More than Upper Bound 219.6825
73.8,73.8
107.955,107.955
240.72,More than Upper Bound 219.6825
105.3,105.3
34.974,34.974
-2.652,-2.652
164.67,164.67
89.67,89.67
-152.7156,Less Than Lower Bound -126.1455
133.74,133.74
-209.208,Less Than Lower Bound -126.1455
-177.174,Less Than Lower Bound -126.1455
143.55,143.55
91.53136,91.53136
-67.8762,-67.8762
0,0
138.42,138.42
71.76,71.76
66.15,66.15
59.76,59.76
80.6316,80.6316
164.32,164.32
146.85,146.85
32.58,32.58
89.43,89.43
244.02,More than Upper Bound 219.6825
-315.168,Less Than Lower Bound -126.1455
25.488,25.488
91.88664,91.88664
16.2,16.2
18.8972,18.8972
30.24,30.24
-599.676,Less Than Lower Bound -126.1455
160.35,160.35
-195.4788,Less Than Lower Bound -126.1455
176.51536,176.51536
-3.24,-3.24
608.25,More than Upper Bound 219.6825
7.158,7.158
0,0
59.48,59.48
-351.405,Less Than Lower Bound -126.1455
71.421,71.421
0,0
479.88,More than Upper Bound 219.6825
0,0
-258.63,Less Than Lower Bound -126.1455
-335.44432,Less Than Lower Bound -126.1455
206.3727,206.3727
120.82,120.82
11.85096,11.85096
80.343,80.343
64.14,64.14
27.9,27.9
52.528,52.528
-264.215,Less Than Lower Bound -126.1455
88.725,88.725
119.85,119.85
-21.7176,-21.7176
58.16,58.16
23.76,23.76
20.766,20.766
86.3892,86.3892
0,0
139.98,139.98
338.76,More than Upper Bound 219.6825
449.991,More than Upper Bound 219.6825
-370.602,Less Than Lower Bound -126.1455
54.057,54.057
59.19,59.19
-443.07,Less Than Lower Bound -126.1455
135.054,135.054
12.8256,12.8256
77.22,77.22
191.31,191.31
22.96,22.96
76.74,76.74
-608.1,Less Than Lower Bound -126.1455
68.88,68.88
70.56,70.56
176.565,176.565
15.0384,15.0384
25.632,25.632
-654.696,Less Than Lower Bound -126.1455
16.59,16.59
164.08,164.08
-32.892,-32.892
56.85,56.85
260.034,More than Upper Bound 219.6825
59.19,59.19
17.427,17.427
121.4416,121.4416
157.44,157.44
-356.728,Less Than Lower Bound -126.1455
127.8,127.8
728.1,More than Upper Bound 219.6825
140.4,140.4
69.237,69.237
-114.492,-114.492
111.692,111.692
-75.856,-75.856
-16.575,-16.575
96.72,96.72
-101.124,-101.124
7.54368,7.54368
33.39,33.39
129.96,129.96
272.792,More than Upper Bound 219.6825
84.56,84.56
133.4,133.4
0,0
-306.36,Less Than Lower Bound -126.1455
41.9965,41.9965
196.9,196.9
-99.21,-99.21
50.94,50.94
40.5,40.5
-99.876,-99.876
29.16,29.16
-81.768,-81.768
177.5889,177.5889
293.16,More than Upper Bound 219.6825
-225.225,Less Than Lower Bound -126.1455
18.54,18.54
89.952,89.952
29.709,29.709
252.588,More than Upper Bound 219.6825
85.2,85.2
85.86,85.86
261.72,More than Upper Bound 219.6825
327.15,More than Upper Bound 219.6825
12.28,12.28
181.2,181.2
21,21
191.424,191.424
25.86,25.86
-29.07,-29.07
92.16,92.16
53.984,53.984
-73.272,-73.272
91.875,91.875
93.06,93.06
83.64,83.64
33.8,33.8
39.84,39.84
167.36,167.36
126.12,126.12
66.24,66.24
527.28,More than Upper Bound 219.6825
378.516,More than Upper Bound 219.6825
0,0
0,0
-98.646,-98.646
92.4,92.4
35.9976,35.9976
242.48,More than Upper Bound 219.6825
304.32,More than Upper Bound 219.6825
-274.68,Less Than Lower Bound -126.1455
93.6,93.6
-178.578,Less Than Lower Bound -126.1455
88.02,88.02
62.32788,62.32788
-47.328,-47.328
126.114,126.114
-15.435,-15.435
149.94,149.94
0,0
34.701,34.701
3.4196,3.4196
111.51112,111.51112
128.6805,128.6805
149.76,149.76
87.57,87.57
18.66,18.66
-316.02,Less Than Lower Bound -126.1455
316.368,More than Upper Bound 219.6825
0,0
799.35,More than Upper Bound 219.6825
160.623,160.623
257.9871,More than Upper Bound 219.6825
178.2,178.2
149.877,149.877
104.9508,104.9508
66.24,66.24
-30.294,-30.294
15.1188,15.1188
53.25,53.25
-110.9025,-110.9025
-1141.47,Less Than Lower Bound -126.1455
124.86,124.86
33.96,33.96
-94.333,-94.333
129.348,129.348
165.66,165.66
65.511,65.511
78.855,78.855
26.224,26.224
25.32,25.32
175.56,175.56
9.396,9.396
161.07,161.07
45.69,45.69
115.92,115.92
128.7,128.7
69.96,69.96
-204.4458,Less Than Lower Bound -126.1455
315.7404,More than Upper Bound 219.6825
134.9925,134.9925
8.7145,8.7145
97.8,97.8
231.3,More than Upper Bound 219.6825
147.348,147.348
16.8,16.8
232.11,More than Upper Bound 219.6825
13.62,13.62
27.82,27.82
-435.24,Less Than Lower Bound -126.1455
8.983,8.983
379.89,More than Upper Bound 219.6825
67.62,67.62
117.5,117.5
233.295,More than Upper Bound 219.6825
210.03,210.03
-42.4116,-42.4116
42,42
121.113,121.113
-62.853,-62.853
83.52,83.52
151.47,151.47
108.846,108.846
148.32,148.32
140.13,140.13
-52.932,-52.932
-31.326,-31.326
209.34,209.34
78.8592,78.8592
24.62032,24.62032
148.68,148.68
-142.83,Less Than Lower Bound -126.1455
41.9136,41.9136
-176.19,Less Than Lower Bound -126.1455
-114.19664,-114.19664
-4.3245,-4.3245
23.04,23.04
70.422,70.422
20.4,20.4
179.46,179.46
191.28,191.28
207.8856,207.8856
118.824,118.824
-18.0588,-18.0588
20.2485,20.2485
77.92,77.92
178.54272,178.54272
-15.417,-15.417
351.513,More than Upper Bound 219.6825
224.94,More than Upper Bound 219.6825
113.46,113.46
366.36,More than Upper Bound 219.6825
68.198,68.198
77.46,77.46
-98.5545,-98.5545
178.5,178.5
29.128,29.128
56.52,56.52
197.353,197.353
34.332,34.332
132.5922,132.5922
151.4064,151.4064
4.44,4.44
-10.536,-10.536
-71.82,-71.82
252.588,More than Upper Bound 219.6825
318.64032,More than Upper Bound 219.6825
0,0
117.0104,117.0104
-94.5084,-94.5084
28.965,28.965
-247.092,Less Than Lower Bound -126.1455
74.46,74.46
200.49,200.49
-21.948,-21.948
27.444,27.444
172.3384,172.3384
65.67,65.67
-15.41408,-15.41408
140.22,140.22
78.183,78.183
92.58,92.58
140.4,140.4
275.65992,More than Upper Bound 219.6825
413.982,More than Upper Bound 219.6825
89.979,89.979
32.649,32.649
7.56,7.56
231.588,More than Upper Bound 219.6825
23.924,23.924
286.56,More than Upper Bound 219.6825
162.96,162.96
-175.8708,Less Than Lower Bound -126.1455
-499.599,Less Than Lower Bound -126.1455
77.0931,77.0931
-66.96,-66.96
-9.093,-9.093
-304.392,Less Than Lower Bound -126.1455
70.08,70.08
1236.96,More than Upper Bound 219.6825
19.56,19.56
9.4788,9.4788
37.863,37.863
45.5,45.5
21.24,21.24
338.34,More than Upper Bound 219.6825
-534.744,Less Than Lower Bound -126.1455
30.78,30.78
335.76,More than Upper Bound 219.6825
-1.719,-1.719
188.4,188.4
47.598,47.598
278.37,More than Upper Bound 219.6825
52.64,52.64
0,0
49.4982,49.4982
6.9716,6.9716
36.72,36.72
-35.1225,-35.1225
-5.814,-5.814
161.82,161.82
-116.2596,-116.2596
225.396,More than Upper Bound 219.6825
-30.834,-30.834
118.8,118.8
20.6946,20.6946
-333.564,Less Than Lower Bound -126.1455
34.9965,34.9965
259.5297,More than Upper Bound 219.6825
-316.605,Less Than Lower Bound -126.1455
68.61968,68.61968
113.463,113.463
316.92,More than Upper Bound 219.6825
270.72,More than Upper Bound 219.6825
204.9,204.9
213.84,213.84
110.421,110.421
25.38,25.38
78.489,78.489
108.1752,108.1752
40.8,40.8
32.1966,32.1966
209.2,209.2
4.311,4.311
-353.4,Less Than Lower Bound -126.1455
281.016,More than Upper Bound 219.6825
105.3,105.3
-309.6,Less Than Lower Bound -126.1455
5.88,5.88
350.9082,More than Upper Bound 219.6825
20.76,20.76
-34.11,-34.11
97.965,97.965
-23.364,-23.364
483.93,More than Upper Bound 219.6825
24.846,24.846
74.88,74.88
-0.03,-0.03
251.4,More than Upper Bound 219.6825
178.8,178.8
-23.296,-23.296
25.38,25.38
144,144
416.52,More than Upper Bound 219.6825
25.242,25.242
76.707,76.707
57.72,57.72
92.88,92.88
101.8332,101.8332
-134.364,Less Than Lower Bound -126.1455
68.508,68.508
-1.27248,-1.27248
150.15,150.15
-122.496,-122.496
77.67,77.67
767.295,More than Upper Bound 219.6825
37.5,37.5
516.06,More than Upper Bound 219.6825
125.19,125.19
59.85,59.85
55.05,55.05
319.35,More than Upper Bound 219.6825
87.18,87.18
66,66
99.48,99.48
-57.2805,-57.2805
18.48,18.48
140.4,140.4
46.632,46.632
-459.405,Less Than Lower Bound -126.1455
-234.846,Less Than Lower Bound -126.1455
22.14,22.14
146.388,146.388
851.97,More than Upper Bound 219.6825
23.4,23.4
118.293,118.293
84.51,84.51
46.269,46.269
-257.14332,Less Than Lower Bound -126.1455
206.712,206.712
98.28,98.28
370.8,More than Upper Bound 219.6825
60.4752,60.4752
-69.258,-69.258
165.98184,165.98184
43.956,43.956
-76.53,-76.53
164.88,164.88
-3.6892,-3.6892
-160.708,Less Than Lower Bound -126.1455
290.97,More than Upper Bound 219.6825
56.973,56.973
-132.228,Less Than Lower Bound -126.1455
389.775,More than Upper Bound 219.6825
203.04,203.04
-471.69,Less Than Lower Bound -126.1455
137.688,137.688
-71.728,-71.728
14.67,14.67
76.9816,76.9816
218.4,218.4
139.4748,139.4748
-7.8588,-7.8588
48.7011,48.7011
-12.9122,-12.9122
101.7,101.7
-76.044,-76.044
14.31,14.31
148.491,148.491
-118.5,-118.5
77.4,77.4
176.088,176.088
-47.2542,-47.2542
70.56,70.56
38.7,38.7
277.7175,More than Upper Bound 219.6825
34.44,34.44
94.56,94.56
38.9975,38.9975
87.36,87.36
10.56,10.56
76.56,76.56
218.2,218.2
111.36,111.36
292.08,More than Upper Bound 219.6825
143.55,143.55
228.64,More than Upper Bound 219.6825
-48.45,-48.45
44.955,44.955
-0.12,-0.12
8.9994,8.9994
76.32,76.32
5.22,5.22
313.2,More than Upper Bound 219.6825
352.9,More than Upper Bound 219.6825
232.5644,More than Upper Bound 219.6825
107.6,107.6
-110.0385,-110.0385
66.3,66.3
618.96,More than Upper Bound 219.6825
-5.736,-5.736
141.1644,141.1644
174,174
68.7114,68.7114
-347.1174,Less Than Lower Bound -126.1455
92.97,92.97
46.02,46.02
291.36,More than Upper Bound 219.6825
82.494,82.494
110.43,110.43
-7.938,-7.938
27.12,27.12
17.91,17.91
79.62,79.62
-49.248,-49.248
-86.0586,-86.0586
12.2625,12.2625
169.68,169.68
-425.376,Less Than Lower Bound -126.1455
83.314,83.314
-120.636,-120.636
91.968,91.968
129.336,129.336
87.3504,87.3504
188.16,188.16
1068.84,More than Upper Bound 219.6825
-50.098,-50.098
197.31,197.31
51.3,51.3
152.7,152.7
-53.478,-53.478
-8.73,-8.73
647.595,More than Upper Bound 219.6825
-143.64,Less Than Lower Bound -126.1455
-101.124,-101.124
55.98,55.98
108.7408,108.7408
80.88,80.88
17.92,17.92
129.7725,129.7725
-199.125,Less Than Lower Bound -126.1455
-36.72,-36.72
-71.7105,-71.7105
228.36,More than Upper Bound 219.6825
15.99,15.99
309.78,More than Upper Bound 219.6825
13.2,13.2
13.89,13.89
84.184,84.184
154.392,154.392
-168.819,Less Than Lower Bound -126.1455
211.8,211.8
91.65,91.65
-33.2424,-33.2424
80.8182,80.8182
-195.456,Less Than Lower Bound -126.1455
-284.256,Less Than Lower Bound -126.1455
208.32,208.32
146.328,146.328
331.191,More than Upper Bound 219.6825
5.1294,5.1294
68.1192,68.1192
108.48,108.48
54.7425,54.7425
86.955,86.955
268.287,More than Upper Bound 219.6825
87.1911,87.1911
0,0
0,0
95.2,95.2
-635.652,Less Than Lower Bound -126.1455
99.432,99.432
40.44,40.44
169.05,169.05
-9.612,-9.612
0,0
5.52,5.52
100.989,100.989
97.44,97.44
56.46,56.46
105.3468,105.3468
274.995,More than Upper Bound 219.6825
104.67,104.67
291.6,More than Upper Bound 219.6825
146.34,146.34
167.82,167.82
509.01,More than Upper Bound 219.6825
151.35,151.35
3.4092,3.4092
-87.3418,-87.3418
380.88,More than Upper Bound 219.6825
24.608,24.608
-4088.376,Less Than Lower Bound -126.1455
79.6,79.6
137.34,137.34
71.37,71.37
55.08,55.08
122.64,122.64
131.0296,131.0296
30.573,30.573
-95.76,-95.76
70.92,70.92
56.6916,56.6916
-312.693,Less Than Lower Bound -126.1455
31.53,31.53
102.9528,102.9528
-535.296,Less Than Lower Bound -126.1455
142.08,142.08
216.72,216.72
52.62,52.62
-142.6437,Less Than Lower Bound -126.1455
45.45,45.45
-385.152,Less Than Lower Bound -126.1455
-0.0255,-0.0255
357.48,More than Upper Bound 219.6825
8.766,8.766
152.02,152.02
361.08,More than Upper Bound 219.6825
39.78,39.78
43.12,43.12
124.2,124.2
-57.54,-57.54
12.5325,12.5325
267.24,More than Upper Bound 219.6825
152.495,152.495
216.72,216.72
110.607,110.607
5.25,5.25
155.016,155.016
-836.568,Less Than Lower Bound -126.1455
4.8,4.8
23.7,23.7
-510.435,Less Than Lower Bound -126.1455
-256.1832,Less Than Lower Bound -126.1455
213.96,213.96
-21.24504,-21.24504
111.12,111.12
70.92,70.92
-55.431,-55.431
105.21,105.21
28.4106,28.4106
289.86,More than Upper Bound 219.6825
261.12,More than Upper Bound 219.6825
0,0
0,0
-39.834,-39.834
189.036,189.036
54.4008,54.4008
47.202,47.202
193.17,193.17
170.52,170.52
-35.064,-35.064
299.016,More than Upper Bound 219.6825
200.34,200.34
19.77,19.77
359.28,More than Upper Bound 219.6825
-71.025,-71.025
81,81
60.24,60.24
177.6825,177.6825
-300.735,Less Than Lower Bound -126.1455
111.5688,111.5688
77.7468,77.7468
106.72,106.72
111.73056,111.73056
24.7,24.7
146.2125,146.2125
-24.398,-24.398
205.17,205.17
21.96,21.96
332.88,More than Upper Bound 219.6825
-765.94,Less Than Lower Bound -126.1455
-30.392,-30.392
56.34,56.34
229.32,More than Upper Bound 219.6825
28.32,28.32
221.13,More than Upper Bound 219.6825
55.08,55.08
223.2855,More than Upper Bound 219.6825
33.282,33.282
14.772,14.772
11.34,11.34
45.7704,45.7704
87.7578,87.7578
24.843,24.843
2.8,2.8
-54.696,-54.696
136.26,136.26
105.84,105.84
84.045,84.045
19.998,19.998
40.44,40.44
-71.448,-71.448
3.12,3.12
233.52,More than Upper Bound 219.6825
34.362,34.362
22.6782,22.6782
86.58,86.58
164.04,164.04
-301.8012,Less Than Lower Bound -126.1455
59.7,59.7
2.52,2.52
109.7,109.7
-50.898,-50.898
-50.052,-50.052
94.806,94.806
-36.72,-36.72
9.12,9.12
-14.832,-14.832
60.96,60.96
64.62,64.62
-92.712,-92.712
280.152,More than Upper Bound 219.6825
192.69,192.69
-79.092,-79.092
151.52,151.52
44.88,44.88
44.94,44.94
37.784,37.784
77.58,77.58
165.324,165.324
81.744,81.744
117.432,117.432
-316.812,Less Than Lower Bound -126.1455
-167.04,Less Than Lower Bound -126.1455
43.73624,43.73624
165.795,165.795
6.804,6.804
41.25,41.25
-84.9615,-84.9615
156.96,156.96
91.68,91.68
-163.4516,Less Than Lower Bound -126.1455
156.12,156.12
132.72,132.72
-126.4816,Less Than Lower Bound -126.1455
474.96,More than Upper Bound 219.6825
28.4928,28.4928
65.88,65.88
23.76,23.76
225.848,More than Upper Bound 219.6825
-110.0232,-110.0232
-0.084,-0.084
257.424,More than Upper Bound 219.6825
113.91,113.91
674.772,More than Upper Bound 219.6825
19.524,19.524
220.987,More than Upper Bound 219.6825
68.607,68.607
18.756,18.756
-24.054,-24.054
283.95,More than Upper Bound 219.6825
148.995,148.995
45.42,45.42
96.804,96.804
-81.8544,-81.8544
24.3384,24.3384
13.3176,13.3176
51.24,51.24
-221.22,Less Than Lower Bound -126.1455
-149.9166,Less Than Lower Bound -126.1455
15.579,15.579
-121.23,-121.23
226.9644,More than Upper Bound 219.6825
91.7728,91.7728
59.84,59.84
-40.196,-40.196
121.88,121.88
-140.175,Less Than Lower Bound -126.1455
43.7136,43.7136
361.2,More than Upper Bound 219.6825
50.3658,50.3658
177.9765,177.9765
7.56,7.56
-78.354,-78.354
130.68,130.68
100.92,100.92
10.29,10.29
135.98,135.98
14.76,14.76
143.568,143.568
25.62,25.62
132.06,132.06
-24.768,-24.768
-57.18,-57.18
36.12,36.12
45.8064,45.8064
3.87,3.87
65.79,65.79
112.92,112.92
1435.56,More than Upper Bound 219.6825
-0.036,-0.036
121.14,121.14
223.236,More than Upper Bound 219.6825
117,117
163.68,163.68
331.236,More than Upper Bound 219.6825
258.6,More than Upper Bound 219.6825
176.4,176.4
127.3,127.3
471.6,More than Upper Bound 219.6825
-136.4895,Less Than Lower Bound -126.1455
5.5,5.5
41.55192,41.55192
162.702,162.702
69.84,69.84
41.1332,41.1332
-935.9595,Less Than Lower Bound -126.1455
101.64,101.64
365.13,More than Upper Bound 219.6825
383.22,More than Upper Bound 219.6825
25.032,25.032
133.2,133.2
23.5224,23.5224
41.118,41.118
25.74,25.74
140.6412,140.6412
296.0671,More than Upper Bound 219.6825
166.6,166.6
217.767,217.767
-70.944,-70.944
3.78,3.78
88.3932,88.3932
117.84,117.84
181.062,181.062
129.06,129.06
92.544,92.544
270.282,More than Upper Bound 219.6825
-79.764,-79.764
6.96,6.96
118.44,118.44
-253.89,Less Than Lower Bound -126.1455
75.18,75.18
97.6,97.6
36.9502,36.9502
67.23,67.23
157.4685,157.4685
197.64,197.64
117.132,117.132
0,0
-89.7,-89.7
531.63,More than Upper Bound 219.6825
73.14,73.14
34.71,34.71
106.92,106.92
215.73,215.73
-0.042,-0.042
44.73,44.73
125.469,125.469
112.32,112.32
15.2388,15.2388
65.88,65.88
270.12,More than Upper Bound 219.6825
-177.66,Less Than Lower Bound -126.1455
36.63,36.63
57.24,57.24
-311.67,Less Than Lower Bound -126.1455
33.96,33.96
-149.559,Less Than Lower Bound -126.1455
19.08,19.08
70.32,70.32
87.2,87.2
135.36,135.36
-2.79,-2.79
67.608,67.608
317.7872,More than Upper Bound 219.6825
120.36,120.36
252.6,More than Upper Bound 219.6825
36.6,36.6
73.14,73.14
7.2111,7.2111
39.84,39.84
175.218,175.218
26.52,26.52
17.76,17.76
18.398,18.398
105.6,105.6
-21.24,-21.24
137.43,137.43
-28.671,-28.671
84.96,84.96
0,0
125.73,125.73
-126.48,Less Than Lower Bound -126.1455
3.3,3.3
26.88,26.88
81.6,81.6
25.3,25.3
44.6,44.6
173.52,173.52
48.28592,48.28592
40.02,40.02
-143.568,Less Than Lower Bound -126.1455
66.56,66.56
43.014,43.014
62.238,62.238
112.47,112.47
92.04,92.04
126.12,126.12
62.2,62.2
-209.7693,Less Than Lower Bound -126.1455
17.55,17.55
103.8015,103.8015
198.681,198.681
74.34,74.34
50.13,50.13
67.44,67.44
133.65,133.65
68.1,68.1
86.3856,86.3856
132.72,132.72
110.32,110.32
285.28,More than Upper Bound 219.6825
292.08,More than Upper Bound 219.6825
-109.344,-109.344
-458.1468,Less Than Lower Bound -126.1455
266.1262,More than Upper Bound 219.6825
-11.784,-11.784
49.5,49.5
0,0
44.73,44.73
32.48,32.48
10.8,10.8
-137.976,Less Than Lower Bound -126.1455
112.92,112.92
153.12,153.12
-130.968,Less Than Lower Bound -126.1455
235.04,More than Upper Bound 219.6825
40.53,40.53
242.112,More than Upper Bound 219.6825
91.08,91.08
76.92,76.92
20.96,20.96
76.8,76.8
29.25,29.25
23.1,23.1
-43.6725,-43.6725
7.05,7.05
0,0
121.95,121.95
178.901,178.901
23.52,23.52
59.22,59.22
-545.352,Less Than Lower Bound -126.1455
127.71,127.71
133.6,133.6
98.82,98.82
100.875,100.875
122.7,122.7
244.44,More than Upper Bound 219.6825
0,0
285.12,More than Upper Bound 219.6825
28.32,28.32
16.8,16.8
-16.426,-16.426
114.48,114.48
181.56,181.56
93.12,93.12
-169.344,Less Than Lower Bound -126.1455
291.24,More than Upper Bound 219.6825
46.02,46.02
140.1,140.1
-13.81,-13.81
34.98,34.98
-136.444,Less Than Lower Bound -126.1455
-92.475,-92.475
-16.104,-16.104
-150.4305,Less Than Lower Bound -126.1455
39.39,39.39
284.46,More than Upper Bound 219.6825
219.69,More than Upper Bound 219.6825
107.082,107.082
109.8,109.8
68.46,68.46
182,182
174.438,174.438
-59.916,-59.916
75.06,75.06
83.556,83.556
87.675,87.675
284.5,More than Upper Bound 219.6825
-51.78,-51.78
7.98,7.98
125.22,125.22
68.12,68.12
188.01,188.01
13.2,13.2
138.88,138.88
108.384,108.384
373.38,More than Upper Bound 219.6825
71.64,71.64
-96.8328,-96.8328
107.082,107.082
131.82,131.82
21.6,21.6
73.71,73.71
113.28,113.28
155.727,155.727
337.26,More than Upper Bound 219.6825
17.745,17.745
36.36,36.36
108.24,108.24
10.2465,10.2465
131.04,131.04
-24.9624,-24.9624
62.04,62.04
28.71,28.71
77.0352,77.0352
88.27096,88.27096
190.3728,190.3728
75.49,75.49
-173.3472,Less Than Lower Bound -126.1455
99.36,99.36
45.585,45.585
-112.9527,-112.9527
9.03,9.03
-32.712,-32.712
-118.884,-118.884
-35.744,-35.744
77.28,77.28
59.64,59.64
124.35,124.35
0,0
-306.216,Less Than Lower Bound -126.1455
240.294,More than Upper Bound 219.6825
99.6552,99.6552
-31.524,-31.524
186.9678,186.9678
85.23,85.23
183.45,183.45
15.936,15.936
49.2,49.2
62.93,62.93
228.0792,More than Upper Bound 219.6825
83.2508,83.2508
178.56,178.56
113.52,113.52
115.29,115.29
-74.79,-74.79
-52.74,-52.74
-172.275,Less Than Lower Bound -126.1455
17.3488,17.3488
73.02,73.02
132.54,132.54
38.7792,38.7792
233.8,More than Upper Bound 219.6825
156.228,156.228
-96.138,-96.138
-221.832,Less Than Lower Bound -126.1455
59.76,59.76
39.6,39.6
115.29,115.29
111.96,111.96
59.76,59.76
90.03,90.03
12.6,12.6
15.9,15.9
36.4776,36.4776
69.92,69.92
371.316,More than Upper Bound 219.6825
189.42,189.42
14.49,14.49
-192.1374,Less Than Lower Bound -126.1455
130.7581,130.7581
-95.823,-95.823
-193.9875,Less Than Lower Bound -126.1455
51.69,51.69
-163.056,Less Than Lower Bound -126.1455
81.92,81.92
44.28,44.28
149.337,149.337
195.57,195.57
291.36,More than Upper Bound 219.6825
126.324,126.324
227.25,More than Upper Bound 219.6825
6.462,6.462
83.4,83.4
224.28,More than Upper Bound 219.6825
106.74,106.74
61.95,61.95
180.96,180.96
-47.043,-47.043
0,0
0,0
70.56,70.56
-44.196,-44.196
-31.722,-31.722
-87.69936,-87.69936
95.712,95.712
76.05,76.05
29.1528,29.1528
-96.498,-96.498
-968.8833,Less Than Lower Bound -126.1455
44.88,44.88
-301.632,Less Than Lower Bound -126.1455
96.99,96.99
3.6588,3.6588
127.101,127.101
345.75,More than Upper Bound 219.6825
127.32,127.32
101.52,101.52
35.4,35.4
-65.709,-65.709
51.996,51.996
79.29568,79.29568
247.0272,More than Upper Bound 219.6825
-63.3765,-63.3765
-189.321,Less Than Lower Bound -126.1455
131.88,131.88
44.595,44.595
-229.08,Less Than Lower Bound -126.1455
193.32,193.32
33.5772,33.5772
-510.312,Less Than Lower Bound -126.1455
-236.412,Less Than Lower Bound -126.1455
-3.7224,-3.7224
-164.4,Less Than Lower Bound -126.1455
224.96,More than Upper Bound 219.6825
180.24,180.24
74.7,74.7
61.8,61.8
106.47,106.47
194.4,194.4
142.08,142.08
90.72,90.72
28.6,28.6
20.436,20.436
-58.596,-58.596
34.98,34.98
-79.605,-79.605
-82.2,-82.2
81.885,81.885
42.0714,42.0714
62.32788,62.32788
62.664,62.664
51.4764,51.4764
169.38,169.38
41.58,41.58
85.2765,85.2765
345.12,More than Upper Bound 219.6825
73.614,73.614
1.5444,1.5444
48.056,48.056
173.25,173.25
923.013,More than Upper Bound 219.6825
178.11,178.11
9.96,9.96
306.7,More than Upper Bound 219.6825
13.86,13.86
-73.0548,-73.0548
4.3902,4.3902
130.752,130.752
0,0
69.48,69.48
-66.408,-66.408
98.86,98.86
-241.956,Less Than Lower Bound -126.1455
210.594,210.594
-92.72,-92.72
156.06,156.06
75.5958,75.5958
327.24,More than Upper Bound 219.6825
305.13,More than Upper Bound 219.6825
44.28,44.28
-213.495,Less Than Lower Bound -126.1455
195.57,195.57
93.33,93.33
-100.98,-100.98
135.78,135.78
121.437,121.437
-23.226,-23.226
29.964,29.964
99.18,99.18
25.38,25.38
-5.55,-5.55
75.84,75.84
185.4,185.4
94.926,94.926
37.08,37.08
102.2,102.2
49.95,49.95
179.46,179.46
21.12,21.12
96.84,96.84
-632.61,Less Than Lower Bound -126.1455
143.76,143.76
146.52,146.52
53.76,53.76
133.2,133.2
-68.1302,-68.1302
35.245,35.245
76.08,76.08
-64.332,-64.332
198.228,198.228
96.72,96.72
303.354,More than Upper Bound 219.6825
84.6,84.6
138.78,138.78
121.932,121.932
121.95,121.95
174.438,174.438
-68.392,-68.392
-133.41232,Less Than Lower Bound -126.1455
3.51,3.51
123.291,123.291
35.28,35.28
-257.202,Less Than Lower Bound -126.1455
53.2,53.2
22.71,22.71
265.68,More than Upper Bound 219.6825
-74.793,-74.793
-1475.352,Less Than Lower Bound -126.1455
174.015,174.015
-54.5958,-54.5958
146.79,146.79
179.8,179.8
113.94,113.94
80.16,80.16
-13.446,-13.446
67.941,67.941
28.98,28.98
-60.768,-60.768
42.426,42.426
49.98,49.98
8.52,8.52
47.53,47.53
127.692,127.692
2.52,2.52
135.18,135.18
178.11,178.11
46,46
-60.92,-60.92
188.772,188.772
-16.725,-16.725
38.8,38.8
170.31,170.31
27.408,27.408
-18.1176,-18.1176
2.8196,2.8196
27.7182,27.7182
28.08,28.08
55.745,55.745
60.48,60.48
-155.4756,Less Than Lower Bound -126.1455
222.3,More than Upper Bound 219.6825
30.272,30.272
59.16,59.16
239.52,More than Upper Bound 219.6825
62.28,62.28
17.58,17.58
-399.78,Less Than Lower Bound -126.1455
24.114,24.114
206.316,206.316
7.049,7.049
-317.385,Less Than Lower Bound -126.1455
205,205
131.98,131.98
0,0
85.68,85.68
164.997,164.997
-174.39568,Less Than Lower Bound -126.1455
22.08,22.08
152.676,152.676
178.5,178.5
156.918,156.918
-59.4,-59.4
3.7308,3.7308
9.45,9.45
41.28,41.28
122.25,122.25
153.6102,153.6102
-136.71,Less Than Lower Bound -126.1455
87.657,87.657
-81.7258,-81.7258
26.3934,26.3934
114.48,114.48
79.512,79.512
184.68,184.68
-37.53,-37.53
116.58,116.58
252.795,More than Upper Bound 219.6825
-727.23,Less Than Lower Bound -126.1455
208.8,208.8
74.574,74.574
188.2192,188.2192
79.92,79.92
-128.406,Less Than Lower Bound -126.1455
158.16,158.16
197.991,197.991
175.68,175.68
59.8,59.8
12.96,12.96
-427.905,Less Than Lower Bound -126.1455
5.94,5.94
56.2032,56.2032
20.1579,20.1579
105.85888,105.85888
126.63,126.63
58.5,58.5
-271.5,Less Than Lower Bound -126.1455
307.23,More than Upper Bound 219.6825
-118.2,-118.2
61.92,61.92
595.1,More than Upper Bound 219.6825
119.84,119.84
50.4,50.4
192.06,192.06
-35.9928,-35.9928
85.44,85.44
30.42,30.42
-16.0784,-16.0784
32.58,32.58
-57.516,-57.516
42.96,42.96
131.229,131.229
60.74,60.74
-255.864,Less Than Lower Bound -126.1455
193.98,193.98
102.0075,102.0075
124.488,124.488
105.98,105.98
61.68,61.68
7.35,7.35
97.44,97.44
136.2971,136.2971
31.32,31.32
73.692,73.692
4.266,4.266
7.56,7.56
-51.294,-51.294
40.5,40.5
51.78,51.78
93.15,93.15
19.3932,19.3932
445.3896,More than Upper Bound 219.6825
-124.664,-124.664
38.88,38.88
137.151,137.151
18.69,18.69
194.004,194.004
240.108,More than Upper Bound 219.6825
134.9925,134.9925
195.12,195.12
255.795,More than Upper Bound 219.6825
25.95,25.95
58.56,58.56
-394.875,Less Than Lower Bound -126.1455
129.384,129.384
-14.043,-14.043
3.69,3.69
149.64,149.64
21.12,21.12
-158.208,Less Than Lower Bound -126.1455
171.36,171.36
666.48,More than Upper Bound 219.6825
8.04,8.04
23.76,23.76
-109.9365,-109.9365
19.89,19.89
31.4,31.4
49.14,49.14
13.62,13.62
-680.7,Less Than Lower Bound -126.1455
187.92,187.92
245.4064,More than Upper Bound 219.6825
18.62,18.62
68.52,68.52
67.8,67.8
285.2,More than Upper Bound 219.6825
101.78,101.78
-72.78,-72.78
30.3,30.3
56.46,56.46
46.998,46.998
103.68,103.68
266.28,More than Upper Bound 219.6825
154.32,154.32
60.744,60.744
-490.14,Less Than Lower Bound -126.1455
-476.496,Less Than Lower Bound -126.1455
-436.08,Less Than Lower Bound -126.1455
125.99,125.99
20.28,20.28
57.484,57.484
92.88,92.88
39.54,39.54
-39.9528,-39.9528
59.94,59.94
95.1888,95.1888
62.1,62.1
-49.632,-49.632
35.099,35.099
172.56,172.56
143.04,143.04
92.82,92.82
60.12,60.12
104.04,104.04
22.5296,22.5296
9.18,9.18
121.311,121.311
3919.9888,More than Upper Bound 219.6825
-159.66,Less Than Lower Bound -126.1455
15.36,15.36
-97.72,-97.72
72.7888,72.7888
27.15,27.15
-338.025,Less Than Lower Bound -126.1455
232.92,More than Upper Bound 219.6825
25.3164,25.3164
89.47464,89.47464
-594.09,Less Than Lower Bound -126.1455
125.16,125.16
8.67,8.67
61.32,61.32
289.47,More than Upper Bound 219.6825
-12.0784,-12.0784
-18.576,-18.576
81.1,81.1
5.6,5.6
76.7,76.7
124.9552,124.9552
86.88,86.88
50.68776,50.68776
114,114
303.48,More than Upper Bound 219.6825
67.8,67.8
106.72,106.72
71.9469,71.9469
102.3,102.3
-12.204,-12.204
-435.84,Less Than Lower Bound -126.1455
31.86,31.86
38.396,38.396
52.3764,52.3764
17.46,17.46
184.2204,184.2204
39.54,39.54
395.76,More than Upper Bound 219.6825
301.84,More than Upper Bound 219.6825
129.96,129.96
243.42,More than Upper Bound 219.6825
102.42,102.42
75.168,75.168
83.0502,83.0502
25.74,25.74
45.42,45.42
116.145,116.145
209.2,209.2
205.845,205.845
186.24,186.24
-63.58512,-63.58512
90.9,90.9
4.698,4.698
180.48,180.48
122.1,122.1
92.64,92.64
200.43,200.43
79,79
-245.81,Less Than Lower Bound -126.1455
-24.702,-24.702
128.64,128.64
106.92,106.92
118.305,118.305
-130.35,Less Than Lower Bound -126.1455
13.74,13.74
-109.5822,-109.5822
46.62,46.62
97.38,97.38
73.194,73.194
113.3055,113.3055
11.4,11.4
-97.5528,-97.5528
-40.896,-40.896
93.48,93.48
78.5088,78.5088
147.36,147.36
145.2,145.2
112.574,112.574
92.43,92.43
22.7,22.7
9.8898,9.8898
43.542,43.542
0,0
185.16,185.16
97.2032,97.2032
376.92,More than Upper Bound 219.6825
71.4,71.4
53.55,53.55
147.5,147.5
28.8,28.8
10.6794,10.6794
239.28,More than Upper Bound 219.6825
279.36,More than Upper Bound 219.6825
75.96,75.96
-262.032,Less Than Lower Bound -126.1455
351.52,More than Upper Bound 219.6825
24.6,24.6
62.244,62.244
-30.138,-30.138
277.992,More than Upper Bound 219.6825
28.14,28.14
122.7,122.7
65.978,65.978
21.8376,21.8376
-316.28,Less Than Lower Bound -126.1455
24.96,24.96
29.2275,29.2275
66.186,66.186
-72.996,-72.996
58.68,58.68
74.46,74.46
72.432,72.432
28.77,28.77
123.36,123.36
-5.376,-5.376
50.9898,50.9898
173.52,173.52
257.46,More than Upper Bound 219.6825
103.47,103.47
222.432,More than Upper Bound 219.6825
-33.075,-33.075
36.75,36.75
107.9946,107.9946
52.64,52.64
81.584,81.584
110.96,110.96
267.39,More than Upper Bound 219.6825
79.6,79.6
40.485,40.485
25.198,25.198
-68.493,-68.493
109.04,109.04
43.542,43.542
5.997,5.997
224.073,More than Upper Bound 219.6825
10.78,10.78
94.8,94.8
26.874,26.874
32.01,32.01
90.324,90.324
204.9,204.9
101.79,101.79
134.8608,134.8608
17.28,17.28
62.76,62.76
311.9948,More than Upper Bound 219.6825
54.54,54.54
269.73,More than Upper Bound 219.6825
20.76,20.76
45.36,45.36
74.0547,74.0547
-214.98,Less Than Lower Bound -126.1455
85.904,85.904
-14.081,-14.081
-22.47,-22.47
35.82,35.82
84,84
80.04,80.04
19.797,19.797
79,79
-10.548,-10.548
256.16016,More than Upper Bound 219.6825
-98.496,-98.496
45.36,45.36
114.75,114.75
93.2232,93.2232
72.5344,72.5344
62.737,62.737
143.1918,143.1918
-25.71,-25.71
86.46,86.46
106.92,106.92
84.9,84.9
-92.9754,-92.9754
77.55,77.55
25.86,25.86
3.6,3.6
-131.82,Less Than Lower Bound -126.1455
-27.864,-27.864
43.056,43.056
45.294,45.294
42,42
110.0528,110.0528
-121.2705,-121.2705
-167.27,Less Than Lower Bound -126.1455
18.192,18.192
19.59,19.59
152.7,152.7
63.45,63.45
-25.938,-25.938
121.092,121.092
106.704,106.704
-13.336,-13.336
-25.992,-25.992
21.6,21.6
154.05,154.05
76.6395,76.6395
43.2,43.2
92.79,92.79
49.32,49.32
8.1135,8.1135
-0.135,-0.135
-46.332,-46.332
-11.952,-11.952
-14.4,-14.4
15.3,15.3
-37.1781,-37.1781
80.1,80.1
27.82,27.82
146.34,146.34
62.6625,62.6625
141.258,141.258
27.24,27.24
31.4975,31.4975
107.0388,107.0388
266.88,More than Upper Bound 219.6825
-471.4546,Less Than Lower Bound -126.1455
148.5,148.5
61.0736,61.0736
85.56,85.56
51.09,51.09
42.15,42.15
30.24,30.24
0,0
175.136,175.136
-77.333,-77.333
269.73,More than Upper Bound 219.6825
314.8418,More than Upper Bound 219.6825
120.3,120.3
-348.6807,Less Than Lower Bound -126.1455
154.08,154.08
218.16,218.16
-231.84,Less Than Lower Bound -126.1455
114.612,114.612
100.128,100.128
57.15,57.15
-77.1267,-77.1267
322.32,More than Upper Bound 219.6825
107.37,107.37
85.296,85.296
42.66,42.66
253.998,More than Upper Bound 219.6825
-18.7425,-18.7425
32.66,32.66
40.416,40.416
475.8,More than Upper Bound 219.6825
35.52,35.52
35.6355,35.6355
68.31,68.31
23.076,23.076
115.63552,115.63552
128.7225,128.7225
208.305,208.305
0,0
70.902,70.902
29.97,29.97
214.5,214.5
-189.6,Less Than Lower Bound -126.1455
-30.654,-30.654
15.12,15.12
-128.52,Less Than Lower Bound -126.1455
49.86,49.86
74.975,74.975
220.4825,More than Upper Bound 219.6825
206.3727,206.3727
87.84,87.84
29.52,29.52
232.6293,More than Upper Bound 219.6825
-198.096,Less Than Lower Bound -126.1455
10.08,10.08
-31.878,-31.878
90.12,90.12
-103.425,-103.425
207.9225,207.9225
-192.09612,Less Than Lower Bound -126.1455
236.76,More than Upper Bound 219.6825
18.36,18.36
137.844,137.844
33.66,33.66
54.88,54.88
202.236,202.236
83.52,83.52
51.84,51.84
-104.8488,-104.8488
36.24,36.24
6.799,6.799
-14.9877,-14.9877
161.19,161.19
142.9948,142.9948
159.63,159.63
-248.052,Less Than Lower Bound -126.1455
58.08,58.08
65.6,65.6
50.56,50.56
-50.1688,-50.1688
32.64,32.64
-42.588,-42.588
31.0156,31.0156
138.3,138.3
180.48,180.48
169.9,169.9
14.24,14.24
53.196,53.196
-185.7168,Less Than Lower Bound -126.1455
401.22,More than Upper Bound 219.6825
30.42,30.42
64.32,64.32
174.9975,174.9975
17.58,17.58
244.44,More than Upper Bound 219.6825
81.2646,81.2646
3.9,3.9
64.8,64.8
157.74,157.74
77.7519,77.7519
166.0698,166.0698
277.56,More than Upper Bound 219.6825
19.35,19.35
81.15,81.15
106.5408,106.5408
372.48,More than Upper Bound 219.6825
-144.444,Less Than Lower Bound -126.1455
120.912,120.912
69.78,69.78
99.045,99.045
49.08,49.08
37.95,37.95
6.24,6.24
297.69,More than Upper Bound 219.6825
146.79,146.79
-82.638,-82.638
-685.752,Less Than Lower Bound -126.1455
-17.568,-17.568
-121.836,-121.836
36.936,36.936
222.72,More than Upper Bound 219.6825
78.43956,78.43956
3.3,3.3
-7.656,-7.656
63.36,63.36
59.55,59.55
17.64,17.64
-116.208,-116.208
-220.95,Less Than Lower Bound -126.1455
161.16,161.16
102.45,102.45
-27.576,-27.576
98.127,98.127
86.56,86.56
-12.6,-12.6
73.332,73.332
287.7,More than Upper Bound 219.6825
-34.2516,-34.2516
35.49,35.49
79.05,79.05
-17.584,-17.584
157.0176,157.0176
19.9872,19.9872
28.68,28.68
13.53564,13.53564
-60.6078,-60.6078
76.1125,76.1125
-128.29744,Less Than Lower Bound -126.1455
24.288,24.288
207.66,207.66
119.22,119.22
70.68,70.68
87.5502,87.5502
28.629,28.629
-152.448,Less Than Lower Bound -126.1455
48.96,48.96
8.28,8.28
101.37552,101.37552
-506.1195,Less Than Lower Bound -126.1455
108.36,108.36
387.12,More than Upper Bound 219.6825
73.242,73.242
41.28,41.28
284.98,More than Upper Bound 219.6825
218.16,218.16
23.22,23.22
105.85888,105.85888
-93.3262,-93.3262
-8.5794,-8.5794
179.76,179.76
-254.34,Less Than Lower Bound -126.1455
170.28,170.28
145.74,145.74
216.72,216.72
79.68,79.68
79.92,79.92
169.14,169.14
285.48,More than Upper Bound 219.6825
203.04,203.04
-31.9144,-31.9144
-462.522,Less Than Lower Bound -126.1455
145,145
235.68,More than Upper Bound 219.6825
11.92,11.92
31.256,31.256
49.74,49.74
20.06,20.06
55.4,55.4
190.08,190.08
1.4,1.4
-8.0784,-8.0784
106.08744,106.08744
-76.77,-76.77
79.794,79.794
201.72,201.72
41.1,41.1
129.6,129.6
58.26,58.26
30,30
-260.82,Less Than Lower Bound -126.1455
4.4392,4.4392
225.4668,More than Upper Bound 219.6825
386.805,More than Upper Bound 219.6825
113.61,113.61
111.1035,111.1035
82.62,82.62
9.8352,9.8352
319.44,More than Upper Bound 219.6825
77.4,77.4
253.998,More than Upper Bound 219.6825
53.1528,53.1528
88.5528,88.5528
100.731,100.731
44.64,44.64
185.16,185.16
0,0
327.6,More than Upper Bound 219.6825
-41.5872,-41.5872
0,0
-409.44,Less Than Lower Bound -126.1455
-45.048,-45.048
0,0
108.36,108.36
7.74,7.74
32.34,32.34
71.97,71.97
-8.5794,-8.5794
50.22,50.22
34.545,34.545
19.89,19.89
252.12,More than Upper Bound 219.6825
145.5024,145.5024
295.74,More than Upper Bound 219.6825
-152.415,Less Than Lower Bound -126.1455
87.84,87.84
50.463,50.463
155.232,155.232
42.54,42.54
125.19,125.19
15.48,15.48
122.22,122.22
263.04,More than Upper Bound 219.6825
170.1,170.1
343.9828,More than Upper Bound 219.6825
-230.51,Less Than Lower Bound -126.1455
44.079,44.079
123.507,123.507
146.28,146.28
48.72,48.72
163.787,163.787
54.4047,54.4047
298.62,More than Upper Bound 219.6825
1.92,1.92
72.9,72.9
124.485,124.485
20.58,20.58
-46.3725,-46.3725
11.586,11.586
-210.108,Less Than Lower Bound -126.1455
-141.414,Less Than Lower Bound -126.1455
146.43564,146.43564
35.14,35.14
13.64,13.64
191.25,191.25
558.72,More than Upper Bound 219.6825
-93.99,-93.99
151.74,151.74
-50.8704,-50.8704
-263.832,Less Than Lower Bound -126.1455
20.37688,20.37688
329.888,More than Upper Bound 219.6825
369.27,More than Upper Bound 219.6825
97.08,97.08
6.6,6.6
96.18,96.18
84.294,84.294
103.608,103.608
126.9,126.9
54.5832,54.5832
198.15144,198.15144
99.672,99.672
40.95,40.95
156.96,156.96
142.08,142.08
134.652,134.652
206.16,206.16
120.5864,120.5864
79.2,79.2
137.04,137.04
18.88,18.88
326.448,More than Upper Bound 219.6825
47.8788,47.8788
205.05,205.05
-63.234,-63.234
355.32,More than Upper Bound 219.6825
73.7,73.7
110.856,110.856
25.0182,25.0182
197.6,197.6
214.2945,214.2945
-292.9872,Less Than Lower Bound -126.1455
91.88664,91.88664
-314.8515,Less Than Lower Bound -126.1455
82.92,82.92
-119.844,-119.844
-13.2168,-13.2168
123.36,123.36
-162.01344,Less Than Lower Bound -126.1455
138.87,138.87
18.18,18.18
106.47,106.47
199.2,199.2
49.05,49.05
91.968,91.968
6.3,6.3
88.27096,88.27096
104.124,104.124
-55.256,-55.256
68.64852,68.64852
60.66,60.66
-237.576,Less Than Lower Bound -126.1455
58.14,58.14
136.26,136.26
-173.292,Less Than Lower Bound -126.1455
243.42,More than Upper Bound 219.6825
240.2649,More than Upper Bound 219.6825
78.03,78.03
52.14,52.14
62.22,62.22
8.3556,8.3556
-38.25,-38.25
131.9868,131.9868
54.1764,54.1764
26.24,26.24
238.08,More than Upper Bound 219.6825
374.16,More than Upper Bound 219.6825
12.31016,12.31016
47.28,47.28
301.84,More than Upper Bound 219.6825
78.3,78.3
-10.044,-10.044
344.9145,More than Upper Bound 219.6825
-23.232,-23.232
62.0368,62.0368
39.96,39.96
55.68,55.68
-157.5714,Less Than Lower Bound -126.1455
137.04,137.04
776.25,More than Upper Bound 219.6825
53.6796,53.6796
-77.5302,-77.5302
66.42,66.42
89.964,89.964
-0.009,-0.009
60.6228,60.6228
-559.356,Less Than Lower Bound -126.1455
-122.7816,-122.7816
269.22,More than Upper Bound 219.6825
184.32,184.32
48.36,48.36
77.58,77.58
189.36,189.36
-0.036,-0.036
14.22,14.22
224.46,More than Upper Bound 219.6825
192.50144,192.50144
203.586,203.586
16.02,16.02
-590.976,Less Than Lower Bound -126.1455
155.68,155.68
-306.846,Less Than Lower Bound -126.1455
-54.936,-54.936
86.205,86.205
40.0536,40.0536
1.76,1.76
31.62,31.62
-111.618,-111.618
27.9,27.9
35.4,35.4
-75.168,-75.168
-418.167,Less Than Lower Bound -126.1455
-85.572,-85.572
-129.612,Less Than Lower Bound -126.1455
71.9952,71.9952
66.72,66.72
62.46,62.46
-269.3376,Less Than Lower Bound -126.1455
34.494,34.494
-533.7325,Less Than Lower Bound -126.1455
-88.08,-88.08
21.15,21.15
134.82,134.82
128.136,128.136
147.681,147.681
76.08,76.08
64.92,64.92
103.38,103.38
-106.393,-106.393
162.18,162.18
211.74,211.74
24.75,24.75
13.28,13.28
30.6,30.6
18.9222,18.9222
112.98,112.98
160.44,160.44
196.6132,196.6132
172.4814,172.4814
171.78,171.78
54.7185,54.7185
33.0368,33.0368
104.88,104.88
24.33,24.33
149.94,149.94
227.1096,More than Upper Bound 219.6825
69.93,69.93
60.3675,60.3675
39.84,39.84
59.19,59.19
185.4,185.4
136.26,136.26
18.6,18.6
-44.838,-44.838
-7.56,-7.56
175.11,175.11
446.79,More than Upper Bound 219.6825
84.5728,84.5728
98.16,98.16
312.9,More than Upper Bound 219.6825
47.243,47.243
-155.175,Less Than Lower Bound -126.1455
118.359,118.359
32.7,32.7
-170.016,Less Than Lower Bound -126.1455
71.68,71.68
-192.936,Less Than Lower Bound -126.1455
-24.645,-24.645
267.24,More than Upper Bound 219.6825
71.838,71.838
232.11,More than Upper Bound 219.6825
2.52,2.52
45.45,45.45
26.3967,26.3967
203.58,203.58
16.7475,16.7475
11.85,11.85
87.06,87.06
49.8042,49.8042
83.34,83.34
149.9112,149.9112
190.53,190.53
52.5,52.5
45.72,45.72
209.34,209.34
11.196,11.196
46.884,46.884
84.12,84.12
234.48,More than Upper Bound 219.6825
70.5,70.5
79.216,79.216
9.7176,9.7176
-250.5408,Less Than Lower Bound -126.1455
-27.084,-27.084
43.92,43.92
163.2,163.2
247.92,More than Upper Bound 219.6825
122.7648,122.7648
-243.584,Less Than Lower Bound -126.1455
197.3,197.3
222.822,More than Upper Bound 219.6825
109.422,109.422
44.94,44.94
-282.072,Less Than Lower Bound -126.1455
127.74,127.74
72.882,72.882
238.56,More than Upper Bound 219.6825
129.6,129.6
5.04,5.04
241.71,More than Upper Bound 219.6825
-94.8,-94.8
104.076,104.076
18.9,18.9
44.4768,44.4768
32.64,32.64
37.95,37.95
190.3881,190.3881
119.04,119.04
0,0
83.21992,83.21992
69.3,69.3
-221.904,Less Than Lower Bound -126.1455
117.18,117.18
93.0552,93.0552
48.45,48.45
60.49,60.49
81.224,81.224
47.82,47.82
58.8,58.8
212.88,212.88
99.558,99.558
201.72,201.72
40.44,40.44
-413.676,Less Than Lower Bound -126.1455
108.468,108.468
-451.008,Less Than Lower Bound -126.1455
-144.444,Less Than Lower Bound -126.1455
107.82,107.82
74.25,74.25
110.34,110.34
135,135
174.42,174.42
-82.884,-82.884
17.85,17.85
-6.03,-6.03
0,0
411.7365,More than Upper Bound 219.6825
185.88,185.88
104.5845,104.5845
-53.796,-53.796
-40.08,-40.08
103.2,103.2
125.5824,125.5824
-289.032,Less Than Lower Bound -126.1455
197.82,197.82
164.7,164.7
125.46,125.46
21.897,21.897
-36.1764,-36.1764
34.8138,34.8138
88.2,88.2
28.92,28.92
139.32,139.32
-397.8,Less Than Lower Bound -126.1455
169.2246,169.2246
98.1,98.1
6.7176,6.7176
297.36,More than Upper Bound 219.6825
76.41,76.41
114.51,114.51
72.72,72.72
124.08,124.08
32.34,32.34
53.859,53.859
-165.24,Less Than Lower Bound -126.1455
16.7972,16.7972
71.2296,71.2296
149.0706,149.0706
110.34,110.34
-27.384,-27.384
31.08,31.08
-177.312,Less Than Lower Bound -126.1455
199.02,199.02
179.9,179.9
153.6,153.6
52.38,52.38
-5.1396,-5.1396
99.48,99.48
56.28,56.28
33,33
66.564,66.564
180.9894,180.9894
91.41,91.41
-113.08,-113.08
183.18,183.18
29.04,29.04
22.4925,22.4925
158.7519,158.7519
43.542,43.542
-349.504,Less Than Lower Bound -126.1455
62.804,62.804
62.37,62.37
166.32,166.32
10.8,10.8
114.3,114.3
311.7,More than Upper Bound 219.6825
37.9431,37.9431
31.887,31.887
-5.8346,-5.8346
126.9,126.9
59.88,59.88
63.72064,63.72064
-356.664,Less Than Lower Bound -126.1455
36.24,36.24
14.481,14.481
79.74,79.74
17.4315,17.4315
38.024,38.024
46.512,46.512
50.28,50.28
41.28,41.28
14.92,14.92
44.7,44.7
-8.0784,-8.0784
314.6418,More than Upper Bound 219.6825
-17.01,-17.01
-38.352,-38.352
59.4,59.4
188.16,188.16
20.88,20.88
81.354,81.354
21.78,21.78
-12.024,-12.024
-183.756,Less Than Lower Bound -126.1455
0.84,0.84
223.38,More than Upper Bound 219.6825
197.9208,197.9208
46.86,46.86
130.62,130.62
34.05,34.05
173.16,173.16
-14.7931,-14.7931
-38.2116,-38.2116
-100.8,-100.8
225.56568,More than Upper Bound 219.6825
93.32,93.32
30,30
194.4,194.4
58.08,58.08
-319.728,Less Than Lower Bound -126.1455
-147.963,Less Than Lower Bound -126.1455
31.996,31.996
41.16,41.16
56.32,56.32
72.084,72.084
-20.76,-20.76
205.05,205.05
-191.8125,Less Than Lower Bound -126.1455
161.9919,161.9919
-31.872,-31.872
-77.333,-77.333
4.13992,4.13992
182.226,182.226
25.92,25.92
132.3,132.3
17.01,17.01
217.44,217.44
-316.17,Less Than Lower Bound -126.1455
353.43,More than Upper Bound 219.6825
136.206,136.206
30.78,30.78
-197.505,Less Than Lower Bound -126.1455
37.3212,37.3212
123.96,123.96
149.49,149.49
-0.0705,-0.0705
53.04,53.04
37.35,37.35
252.96,More than Upper Bound 219.6825
82.92,82.92
63.606,63.606
213.36,213.36
-15.5826,-15.5826
96.9,96.9
86.68,86.68
77.55,77.55
41.7564,41.7564
185.4,185.4
121.48,121.48
115.05,115.05
78.9516,78.9516
55.3616,55.3616
103.68,103.68
-57.588,-57.588
338.76,More than Upper Bound 219.6825
39.39,39.39
58.304,58.304
-32.448,-32.448
12.42,12.42
20.16,20.16
28.7928,28.7928
191.4,191.4
195.285,195.285
82.17,82.17
49.761,49.761
66.18,66.18
238.32,More than Upper Bound 219.6825
-53.25,-53.25
76.14,76.14
62.1544,62.1544
-146.31,Less Than Lower Bound -126.1455
244.2,More than Upper Bound 219.6825
-305.36,Less Than Lower Bound -126.1455
61.62,61.62
110.16,110.16
82.44,82.44
-54.135,-54.135
72.36,72.36
226.8,More than Upper Bound 219.6825
138.417,138.417
194.4,194.4
129.336,129.336
-58.8736,-58.8736
59.416,59.416
35.856,35.856
-44.676,-44.676
112.8,112.8
106.86,106.86
-34.0704,-34.0704
21.9,21.9
80.9919,80.9919
14.94,14.94
-30.393,-30.393
81.1314,81.1314
215.7,215.7
72.54,72.54
162.36,162.36
54.6,54.6
-81.864,-81.864
85.86,85.86
-41.16,-41.16
121.5,121.5
102.9444,102.9444
55.5,55.5
26.9985,26.9985
-1121.688,Less Than Lower Bound -126.1455
377.9946,More than Upper Bound 219.6825
183.42,183.42
-23.9372,-23.9372
41.55192,41.55192
-719.208,Less Than Lower Bound -126.1455
66.1451,66.1451
126.4,126.4
-0.06,-0.06
47.97,47.97
57.996,57.996
16.196,16.196
-2.6997,-2.6997
62.16,62.16
176,176
-7.425,-7.425
-17.6582,-17.6582
-81.702,-81.702
33.645,33.645
53.9946,53.9946
3.9294,3.9294
2.88,2.88
107.613,107.613
-33.936,-33.936
15.57,15.57
-68.805,-68.805
229.9908,More than Upper Bound 219.6825
164.472,164.472
122.25,122.25
181.98,181.98
45.9,45.9
-277.396,Less Than Lower Bound -126.1455
-22.188,-22.188
71.2692,71.2692
87.78,87.78
10.56,10.56
251.6934,More than Upper Bound 219.6825
44.25,44.25
159.6,159.6
220.68,More than Upper Bound 219.6825
-10.425,-10.425
125.28,125.28
228.69,More than Upper Bound 219.6825
107.2,107.2
-48.9549,-48.9549
98.5248,98.5248
-24.6258,-24.6258
32.58,32.58
94.528,94.528
22.608,22.608
47.25,47.25
54.3966,54.3966
3.2186,3.2186
-365.12,Less Than Lower Bound -126.1455
-186.573,Less Than Lower Bound -126.1455
-19.665,-19.665
36.54,36.54
205.38,205.38
63.4368,63.4368
38.396,38.396
-31.836,-31.836
-538.332,Less Than Lower Bound -126.1455
30.582,30.582
55.28,55.28
-44.3499,-44.3499
76.3152,76.3152
189.4,189.4
-30.528,-30.528
-312.48,Less Than Lower Bound -126.1455
108.6,108.6
23.24,23.24
150.84,150.84
78.96,78.96
130.56,130.56
50.76,50.76
178.002,178.002
-343.098,Less Than Lower Bound -126.1455
93.72,93.72
23.28,23.28
200.64,200.64
234.24,More than Upper Bound 219.6825
86.76,86.76
101.84,101.84
19.11,19.11
-117.864,-117.864
31.84,31.84
38.56,38.56
69.21,69.21
171.72,171.72
55.664,55.664
91.32,91.32
43.74,43.74
73.368,73.368
31.587,31.587
130.4913,130.4913
3.06,3.06
253.26,More than Upper Bound 219.6825
-109.02,-109.02
-66.996,-66.996
40.55064,40.55064
40.866,40.866
70.5,70.5
78.43956,78.43956
-86.232,-86.232
136.939,136.939
47.994,47.994
29.16,29.16
42.496,42.496
126.321,126.321
36.48,36.48
-20.16,-20.16
93,93
80.64,80.64
35.64,35.64
-66.801,-66.801
-34.47,-34.47
61.2,61.2
-7.767,-7.767
14.8491,14.8491
33.36,33.36
14.4,14.4
212.208,212.208
113.28,113.28
40.878,40.878
290.4,More than Upper Bound 219.6825
11.94,11.94
46.05,46.05
-708.5673,Less Than Lower Bound -126.1455
63.984,63.984
41.88,41.88
47.16,47.16
20.61,20.61
68.82,68.82
-29.85,-29.85
-231.784,Less Than Lower Bound -126.1455
106.98,106.98
-78.147,-78.147
50.098,50.098
12.912,12.912
17.76,17.76
69.7374,69.7374
26.88,26.88
-145.65,Less Than Lower Bound -126.1455
191.25,191.25
-147.28,Less Than Lower Bound -126.1455
202.86,202.86
6.72,6.72
143.082,143.082
151.5,151.5
9.7176,9.7176
110.88,110.88
-312.33,Less Than Lower Bound -126.1455
57.12,57.12
117.171,117.171
277.74,More than Upper Bound 219.6825
176.8026,176.8026
43.65,43.65
83.34,83.34
45.4206,45.4206
-39.72,-39.72
106.2,106.2
5.13,5.13
206.01,206.01
307.8,More than Upper Bound 219.6825
139.44,139.44
109.7544,109.7544
-213.5574,Less Than Lower Bound -126.1455
127.02,127.02
8.96,8.96
32.94,32.94
102.42,102.42
106.44,106.44
266.7,More than Upper Bound 219.6825
25.398,25.398
49.8042,49.8042
164.997,164.997
25.0236,25.0236
127.995,127.995
55.4364,55.4364
51,51
275.6,More than Upper Bound 219.6825
-932.568,Less Than Lower Bound -126.1455
38.52,38.52
39.48,39.48
62.664,62.664
185.325,185.325
62.316,62.316
3.52,3.52
272.7,More than Upper Bound 219.6825
13.26,13.26
32.94,32.94
-143.472,Less Than Lower Bound -126.1455
345.933,More than Upper Bound 219.6825
41.3928,41.3928
27,27
111.843,111.843
489.984,More than Upper Bound 219.6825
38.64,38.64
64.248,64.248
76.47,76.47
47.52,47.52
5.2,5.2
123.606,123.606
212.706,212.706
61.95,61.95
153.1152,153.1152
36.924,36.924
83.9944,83.9944
45,45
50.9422,50.9422
-275.757,Less Than Lower Bound -126.1455
0,0
131.82,131.82
-51.525,-51.525
-216.9783,Less Than Lower Bound -126.1455
158.28,158.28
147.24384,147.24384
276.48,More than Upper Bound 219.6825
-63.0056,-63.0056
85.98,85.98
5.2287,5.2287
44.73,44.73
108.9,108.9
84.39504,84.39504
26.14652,26.14652
311.016,More than Upper Bound 219.6825
4.92,4.92
124.6752,124.6752
-36.642,-36.642
-203.796,Less Than Lower Bound -126.1455
187.68,187.68
178.11,178.11
27.54,27.54
165.56,165.56
56.07,56.07
103.2,103.2
-170.8038,Less Than Lower Bound -126.1455
219.42,219.42
69.66,69.66
75.6624,75.6624
9.84,9.84
-140.352,Less Than Lower Bound -126.1455
53.88,53.88
115.92,115.92
-12.0348,-12.0348
30.48,30.48
279.252,More than Upper Bound 219.6825
75.728,75.728
50.364,50.364
43.05,43.05
0,0
56.79,56.79
56.688,56.688
116.4,116.4
79.2441,79.2441
-153.5715,Less Than Lower Bound -126.1455
-0.144,-0.144
-73.6002,-73.6002
124.84,124.84
158.472,158.472
32.392,32.392
34.38636,34.38636
0,0
-161.694,Less Than Lower Bound -126.1455
366.744,More than Upper Bound 219.6825
-26.3025,-26.3025
28.875,28.875
121.32,121.32
-38.061,-38.061
23.7993,23.7993
25.68,25.68
15,15
-82.224,-82.224
104.76,104.76
-913.176,Less Than Lower Bound -126.1455
45.42,45.42
2.94,2.94
12.72,12.72
-208.53,Less Than Lower Bound -126.1455
211.887,211.887
65.4,65.4
106.14,106.14
55.944,55.944
95.712,95.712
-466.896,Less Than Lower Bound -126.1455
45.5784,45.5784
-10.26,-10.26
36.12,36.12
88,88
-492.42,Less Than Lower Bound -126.1455
-326.1,Less Than Lower Bound -126.1455
47.8629,47.8629
29.43,29.43
85.5297,85.5297
266.4,More than Upper Bound 219.6825
95.16,95.16
-126.624,Less Than Lower Bound -126.1455
58.42,58.42
15.8376,15.8376
29.34,29.34
76.10168,76.10168
33.12,33.12
14.328,14.328
205.725,205.725
170.58,170.58
110.64,110.64
107.1,107.1
156.8,156.8
14.88,14.88
57,57
-50.898,-50.898
421.578,More than Upper Bound 219.6825
213.96,213.96
39.6,39.6
229.176,More than Upper Bound 219.6825
147.87,147.87
46.8,46.8
-15.552,-15.552
5.808,5.808
33.5888,33.5888
146.388,146.388
-0.195,-0.195
71.46,71.46
-251.9874,Less Than Lower Bound -126.1455
-27.396,-27.396
-314.775,Less Than Lower Bound -126.1455
140.5386,140.5386
54.996,54.996
14.88,14.88
46.215,46.215
-139.77,Less Than Lower Bound -126.1455
-407.976,Less Than Lower Bound -126.1455
114.3,114.3
185.52,185.52
572.55,More than Upper Bound 219.6825
87.5684,87.5684
-228.272,Less Than Lower Bound -126.1455
73.92,73.92
69.6546,69.6546
83.46,83.46
27.756,27.756
130.368,130.368
-113.7,-113.7
11.616,11.616
160.74,160.74
46.5,46.5
228.96,More than Upper Bound 219.6825
65.52,65.52
104.88,104.88
14.18616,14.18616
18.0098,18.0098
-478.9,Less Than Lower Bound -126.1455
42.6,42.6
-26.196,-26.196
48.512,48.512
154.14,154.14
42.24,42.24
134.748,134.748
181.92,181.92
12.096,12.096
19.2,19.2
17.58,17.58
-32.412,-32.412
50.82,50.82
172.596,172.596
-78.078,-78.078
161.16,161.16
224.64,More than Upper Bound 219.6825
219.6,219.6
159.63,159.63
-349.29,Less Than Lower Bound -126.1455
21.45,21.45
14.28,14.28
-15.8238,-15.8238
81.1314,81.1314
59.67,59.67
66.6,66.6
175.56,175.56
7.77,7.77
60.6,60.6
13.44,13.44
-109.26,-109.26
109.2,109.2
55.68,55.68
357.18,More than Upper Bound 219.6825
0,0
-77.52,-77.52
-43.1178,-43.1178
12.06,12.06
-82.684,-82.684
114.48,114.48
18.21,18.21
-171.7875,Less Than Lower Bound -126.1455
85.1816,85.1816
21.04,21.04
129.96,129.96
87.276,87.276
90.2283,90.2283
20.76,20.76
51.45,51.45
-62.988,-62.988
195.7104,195.7104
616.815,More than Upper Bound 219.6825
64.92,64.92
87.9912,87.9912
18.36,18.36
43.2234,43.2234
97.2,97.2
29.22,29.22
9.7176,9.7176
719.82,More than Upper Bound 219.6825
23.31,23.31
18.18,18.18
-128.67,Less Than Lower Bound -126.1455
-130.0104,Less Than Lower Bound -126.1455
59.36,59.36
179.958,179.958
21.8352,21.8352
65.79,65.79
97.2,97.2
34.08,34.08
-7.968,-7.968
78.435,78.435
13.32,13.32
203.1,203.1
28.92,28.92
84,84
74.34,74.34
162.72,162.72
47.0298,47.0298
46.816,46.816
11.22,11.22
66.978,66.978
43.6752,43.6752
62.28,62.28
27.54,27.54
103.158,103.158
178.74,178.74
52.56,52.56
282.18,More than Upper Bound 219.6825
35.64,35.64
-319.716,Less Than Lower Bound -126.1455
4.122,4.122
174.636,174.636
-18.0882,-18.0882
38.44,38.44
187.08,187.08
97.965,97.965
24.12,24.12
355.86,More than Upper Bound 219.6825
112.68,112.68
48.798,48.798
16.56,16.56
20.16,20.16
92.0835,92.0835
130.833,130.833
208.08,208.08
53.4519,53.4519
322.14,More than Upper Bound 219.6825
9.84,9.84
19.59,19.59
24.9,24.9
123.435,123.435
12.1176,12.1176
27.3096,27.3096
39.6879,39.6879
5.04,5.04
-459.9875,Less Than Lower Bound -126.1455
-2.6936,-2.6936
-20.608,-20.608
15.78,15.78
88.95,88.95
101.6508,101.6508
24.36,24.36
85.59,85.59
81.583,81.583
60.45,60.45
39.54,39.54
68.64852,68.64852
194.72,194.72
65.604,65.604
-172.816,Less Than Lower Bound -126.1455
89.955,89.955
59.22,59.22
63.72,63.72
52.3764,52.3764
-37.744,-37.744
37.2,37.2
55.44,55.44
10.8,10.8
-149.52,Less Than Lower Bound -126.1455
130.14,130.14
107.76,107.76
-196.968,Less Than Lower Bound -126.1455
6.72,6.72
-524.4,Less Than Lower Bound -126.1455
140.8575,140.8575
62.01,62.01
14.22,14.22
57.87,57.87
104.04,104.04
17.01,17.01
-168.6474,Less Than Lower Bound -126.1455
-427.45,Less Than Lower Bound -126.1455
-601.776,Less Than Lower Bound -126.1455
103.28268,103.28268
-18.222,-18.222
44.73732,44.73732
289.05,More than Upper Bound 219.6825
3.078,3.078
-49.29,-49.29
35.1,35.1
-64.422,-64.422
124.02,124.02
32.64,32.64
79.38,79.38
42.57,42.57
93.06,93.06
47.52,47.52
-64.036,-64.036
40.137,40.137
181.176,181.176
14.88,14.88
111.774,111.774
30.0144,30.0144
88.34,88.34
-17.4555,-17.4555
12.41,12.41
40.44,40.44
54.234,54.234
12.6,12.6
93.12,93.12
-50.984,-50.984
6.6,6.6
181.992,181.992
34.72,34.72
108.48,108.48
11.72,11.72
10.3498,10.3498
63.7392,63.7392
190.0206,190.0206
-29.5,-29.5
66.24,66.24
40.72,40.72
-43.137,-43.137
195.6,195.6
137.28,137.28
24.2352,24.2352
92.2368,92.2368
57.27,57.27
-69.96,-69.96
16.6788,16.6788
156.45,156.45
16.194,16.194
117.36,117.36
57.81,57.81
-66.408,-66.408
76.2,76.2
109.8,109.8
125.94,125.94
-267.237,Less Than Lower Bound -126.1455
78.24,78.24
37.7972,37.7972
-373.5,Less Than Lower Bound -126.1455
17.2,17.2
-36.1116,-36.1116
284.06,More than Upper Bound 219.6825
128.04,128.04
-31.068,-31.068
87.35364,87.35364
-37.488,-37.488
18.48,18.48
86.994,86.994
-143.431,Less Than Lower Bound -126.1455
-59.904,-59.904
160.0398,160.0398
99.84,99.84
147.252,147.252
166.62,166.62
24.87,24.87
293.9804,More than Upper Bound 219.6825
147.475,147.475
149.76,149.76
50,50
91.41,91.41
139.32,139.32
83.52,83.52
217.64568,217.64568
21.3,21.3
29.7,29.7
8.28,8.28
102.4401,102.4401
-6.462,-6.462
107.55,107.55
-45.954,-45.954
-196.02,Less Than Lower Bound -126.1455
20.967,20.967
26.56,26.56
-216.912,Less Than Lower Bound -126.1455
55.68,55.68
51.78,51.78
99.6984,99.6984
19.93224,19.93224
-122.85,-122.85
-20.208,-20.208
-20.502,-20.502
52.6056,52.6056
-45.435,-45.435
-30.528,-30.528
49.4376,49.4376
121.77,121.77
14.76,14.76
32.58,32.58
0,0
81.864,81.864
131.76,131.76
85.14,85.14
52.493,52.493
8.4,8.4
37.797,37.797
209.2365,209.2365
-838.908,Less Than Lower Bound -126.1455
45.54,45.54
17.58,17.58
-72.303,-72.303
66.542,66.542
178.56,178.56
147.5,147.5
32.34,32.34
70.92,70.92
-99.3453,-99.3453
149.04,149.04
-22.1229,-22.1229
48.15,48.15
250.53,More than Upper Bound 219.6825
-196.188,Less Than Lower Bound -126.1455
17.76,17.76
143.91,143.91
353.7,More than Upper Bound 219.6825
89.997,89.997
175.88,175.88
29.7,29.7
47.3,47.3
145.476,145.476
119.1,119.1
10.2,10.2
-29.9568,-29.9568
65.28,65.28
165.7176,165.7176
-167.986,Less Than Lower Bound -126.1455
74.213,74.213
42.3,42.3
194.4,194.4
38.88,38.88
96.16428,96.16428
94.29,94.29
36.486,36.486
55.17,55.17
118.32,118.32
243.9,More than Upper Bound 219.6825
46.5,46.5
25.2,25.2
5.86,5.86
12.528,12.528
63.52,63.52
78.43956,78.43956
10.632,10.632
-29.6058,-29.6058
111.744,111.744
0,0
-354.168,Less Than Lower Bound -126.1455
16.56,16.56
90.66,90.66
6.39,6.39
12.0132,12.0132
-39.3693,-39.3693
-214.2008,Less Than Lower Bound -126.1455
-104.0985,-104.0985
91.41,91.41
201,201
103.632,103.632
11.034,11.034
81.9,81.9
50.4,50.4
98.28,98.28
15.78,15.78
-77.968,-77.968
-30.672,-30.672
-15.245,-15.245
21.432,21.432
325.716,More than Upper Bound 219.6825
91.7892,91.7892
21.93,21.93
143.8,143.8
65.55,65.55
-91.7586,-91.7586
-27.54,-27.54
175.44,175.44
292.8,More than Upper Bound 219.6825
54,54
57.24,57.24
-6.0196,-6.0196
163.1898,163.1898
6.46,6.46
8.1,8.1
67.68,67.68
27.48,27.48
-72.6072,-72.6072
152.8,152.8
96.36,96.36
38.22,38.22
66.96,66.96
-2.04,-2.04
55.269,55.269
-104.031,-104.031
-36.444,-36.444
61.56,61.56
112.08,112.08
13.32,13.32
-158.1,Less Than Lower Bound -126.1455
51.7,51.7
75.32,75.32
13.728,13.728
40.23,40.23
26.8,26.8
-421.524,Less Than Lower Bound -126.1455
-43.736,-43.736
93.33,93.33
91.9954,91.9954
42.84,42.84
19.53,19.53
54.24,54.24
29.88,29.88
-29.682,-29.682
81.3,81.3
41.535,41.535
117.36,117.36
20.655,20.655
-7.7094,-7.7094
83.46,83.46
11.04,11.04
-74.844,-74.844
129.76,129.76
60.48,60.48
-120.792,-120.792
-99.7725,-99.7725
95.58,95.58
21.1428,21.1428
32.655,32.655
11.52,11.52
146.7,146.7
82.86,82.86
-34.896,-34.896
5.94,5.94
-238.5525,Less Than Lower Bound -126.1455
115.86,115.86
14.8833,14.8833
13.26,13.26
215.52,215.52
358.2,More than Upper Bound 219.6825
9.4717,9.4717
66.36,66.36
106.02,106.02
-2.772,-2.772
-91.896,-91.896
30.03,30.03
70.353,70.353
152.0232,152.0232
55.3896,55.3896
-134.676,Less Than Lower Bound -126.1455
7.5528,7.5528
72.5754,72.5754
76.44,76.44
49.35,49.35
2.64,2.64
3.9,3.9
9.9522,9.9522
143.76,143.76
17.772,17.772
57.27,57.27
58.56,58.56
84.22,84.22
1.608,1.608
5.04,5.04
132.99,132.99
72.03,72.03
-21.708,-21.708
-60.528,-60.528
14.514,14.514
344.46,More than Upper Bound 219.6825
122.85,122.85
78.435,78.435
38.4372,38.4372
743.4,More than Upper Bound 219.6825
26.4,26.4
88.05,88.05
-144.3888,Less Than Lower Bound -126.1455
88.5,88.5
17.58,17.58
147.72,147.72
-159.645,Less Than Lower Bound -126.1455
59.0352,59.0352
158.28,158.28
56.52,56.52
106.72,106.72
-7.98,-7.98
-39.225,-39.225
10.56,10.56
0,0
12.159,12.159
-237.33,Less Than Lower Bound -126.1455
-228.7425,Less Than Lower Bound -126.1455
35.4564,35.4564
56.85,56.85
61.2,61.2
261.819,More than Upper Bound 219.6825
0,0
77.04,77.04
70.92,70.92
118.476,118.476
70.722,70.722
29.85,29.85
100.7316,100.7316
55.74,55.74
179.832,179.832
-205.5114,Less Than Lower Bound -126.1455
55.8,55.8
288.75216,More than Upper Bound 219.6825
156.16,156.16
-77.88,-77.88
9.302,9.302
186.84,186.84
-198.828,Less Than Lower Bound -126.1455
-0.024,-0.024
71.5005,71.5005
-41.22,-41.22
79.8912,79.8912
51.12,51.12
59.583,59.583
-10.02,-10.02
140.904,140.904
28.5984,28.5984
96,96
86.84,86.84
172.65,172.65
104.296,104.296
-742.77,Less Than Lower Bound -126.1455
18.66,18.66
87.219,87.219
-214.968,Less Than Lower Bound -126.1455
16.9425,16.9425
27.462,27.462
100.74,100.74
327.31056,More than Upper Bound 219.6825
21.9,21.9
138.87,138.87
137.4,137.4
-69.12,-69.12
21.78,21.78
79.875,79.875
-30.147,-30.147
-28.498,-28.498
221.92,More than Upper Bound 219.6825
162.8604,162.8604
-430.368,Less Than Lower Bound -126.1455
131.67,131.67
329.994,More than Upper Bound 219.6825
43.6842,43.6842
14.16,14.16
113.67,113.67
1.08,1.08
28.08,28.08
238.44,More than Upper Bound 219.6825
-25.92,-25.92
-27.1575,-27.1575
59.34,59.34
75.9,75.9
60.4632,60.4632
203.28,203.28
136.6176,136.6176
2.82,2.82
-144.891,Less Than Lower Bound -126.1455
-58.7366,-58.7366
156.24,156.24
173.46,173.46
56.73,56.73
72.6408,72.6408
86.058,86.058
273.96,More than Upper Bound 219.6825
57.24,57.24
94.56,94.56
36.936,36.936
209.79,209.79
111.96,111.96
7.05,7.05
249.93,More than Upper Bound 219.6825
-50.898,-50.898
10.44,10.44
94.4925,94.4925
-181.44,Less Than Lower Bound -126.1455
11.0388,11.0388
-1480.0335,Less Than Lower Bound -126.1455
21.27924,21.27924
7.29,7.29
53.0439,53.0439
71.88,71.88
-92.88,-92.88
9.6,9.6
190.98,190.98
35.0973,35.0973
180.74568,180.74568
206.16,206.16
150.984,150.984
74.52,74.52
27,27
-122.22,-122.22
54.215,54.215
116.7,116.7
-7.335,-7.335
97.8,97.8
2.64,2.64
-284.592,Less Than Lower Bound -126.1455
101.394,101.394
27.684,27.684
81.41936,81.41936
-134.2035,Less Than Lower Bound -126.1455
165.36,165.36
47.9646,47.9646
53.91,53.91
178.11,178.11
25.32,25.32
76.95,76.95
179.7488,179.7488
66.9546,66.9546
-165.072,Less Than Lower Bound -126.1455
53.04,53.04
189.36,189.36
79.692,79.692
0,0
79.92,79.92
46.32,46.32
100.08,100.08
101.466,101.466
0,0
104.28,104.28
266.1,More than Upper Bound 219.6825
88.74,88.74
235.56,More than Upper Bound 219.6825
-148.98,Less Than Lower Bound -126.1455
-71.82,-71.82
84.9436,84.9436
-44.35904,-44.35904
52.92,52.92
13.68,13.68
144.57,144.57
24.624,24.624
15.24,15.24
95.4612,95.4612
-322.272,Less Than Lower Bound -126.1455
90.9,90.9
-102.952,-102.952
73.8,73.8
17.76,17.76
33.48,33.48
105.2468,105.2468
22,22
131.67,131.67
-107.9928,-107.9928
110.4,110.4
104.08,104.08
24.6,24.6
85.9957,85.9957
151.8,151.8
-74.704,-74.704
23.892,23.892
9.207,9.207
24.192,24.192
-19.116,-19.116
26.7,26.7
81.09,81.09
67.44,67.44
119.1435,119.1435
67.941,67.941
79.92,79.92
87.68,87.68
-30.51,-30.51
8.262,8.262
-127.46,Less Than Lower Bound -126.1455
-1.71,-1.71
-36.048,-36.048
-19.38,-19.38
13.7964,13.7964
73.26,73.26
86.9841,86.9841
63.384,63.384
-40.704,-40.704
-255.5875,Less Than Lower Bound -126.1455
-51.8272,-51.8272
99.54,99.54
27.24,27.24
-19.47,-19.47
-205.608,Less Than Lower Bound -126.1455
164.5,164.5
10.83,10.83
-270.756,Less Than Lower Bound -126.1455
217.8,217.8
22.2,22.2
110.4,110.4
213.06,213.06
-46.332,-46.332
19.008,19.008
52.2,52.2
-149.328,Less Than Lower Bound -126.1455
129.807,129.807
187.5,187.5
73.062,73.062
47.598,47.598
79.57464,79.57464
18.08,18.08
-35.3646,-35.3646
328.08,More than Upper Bound 219.6825
-597.924,Less Than Lower Bound -126.1455
61.56,61.56
-274.68,Less Than Lower Bound -126.1455
106.14,106.14
37.65,37.65
176.386,176.386
123.12,123.12
-20.352,-20.352
20.928,20.928
211.665,211.665
8.2,8.2
-115.0641,-115.0641
14.7582,14.7582
299.1,More than Upper Bound 219.6825
87,87
-14.544,-14.544
93.24,93.24
38.1576,38.1576
-86.472,-86.472
-280.035,Less Than Lower Bound -126.1455
68.4,68.4
18.536,18.536
134.654,134.654
43.68,43.68
-218.688,Less Than Lower Bound -126.1455
-79.908,-79.908
-22.686,-22.686
38.25,38.25
-20.672,-20.672
136.08,136.08
-358.992,Less Than Lower Bound -126.1455
100.4255,100.4255
18.27,18.27
220.68,More than Upper Bound 219.6825
70.8,70.8
113.6394,113.6394
95.04,95.04
106.56,106.56
27.756,27.756
361.92,More than Upper Bound 219.6825
16.02,16.02
103.98,103.98
-131.3184,Less Than Lower Bound -126.1455
66.66,66.66
12.705,12.705
139.2,139.2
-30.645,-30.645
140.328,140.328
44.307,44.307
32.8953,32.8953
-41.4192,-41.4192
0,0
145.2816,145.2816
140.391,140.391
191.28,191.28
-391.8,Less Than Lower Bound -126.1455
371.04,More than Upper Bound 219.6825
73.41,73.41
45.294,45.294
108.6,108.6
-389.1594,Less Than Lower Bound -126.1455
19.5,19.5
301.968,More than Upper Bound 219.6825
51.72,51.72
30.72,30.72
82.662,82.662
0,0
56.5662,56.5662
122.7,122.7
-46.137,-46.137
76.56,76.56
13.6305,13.6305
58.0716,58.0716
48.84,48.84
14.28,14.28
36.81,36.81
-255.591,Less Than Lower Bound -126.1455
-126.624,Less Than Lower Bound -126.1455
54.7756,54.7756
-23.58,-23.58
0,0
-44.94,-44.94
24.196,24.196
89.982,89.982
29.97,29.97
118.98,118.98
30.4,30.4
131.48112,131.48112
92.52,92.52
134.87152,134.87152
43.96,43.96
90.24,90.24
139.56,139.56
19.11,19.11
178.56,178.56
162.81,162.81
12.32,12.32
-39.312,-39.312
101.64,101.64
113.848,113.848
0,0
79.8,79.8
219.6546,219.6546
119.64,119.64
-118.86,-118.86
92.115,92.115
68.67,68.67
45.54,45.54
-2.9566,-2.9566
203.55,203.55
-12.432,-12.432
134.5665,134.5665
2.64,2.64
73.242,73.242
-11.6028,-11.6028
-780.642,Less Than Lower Bound -126.1455
176.4,176.4
-26.946,-26.946
944.9865,More than Upper Bound 219.6825
7.26,7.26
-156.75,Less Than Lower Bound -126.1455
24.12,24.12
45.4671,45.4671
206.6232,206.6232
30.54,30.54
19.5,19.5
10.02,10.02
36,36
-347.112,Less Than Lower Bound -126.1455
169.12,169.12
-146.88,Less Than Lower Bound -126.1455
-51.7191,-51.7191
8.098,8.098
143.28,143.28
109.04,109.04
4.32,4.32
16.6,16.6
41.535,41.535
-251.74512,Less Than Lower Bound -126.1455
56.4,56.4
-27.456,-27.456
149.72,149.72
10.86,10.86
60.6228,60.6228
148.41,148.41
77.52,77.52
74.4,74.4
122.025,122.025
-215.7966,Less Than Lower Bound -126.1455
29.7,29.7
17.1,17.1
-120.465,-120.465
287.16,More than Upper Bound 219.6825
73.92,73.92
40.44,40.44
-0.108,-0.108
39.213,39.213
-145.44,Less Than Lower Bound -126.1455
-7.416,-7.416
126.555,126.555
65.31,65.31
90,90
13.14,13.14
142.2,142.2
74.562,74.562
18.99,18.99
1.8,1.8
8.49,8.49
85.98,85.98
175.68,175.68
30.24,30.24
-66.12,-66.12
13.86,13.86
20.61,20.61
49.68,49.68
180.09,180.09
46.2,46.2
64.44,64.44
23.472,23.472
60.392,60.392
13.84,13.84
57,57
-312.78,Less Than Lower Bound -126.1455
165.5986,165.5986
67.4424,67.4424
140.88,140.88
-12.084,-12.084
2.88,2.88
155.19,155.19
-156.258,Less Than Lower Bound -126.1455
211.68,211.68
-174.752,Less Than Lower Bound -126.1455
174.48,174.48
39.98,39.98
28.4106,28.4106
29.61,29.61
-197.34,Less Than Lower Bound -126.1455
35.595,35.595
125.16,125.16
-184.8366,Less Than Lower Bound -126.1455
125.388,125.388
34.02,34.02
111.582,111.582
171.9914,171.9914
62.1376,62.1376
98.97,98.97
132.5898,132.5898
144,144
27.63,27.63
23.85,23.85
-167.3184,Less Than Lower Bound -126.1455
0,0
59.04,59.04
57.8298,57.8298
4.2606,4.2606
85.904,85.904
122.148,122.148
-175.0464,Less Than Lower Bound -126.1455
176.386,176.386
103.818,103.818
108.9,108.9
94.59,94.59
16.47,16.47
5.328,5.328
170.31,170.31
103.04,103.04
82.56,82.56
19.56,19.56
42.93,42.93
17.745,17.745
93,93
19.44,19.44
142.08,142.08
-69,-69
10.7772,10.7772
208.592,208.592
33.8,33.8
23.0886,23.0886
106.5,106.5
81.9,81.9
76.44,76.44
140.396,140.396
40.12,40.12
74.975,74.975
27.52,27.52
21,21
65.07,65.07
-199.617,Less Than Lower Bound -126.1455
68.04,68.04
-12.098,-12.098
61.56,61.56
16.7,16.7
107.82,107.82
111.96,111.96
114.24,114.24
-0.024,-0.024
35.6796,35.6796
75.15,75.15
118.272,118.272
-30.852,-30.852
62.321,62.321
59.67,59.67
97.44,97.44
-107.544,-107.544
50.8,50.8
37.86,37.86
-6.516,-6.516
6.3,6.3
164.94,164.94
41.16,41.16
23.028,23.028
209.34,209.34
109.71,109.71
25.053,25.053
131.76,131.76
29.32,29.32
13.7016,13.7016
105.2468,105.2468
39.54,39.54
117.96,117.96
49.5552,49.5552
39.6,39.6
38.8704,38.8704
81.18,81.18
59.4,59.4
-40.044,-40.044
160.92,160.92
64.2,64.2
197.244,197.244
76.2525,76.2525
-177.40392,Less Than Lower Bound -126.1455
17.694,17.694
33.36,33.36
76.5,76.5
52.65,52.65
-3.8025,-3.8025
43.8,43.8
185.7,185.7
79.05,79.05
41.55192,41.55192
93.15,93.15
93.12,93.12
4.8,4.8
-244.323,Less Than Lower Bound -126.1455
9.9882,9.9882
-0.0021,-0.0021
-378.4,Less Than Lower Bound -126.1455
41.28,41.28
-259.02,Less Than Lower Bound -126.1455
59.76,59.76
112.68,112.68
1.302,1.302
296.91,More than Upper Bound 219.6825
-592.146,Less Than Lower Bound -126.1455
31.86,31.86
-31.128,-31.128
26.67,26.67
24.525,24.525
213.888,213.888
-4.104,-4.104
134.3888,134.3888
31.69152,31.69152
50.208,50.208
7.29,7.29
55.9986,55.9986
85.56,85.56
-60.5598,-60.5598
127.26,127.26
91.146,91.146
0,0
-181.458,Less Than Lower Bound -126.1455
0,0
13.44,13.44
39.9,39.9
78.84,78.84
97.23,97.23
2.922,2.922
10.44,10.44
-550.3596,Less Than Lower Bound -126.1455
207.15,207.15
112.3508,112.3508
43.68,43.68
38.85,38.85
158.16,158.16
-24.928,-24.928
64.26,64.26
63.06,63.06
45.294,45.294
90.6444,90.6444
29.56016,29.56016
205.845,205.845
23.2,23.2
31.424,31.424
-2.9886,-2.9886
182.64,182.64
-1024.548,Less Than Lower Bound -126.1455
13.4715,13.4715
-47.1798,-47.1798
-42.256,-42.256
63.162,63.162
123.333,123.333
24.18,24.18
30.48,30.48
3.3,3.3
65.3,65.3
87.2842,87.2842
-27.444,-27.444
74.34,74.34
25.551,25.551
94.995,94.995
39.348,39.348
97.88,97.88
69.965,69.965
59.16,59.16
42.648,42.648
13.08,13.08
33,33
50.68776,50.68776
8.944,8.944
59.4,59.4
73.56,73.56
460.08,More than Upper Bound 219.6825
-216.765,Less Than Lower Bound -126.1455
-392.892,Less Than Lower Bound -126.1455
51.759,51.759
69.2,69.2
68.952,68.952
80.4839,80.4839
-281.28,Less Than Lower Bound -126.1455
19.8,19.8
72.648,72.648
107.5,107.5
31.02,31.02
-85.8,-85.8
91.8,91.8
86.64,86.64
193.032,193.032
141.915,141.915
46.602,46.602
-18.99,-18.99
76.9816,76.9816
98.85,98.85
185.4,185.4
9.24,9.24
50.805,50.805
105.15,105.15
-126.9,Less Than Lower Bound -126.1455
82.338,82.338
276.6,More than Upper Bound 219.6825
364.8,More than Upper Bound 219.6825
81.1734,81.1734
66.48,66.48
8.88,8.88
151.0944,151.0944
-81.79512,-81.79512
2.968,2.968
111.75,111.75
133.605,133.605
4.2,4.2
43.0311,43.0311
32.55,32.55
72,72
-68.1525,-68.1525
43.71,43.71
39.45,39.45
77.7,77.7
139.56,139.56
24.936,24.936
-19.8744,-19.8744
120.15,120.15
65.9934,65.9934
6.8,6.8
28.32,28.32
-126.252,Less Than Lower Bound -126.1455
89.7792,89.7792
86.82,86.82
62.1474,62.1474
-122.13,-122.13
-122.8005,-122.8005
26.08,26.08
31.149,31.149
-55.3,-55.3
145.17,145.17
-109.35,-109.35
57.456,57.456
21,21
-87.6672,-87.6672
69.1776,69.1776
125.94,125.94
8.7052,8.7052
80.04,80.04
0,0
103.26,103.26
56.0547,56.0547
140.5482,140.5482
3.64,3.64
42.006,42.006
117.32,117.32
182.52,182.52
-34.749,-34.749
159.66,159.66
193.8,193.8
125.271,125.271
-44.424,-44.424
-14.4,-14.4
80.0145,80.0145
8.208,8.208
474,More than Upper Bound 219.6825
30.4776,30.4776
155.68,155.68
-373.68,Less Than Lower Bound -126.1455
35.82,35.82
20.7,20.7
55.17,55.17
0,0
45.78,45.78
173.58,173.58
-5.8346,-5.8346
-36.4704,-36.4704
-57.3684,-57.3684
-93.4724,-93.4724
77.43,77.43
239.82,More than Upper Bound 219.6825
-110.0385,-110.0385
-20.82,-20.82
10.68,10.68
131.91,131.91
113.91,113.91
197.16,197.16
40.68,40.68
71.01,71.01
11.6,11.6
-344.16,Less Than Lower Bound -126.1455
132.72,132.72
88.83,88.83
-131.951,Less Than Lower Bound -126.1455
178.5,178.5
70.74,70.74
-317.016,Less Than Lower Bound -126.1455
42.0355,42.0355
45.06,45.06
-136.76,Less Than Lower Bound -126.1455
46.44,46.44
61.389,61.389
-215.52,Less Than Lower Bound -126.1455
7.2,7.2
104.46,104.46
38.52,38.52
64.518,64.518
37.0422,37.0422
11.198,11.198
-162.708,Less Than Lower Bound -126.1455
19.8,19.8
183.744,183.744
-63.252,-63.252
-210.9972,Less Than Lower Bound -126.1455
5.46,5.46
79.9056,79.9056
64.3678,64.3678
42.495,42.495
-195.96,Less Than Lower Bound -126.1455
-503.4105,Less Than Lower Bound -126.1455
163.8,163.8
90.96,90.96
67.56,67.56
374.6286,More than Upper Bound 219.6825
122.7,122.7
135.3,135.3
0,0
-49.192,-49.192
5.46,5.46
-39.285,-39.285
0,0
103.56,103.56
39.99,39.99
30.654,30.654
-36.015,-36.015
-29.1825,-29.1825
106.53,106.53
-24.615,-24.615
51.6,51.6
208.92,208.92
14.22,14.22
-486.54,Less Than Lower Bound -126.1455
94.23,94.23
15.93,15.93
15.9912,15.9912
89.3142,89.3142
1.92,1.92
104.31,104.31
-154.536,Less Than Lower Bound -126.1455
34.98,34.98
-75.168,-75.168
129.3786,129.3786
10.68,10.68
141.2,141.2
1.9488,1.9488
-300.936,Less Than Lower Bound -126.1455
-34.392,-34.392
78.78,78.78
48.9,48.9
67.869,67.869
-50.52,-50.52
-32.91,-32.91
12.599,12.599
78.12,78.12
178.11,178.11
7.623,7.623
71.796,71.796
92.88,92.88
61.0736,61.0736
-33.576,-33.576
-102.768,-102.768
218.715,218.715
91.7892,91.7892
53.07,53.07
87.72,87.72
56.52,56.52
45.6,45.6
40.8006,40.8006
45.36,45.36
36.294,36.294
112.62,112.62
-3.396,-3.396
-217.584,Less Than Lower Bound -126.1455
-82.884,-82.884
70.68,70.68
18.84,18.84
111.8,111.8
24.78,24.78
391.35,More than Upper Bound 219.6825
137.4,137.4
6.9,6.9
253.4,More than Upper Bound 219.6825
31.968,31.968
50.1,50.1
132.12,132.12
57.72,57.72
83.91,83.91
29.88,29.88
149.337,149.337
301.968,More than Upper Bound 219.6825
34.9825,34.9825
203.58,203.58
-255.78,Less Than Lower Bound -126.1455
98.37,98.37
142.8786,142.8786
-45.396,-45.396
25.05,25.05
102.06,102.06
134.5302,134.5302
104.9508,104.9508
-198.1,Less Than Lower Bound -126.1455
34.26,34.26
93.6,93.6
21.96,21.96
0,0
44.6,44.6
-60.606,-60.606
90.2871,90.2871
-357.618,Less Than Lower Bound -126.1455
25.92,25.92
95.04,95.04
-140.58,Less Than Lower Bound -126.1455
-70.1043,-70.1043
76.03164,76.03164
66.3,66.3
12.098,12.098
-24.324,-24.324
0,0
-93.2316,-93.2316
24.16,24.16
81.12,81.12
82.4775,82.4775
-56.5245,-56.5245
63.57,63.57
41.91,41.91
89.3142,89.3142
215.865,215.865
224.28,More than Upper Bound 219.6825
-5.856,-5.856
71.4,71.4
74.46,74.46
-263.4,Less Than Lower Bound -126.1455
116.52,116.52
48.96,48.96
225.9,More than Upper Bound 219.6825
146.97,146.97
12.24,12.24
232.11,More than Upper Bound 219.6825
-437.68,Less Than Lower Bound -126.1455
41.988,41.988
143.91,143.91
219.4416,219.4416
107.76,107.76
50.856,50.856
-95.934,-95.934
93.15,93.15
145.134,145.134
99.12,99.12
114.24,114.24
58.14,58.14
42.6,42.6
64.701,64.701
-17.952,-17.952
114.48,114.48
15.78,15.78
22.6764,22.6764
56.742,56.742
-39.637,-39.637
93.72,93.72
53.532,53.532
28.08,28.08
29.3877,29.3877
-420,Less Than Lower Bound -126.1455
284.22,More than Upper Bound 219.6825
49.122,49.122
-69.81,-69.81
50.922,50.922
-22.032,-22.032
100.86,100.86
-425.124,Less Than Lower Bound -126.1455
-127.44,Less Than Lower Bound -126.1455
27.264,27.264
-126.408,Less Than Lower Bound -126.1455
144.37608,144.37608
89.625,89.625
83.52,83.52
13.7646,13.7646
125.848,125.848
88.2,88.2
101.958,101.958
7.14,7.14
78.78,78.78
4.1,4.1
-30.342,-30.342
0,0
-8.204,-8.204
6.56,6.56
14.76,14.76
145.53,145.53
104.46,104.46
30.75,30.75
-199.752,Less Than Lower Bound -126.1455
-43.0296,-43.0296
83.76,83.76
189.56,189.56
77.4,77.4
70.44,70.44
20.5,20.5
30.7168,30.7168
0,0
143.916,143.916
-31.5624,-31.5624
123.4548,123.4548
101.64,101.64
64.7892,64.7892
4.2392,4.2392
50.04,50.04
60.1412,60.1412
30.66,30.66
143.718,143.718
37.44,37.44
52.362,52.362
44.1,44.1
35.88,35.88
73.62,73.62
31.29,31.29
24.72,24.72
5.082,5.082
46.02,46.02
-23.4882,-23.4882
-15.252,-15.252
128.16,128.16
189.4046,189.4046
82.98,82.98
49.35,49.35
21.36,21.36
56.376,56.376
207.9,207.9
16.5,16.5
89.55,89.55
71.784,71.784
18.24,18.24
30.372,30.372
64.44,64.44
161.46,161.46
25.677,25.677
14.651,14.651
155.68,155.68
143.16,143.16
61.08,61.08
62.28,62.28
-145.38,Less Than Lower Bound -126.1455
33.2156,33.2156
26.0316,26.0316
81.78,81.78
181.44,181.44
-137.244,Less Than Lower Bound -126.1455
-72.176,-72.176
83.688,83.688
89.32,89.32
18,18
30.392,30.392
-384.552,Less Than Lower Bound -126.1455
-22.8,-22.8
-75.192,-75.192
-93.44,-93.44
-125.208,-125.208
104.4,104.4
-4.9,-4.9
75.996,75.996
146.2405,146.2405
100.56,100.56
74.57552,74.57552
-44.64,-44.64
54,54
0,0
63.72064,63.72064
3.6354,3.6354
37.38,37.38
112.68,112.68
76.8,76.8
328.08,More than Upper Bound 219.6825
-7.7175,-7.7175
41.46,41.46
38.08,38.08
55.4,55.4
-316.74,Less Than Lower Bound -126.1455
161.16,161.16
130.62,130.62
40.8,40.8
15.2316,15.2316
141.54,141.54
203.58,203.58
29.9475,29.9475
85.5,85.5
0,0
79.5,79.5
-74.7795,-74.7795
56.3528,56.3528
0,0
57.81,57.81
397.62,More than Upper Bound 219.6825
76.176,76.176
40.86,40.86
327.12,More than Upper Bound 219.6825
39.78,39.78
5.3898,5.3898
-131.496,Less Than Lower Bound -126.1455
43.2,43.2
636.0003,More than Upper Bound 219.6825
20.58,20.58
87.84,87.84
-81.8685,-81.8685
8.28,8.28
4,4
56.16,56.16
61.536,61.536
39.12,39.12
34.545,34.545
51.012,51.012
87.864,87.864
43.2,43.2
38.844,38.844
164.94,164.94
202.2528,202.2528
-197.316,Less Than Lower Bound -126.1455
226.86712,More than Upper Bound 219.6825
-22.974,-22.974
20.88,20.88
-10.413,-10.413
-29.7,-29.7
60.39,60.39
65.88,65.88
20.88,20.88
-14.592,-14.592
81.9,81.9
137.994,137.994
23.028,23.028
68.31,68.31
88.29,88.29
-117.846,-117.846
26.352,26.352
150.984,150.984
23.9984,23.9984
35.0973,35.0973
24.48,24.48
44.6,44.6
-0.063,-0.063
14.0652,14.0652
-32.8563,-32.8563
12.42,12.42
72,72
-85.128,-85.128
255.804,More than Upper Bound 219.6825
-333.372,Less Than Lower Bound -126.1455
97.293,97.293
30.45,30.45
7.8,7.8
62.4,62.4
20.064,20.064
174.45,174.45
-173.655,Less Than Lower Bound -126.1455
29.601,29.601
-86.232,-86.232
-87.9354,-87.9354
-104.648,-104.648
158.6,158.6
70.4,70.4
107.94,107.94
-170.784,Less Than Lower Bound -126.1455
112.62,112.62
27,27
72.3234,72.3234
-459.858,Less Than Lower Bound -126.1455
24.57,24.57
201.15,201.15
27.222,27.222
-110.34,-110.34
92.88,92.88
74.184,74.184
56.8,56.8
59.2275,59.2275
3.3,3.3
-7.929,-7.929
-369.72,Less Than Lower Bound -126.1455
-18.186,-18.186
88.3948,88.3948
-9.405,-9.405
-65.34,-65.34
30.75,30.75
83.97,83.97
14.616,14.616
13.596,13.596
158.88,158.88
-59.136,-59.136
8.8784,8.8784
-14.5176,-14.5176
96.884,96.884
-110.91,-110.91
-286.65,Less Than Lower Bound -126.1455
-75.72,-75.72
38.5722,38.5722
27.7158,27.7158
118.98,118.98
331.44,More than Upper Bound 219.6825
-272.58,Less Than Lower Bound -126.1455
42.54,42.54
113.9886,113.9886
147.0896,147.0896
-570.048,Less Than Lower Bound -126.1455
39.48,39.48
139.68,139.68
-27.696,-27.696
355.5,More than Upper Bound 219.6825
33.15,33.15
15.48,15.48
-7.929,-7.929
80.838,80.838
-282.072,Less Than Lower Bound -126.1455
16.38,16.38
213.735,213.735
120.9468,120.9468
-23.5764,-23.5764
5.94,5.94
33.33912,33.33912
100.62,100.62
-428.736,Less Than Lower Bound -126.1455
54.27,54.27
118.26,118.26
-23.706,-23.706
11.52,11.52
36.384,36.384
197.71296,197.71296
29.304,29.304
146.76,146.76
-11.08,-11.08
58.86,58.86
24.84,24.84
-95.934,-95.934
-1031.5385,Less Than Lower Bound -126.1455
2.352,2.352
78.72,78.72
-9.69,-9.69
15.3,15.3
53.28,53.28
-245.936,Less Than Lower Bound -126.1455
-10.035,-10.035
121.59,121.59
-18.1176,-18.1176
-169.626,Less Than Lower Bound -126.1455
10.3473,10.3473
23.992,23.992
-342.08,Less Than Lower Bound -126.1455
-11.9142,-11.9142
297.69,More than Upper Bound 219.6825
92.3,92.3
-129.99,Less Than Lower Bound -126.1455
31.0688,31.0688
121.6125,121.6125
84.495,84.495
46.8,46.8
52.08,52.08
107.52,107.52
115.32,115.32
109.88,109.88
-202.98,Less Than Lower Bound -126.1455
250.38,More than Upper Bound 219.6825
145.74,145.74
12.24,12.24
5.22,5.22
21.906,21.906
42.8935,42.8935
136.28,136.28
-77.484,-77.484
95.0968,95.0968
0,0
-20.0664,-20.0664
113.64,113.64
95.34,95.34
-36.2925,-36.2925
76.704,76.704
56.196,56.196
57.12,57.12
311.7,More than Upper Bound 219.6825
8.58,8.58
44.916,44.916
11.592,11.592
71.46,71.46
60.6,60.6
212.82,212.82
35.04,35.04
159.84,159.84
67.08,67.08
170.5113,170.5113
-35.5136,-35.5136
136.08,136.08
31.23,31.23
-43.07044,-43.07044
-468.016,Less Than Lower Bound -126.1455
-95.6,-95.6
232.083,More than Upper Bound 219.6825
236.04,More than Upper Bound 219.6825
-280.92,Less Than Lower Bound -126.1455
67.92,67.92
105.3,105.3
181.9818,181.9818
30.0768,30.0768
11.772,11.772
54.9,54.9
-54.7908,-54.7908
111.824,111.824
-20.7846,-20.7846
29.88,29.88
208.08,208.08
30.6,30.6
39.573,39.573
39.6879,39.6879
118.3704,118.3704
4.947,4.947
42.174,42.174
96.3438,96.3438
40.3128,40.3128
18.21,18.21
37.2,37.2
10.011,10.011
-119.988,-119.988
75.44,75.44
69.18,69.18
67.495,67.495
-73.41,-73.41
20.382,20.382
38.94,38.94
97.44,97.44
37.935,37.935
105.6456,105.6456
184.26,184.26
85.28,85.28
217.71804,217.71804
110.16,110.16
26.766,26.766
61.71,61.71
83.4,83.4
1.5,1.5
-6.098,-6.098
22.4082,22.4082
205.5,205.5
-78.68,-78.68
15.615,15.615
129.003,129.003
88.8,88.8
8.67,8.67
96.3,96.3
33.44,33.44
92.994,92.994
43.5537,43.5537
74.55,74.55
33.42,33.42
11.04,11.04
-47.655,-47.655
-149.4432,Less Than Lower Bound -126.1455
2.1,2.1
290.43,More than Upper Bound 219.6825
-0.09,-0.09
11.34,11.34
-39.04,-39.04
78.072,78.072
-14.9877,-14.9877
96.3,96.3
178.318,178.318
40.44,40.44
88.92,88.92
110.421,110.421
-3.879,-3.879
29.97,29.97
52.7934,52.7934
5.94,5.94
77.672,77.672
53.46,53.46
-7.929,-7.929
69.72,69.72
-124.02,-124.02
-302.72,Less Than Lower Bound -126.1455
43.38,43.38
79.86,79.86
-0.063,-0.063
69.705,69.705
-479.988,Less Than Lower Bound -126.1455
-219.832,Less Than Lower Bound -126.1455
0.882,0.882
106.395,106.395
31.68,31.68
-20.034,-20.034
27.82,27.82
86.94,86.94
-119.274,-119.274
144,144
21.72,21.72
-13.68,-13.68
27.81,27.81
21.48,21.48
243,More than Upper Bound 219.6825
-188.7,Less Than Lower Bound -126.1455
-84.512,-84.512
-25.9136,-25.9136
45.72,45.72
-53.796,-53.796
78.96,78.96
-272.16,Less Than Lower Bound -126.1455
62.028,62.028
0,0
11.4,11.4
48.96,48.96
31.5,31.5
33.15,33.15
-5.58,-5.58
97.6524,97.6524
73.464,73.464
122.7,122.7
86.28,86.28
-31.14,-31.14
33.744,33.744
29.664,29.664
89.55,89.55
28.98,28.98
56.517,56.517
160.623,160.623
45.6,45.6
83.7,83.7
70.2,70.2
251.097,More than Upper Bound 219.6825
35.6526,35.6526
44.4,44.4
131.13,131.13
47.04,47.04
8.4,8.4
13.8528,13.8528
21.12,21.12
-63.81,-63.81
123.228,123.228
11.808,11.808
105.8316,105.8316
102.45,102.45
118.8,118.8
-157.0095,Less Than Lower Bound -126.1455
63.87,63.87
-319.248,Less Than Lower Bound -126.1455
13.72,13.72
106.26,106.26
63.726,63.726
61.38,61.38
93.5948,93.5948
-127.32,Less Than Lower Bound -126.1455
59.7,59.7
94.782,94.782
182.82,182.82
31.198,31.198
52.92,52.92
-42.06,-42.06
33.948,33.948
-2.907,-2.907
12.792,12.792
40.95,40.95
71.88,71.88
17.34,17.34
70.5,70.5
49.4,49.4
-799.568,Less Than Lower Bound -126.1455
-27.372,-27.372
1.9,1.9
17.9624,17.9624
-25.68,-25.68
5.76,5.76
45.76568,45.76568
148.05,148.05
29.0325,29.0325
1.3098,1.3098
5.22,5.22
-5.2002,-5.2002
85.5,85.5
29.994,29.994
68.976,68.976
140.5957,140.5957
0,0
54.48,54.48
5.4,5.4
12.72,12.72
62.16,62.16
-112.92,-112.92
-73.176,-73.176
56.76,56.76
74.475,74.475
-15.1398,-15.1398
-0.162,-0.162
3.69,3.69
42,42
40.86,40.86
-66.0612,-66.0612
57.36,57.36
124,124
11.628,11.628
-357.075,Less Than Lower Bound -126.1455
0.96,0.96
34.44,34.44
-303.576,Less Than Lower Bound -126.1455
35.04,35.04
19.98,19.98
142.86,142.86
-989.856,Less Than Lower Bound -126.1455
34.56,34.56
54.6,54.6
43.0208,43.0208
11.28,11.28
20.6016,20.6016
93.72,93.72
357.15,More than Upper Bound 219.6825
27.1032,27.1032
198.46,198.46
53.49,53.49
55.4,55.4
0,0
188.85088,188.85088
-69.525,-69.525
42.84,42.84
-132.7509,Less Than Lower Bound -126.1455
168.4,168.4
15.488,15.488
61.74,61.74
149.652,149.652
151.52,151.52
-142.912,Less Than Lower Bound -126.1455
4.92,4.92
-92.6475,-92.6475
-52.216,-52.216
-511.4436,Less Than Lower Bound -126.1455
10.4784,10.4784
100.1403,100.1403
-30.5,-30.5
98.28,98.28
224.532,More than Upper Bound 219.6825
-41.4,-41.4
90.735,90.735
49.28,49.28
50.56,50.56
127.62,127.62
97.38,97.38
122.2936,122.2936
81.9,81.9
194.4,194.4
-45.69,-45.69
-176.112,Less Than Lower Bound -126.1455
4.86,4.86
447.279,More than Upper Bound 219.6825
152.88,152.88
-116.226,-116.226
-64.101,-64.101
127.05,127.05
24.822,24.822
84.6,84.6
53.3706,53.3706
0,0
148.41,148.41
245.04,More than Upper Bound 219.6825
21.9945,21.9945
17.994,17.994
80.7772,80.7772
161.9919,161.9919
82.3,82.3
137.46,137.46
-35.2152,-35.2152
229.98,More than Upper Bound 219.6825
103.2,103.2
73.68,73.68
-15.012,-15.012
59.7732,59.7732
170.94,170.94
8.25,8.25
179.76,179.76
11.408,11.408
19.953,19.953
49.308,49.308
123.96,123.96
10.89,10.89
120.48,120.48
163.56,163.56
100.5768,100.5768
-29.6058,-29.6058
-225.84,Less Than Lower Bound -126.1455
103.68,103.68
-135.126,Less Than Lower Bound -126.1455
185.52,185.52
9,9
28.83,28.83
66.36,66.36
18.48,18.48
30.81,30.81
42.8,42.8
40.14,40.14
17.55,17.55
0,0
58.56,58.56
-129.54,Less Than Lower Bound -126.1455
33.552,33.552
-22.47,-22.47
-229.1958,Less Than Lower Bound -126.1455
181.656,181.656
-73.359,-73.359
59.4,59.4
12.288,12.288
25.12,25.12
78.03,78.03
113.84896,113.84896
-269.6,Less Than Lower Bound -126.1455
133.152,133.152
84.28,84.28
-193.056,Less Than Lower Bound -126.1455
47.0351,47.0351
153.4725,153.4725
89.55,89.55
-14.556,-14.556
88.83,88.83
21.12,21.12
71.88,71.88
53.22,53.22
2.76,2.76
-111.22116,-111.22116
-42.8967,-42.8967
113.67,113.67
85.26,85.26
2.274,2.274
40.392,40.392
65.2064,65.2064
162,162
117.9,117.9
-224.756,Less Than Lower Bound -126.1455
-790.35,Less Than Lower Bound -126.1455
173.235,173.235
19.8,19.8
-95.52,-95.52
75.24,75.24
82.98,82.98
54.24,54.24
51.15,51.15
58.02,58.02
46.26,46.26
43.8,43.8
-77.796,-77.796
-209.688,Less Than Lower Bound -126.1455
178.8,178.8
28.29,28.29
17.91,17.91
95.04,95.04
-62.82,-62.82
159.63,159.63
14.982,14.982
6.3,6.3
-77.253,-77.253
18.04,18.04
41.06,41.06
5.7,5.7
62.385,62.385
-20.7,-20.7
102.96,102.96
23.232,23.232
141.258,141.258
110.997,110.997
-18.1176,-18.1176
-480.69,Less Than Lower Bound -126.1455
-48.7839,-48.7839
26.16,26.16
-251.388,Less Than Lower Bound -126.1455
-59.49,-59.49
-612.432,Less Than Lower Bound -126.1455
122.52,122.52
47.94,47.94
36.4736,36.4736
122.64,122.64
78.96,78.96
13.14,13.14
-142.2006,Less Than Lower Bound -126.1455
22.68,22.68
67.62,67.62
-0.063,-0.063
-0.012,-0.012
-3.996,-3.996
17.28,17.28
61.05,61.05
-75.8304,-75.8304
-65.16,-65.16
-49.356,-49.356
50.46,50.46
-9.888,-9.888
-87.45,-87.45
14.48972,14.48972
96.36,96.36
134.364,134.364
-75.5958,-75.5958
9,9
84.666,84.666
110.3625,110.3625
70.92,70.92
0,0
65.9344,65.9344
63.68,63.68
68.13,68.13
-67.6704,-67.6704
-170.118,Less Than Lower Bound -126.1455
58.56,58.56
-77.856,-77.856
24,24
137.71024,137.71024
-12.8781,-12.8781
36.15,36.15
0,0
130.26,130.26
162.12,162.12
29.385,29.385
116.76,116.76
12.936,12.936
-161.875,Less Than Lower Bound -126.1455
17.68,17.68
99.441,99.441
16.6788,16.6788
-356.9643,Less Than Lower Bound -126.1455
83.94,83.94
84.399,84.399
78.6828,78.6828
-3.86,-3.86
88.56,88.56
4.833,4.833
15.6,15.6
5.44,5.44
55.728,55.728
18.2196,18.2196
120.48,120.48
-189.8,Less Than Lower Bound -126.1455
-30.744,-30.744
59.76,59.76
10.2588,10.2588
82.56,82.56
-73.632,-73.632
26.24,26.24
4.59,4.59
159.76,159.76
-1181.2824,Less Than Lower Bound -126.1455
188.78508,188.78508
41.76,41.76
60.66,60.66
80.4,80.4
45.024,45.024
-8.694,-8.694
37.35,37.35
85.2,85.2
10.02,10.02
65.7,65.7
31.88,31.88
115.305,115.305
3.12,3.12
-60.528,-60.528
162.484,162.484
90.588,90.588
41.2407,41.2407
137.2896,137.2896
6.20988,6.20988
0,0
9.102,9.102
66.48,66.48
97.56,97.56
112.77,112.77
138.3,138.3
67.92,67.92
-141.96,Less Than Lower Bound -126.1455
49.764,49.764
-91.04416,-91.04416
60.2553,60.2553
21.72,21.72
292.8,More than Upper Bound 219.6825
-133.29,Less Than Lower Bound -126.1455
26.73,26.73
-136.362,Less Than Lower Bound -126.1455
0,0
-32.208,-32.208
-75.168,-75.168
50.4,50.4
9.36,9.36
146.7,146.7
17.64,17.64
-8.775,-8.775
3.51,3.51
-7.7247,-7.7247
-22.272,-22.272
82.08,82.08
103.8982,103.8982
28.4364,28.4364
70.128,70.128
67.992,67.992
560.7882,More than Upper Bound 219.6825
44.8896,44.8896
-18.216,-18.216
152.495,152.495
34.536,34.536
70.8,70.8
70.9644,70.9644
45.06,45.06
-23.892,-23.892
26.7,26.7
126.48,126.48
61.44,61.44
57.87,57.87
-4.8392,-4.8392
112.788,112.788
92.58,92.58
89.88,89.88
69.12,69.12
8.232,8.232
-56.562,-56.562
-78.372,-78.372
5.88,5.88
53.07,53.07
75.096,75.096
71.4,71.4
93.44,93.44
18.9,18.9
18.0375,18.0375
50.88,50.88
-15.098,-15.098
46.9,46.9
46.86,46.86
47.79,47.79
46.225,46.225
7.476,7.476
-57.6312,-57.6312
-46.56,-46.56
146.28,146.28
60.429,60.429
36.09,36.09
54.9,54.9
209.124,209.124
41.2938,41.2938
56.9943,56.9943
53.28,53.28
3.4092,3.4092
21.6,21.6
22.512,22.512
40.6878,40.6878
218.20704,218.20704
-84.672,-84.672
64.98,64.98
4.92,4.92
76.272,76.272
2.91556,2.91556
76.6395,76.6395
-138.69,Less Than Lower Bound -126.1455
154.8426,154.8426
-43.605,-43.605
28.3995,28.3995
-25.182,-25.182
57.84,57.84
194.7945,194.7945
84.24,84.24
179.28,179.28
47.6,47.6
327.3408,More than Upper Bound 219.6825
86.7375,86.7375
-7.9428,-7.9428
141.03,141.03
103.44,103.44
39.7488,39.7488
219.4514,219.4514
127.71,127.71
67.8,67.8
-34.173,-34.173
105.0426,105.0426
71.88,71.88
-20.028,-20.028
41.4,41.4
65.88,65.88
209.01,209.01
-320.597,Less Than Lower Bound -126.1455
-575.724,Less Than Lower Bound -126.1455
81.9,81.9
-5.184,-5.184
30.48,30.48
65.82,65.82
55.5,55.5
-22.41,-22.41
-68.1096,-68.1096
-242.955,Less Than Lower Bound -126.1455
19.782,19.782
14.82,14.82
31.032,31.032
92.04,92.04
180.96,180.96
175.86,175.86
-14.4588,-14.4588
123.9,123.9
-66.528,-66.528
120.9468,120.9468
64.98,64.98
89.28,89.28
11.16,11.16
46.6578,46.6578
27.48,27.48
26.6265,26.6265
31.491,31.491
17.19,17.19
48.36,48.36
-4.068,-4.068
-766.012,Less Than Lower Bound -126.1455
100.23,100.23
14.76,14.76
88.05,88.05
62.208,62.208
-112.041,-112.041
85.68,85.68
6.624,6.624
64.44,64.44
45.42,45.42
38.61,38.61
19.74,19.74
-135.028,Less Than Lower Bound -126.1455
65.88,65.88
70.92,70.92
16.35,16.35
-16.41,-16.41
31.98,31.98
41.85,41.85
130.41,130.41
65.7999,65.7999
91.41,91.41
35.6013,35.6013
-202.88,Less Than Lower Bound -126.1455
136.26,136.26
32.4688,32.4688
-11.757,-11.757
43.8,43.8
33.5888,33.5888
-13.433,-13.433
145.0696,145.0696
-111.054,-111.054
7.56,7.56
-0.008,-0.008
7.68,7.68
32.655,32.655
63.117,63.117
125.99,125.99
49.248,49.248
166.3848,166.3848
1.986,1.986
88.98,88.98
204.864,204.864
228.24,More than Upper Bound 219.6825
-89.376,-89.376
1.92,1.92
128.7,128.7
79.8,79.8
78.852,78.852
74.6274,74.6274
107.73,107.73
83.34,83.34
167.43,167.43
-64.38,-64.38
25.038,25.038
51.474,51.474
57.27,57.27
86.22,86.22
31.8,31.8
-8.52,-8.52
81.468,81.468
38.85,38.85
-27.624,-27.624
31.6,31.6
50.805,50.805
113.85,113.85
78.72,78.72
-23.817,-23.817
0,0
27.72,27.72
25.0182,25.0182
-265.392,Less Than Lower Bound -126.1455
65.28,65.28
41.472,41.472
113.4,113.4
-178.19792,Less Than Lower Bound -126.1455
-6.4275,-6.4275
46.74,46.74
59.94,59.94
37.2,37.2
37.275,37.275
112.4064,112.4064
-138.6,Less Than Lower Bound -126.1455
-37.452,-37.452
-52.308,-52.308
57.42,57.42
142.38,142.38
24.03,24.03
30.87,30.87
180.24,180.24
63.27,63.27
29.28,29.28
215.64,215.64
54.3267,54.3267
61.389,61.389
-260.964,Less Than Lower Bound -126.1455
205.59,205.59
56.76,56.76
55.17,55.17
102.6,102.6
243.3,More than Upper Bound 219.6825
-176.58,Less Than Lower Bound -126.1455
97.68,97.68
-85.98,-85.98
7.32,7.32
117.81,117.81
28.3095,28.3095
21.84,21.84
103.28268,103.28268
34.767,34.767
-39.1248,-39.1248
111.576,111.576
10.44,10.44
-2.88,-2.88
-194.526,Less Than Lower Bound -126.1455
-319.58992,Less Than Lower Bound -126.1455
151.4064,151.4064
99.9408,99.9408
9.48,9.48
28.7196,28.7196
-12.8392,-12.8392
45.9,45.9
18.1764,18.1764
3.5,3.5
121.71,121.71
80.58,80.58
-318.15,Less Than Lower Bound -126.1455
0,0
56.4,56.4
-134.892,Less Than Lower Bound -126.1455
14.04,14.04
71.7,71.7
33.96,33.96
50.46,50.46
49.14,49.14
-83.1,-83.1
158.76,158.76
10.128,10.128
-571.32,Less Than Lower Bound -126.1455
94.14,94.14
25.6,25.6
-52.7535,-52.7535
33.81,33.81
45.48,45.48
133.2,133.2
63.33,63.33
236.04,More than Upper Bound 219.6825
-131.076,Less Than Lower Bound -126.1455
-6.66,-6.66
15.399,15.399
-169.372,Less Than Lower Bound -126.1455
75.6952,75.6952
33.96,33.96
71.19,71.19
-165.03,Less Than Lower Bound -126.1455
5.9988,5.9988
94,94
46.8,46.8
206.37,206.37
-77.5302,-77.5302
177.198,177.198
12.7656,12.7656
50.396,50.396
37.495,37.495
15,15
-179.376,Less Than Lower Bound -126.1455
-111.3,-111.3
0,0
34.26,34.26
92.88,92.88
-6.705,-6.705
-320.2395,Less Than Lower Bound -126.1455
44.52,44.52
69.45,69.45
26.085,26.085
4.2,4.2
-449.82,Less Than Lower Bound -126.1455
28.2,28.2
83.268,83.268
-28.32,-28.32
-111.4995,-111.4995
18.873,18.873
60.8832,60.8832
109.7208,109.7208
10.44,10.44
37.05,37.05
-6.48,-6.48
-166.84,Less Than Lower Bound -126.1455
137.34,137.34
15.3522,15.3522
67.128,67.128
9.044,9.044
15.804,15.804
17.745,17.745
137.16,137.16
17.84,17.84
25.038,25.038
-155.88,Less Than Lower Bound -126.1455
20.46,20.46
40.208,40.208
-23.922,-23.922
7.6,7.6
82.32,82.32
252.6,More than Upper Bound 219.6825
59.76,59.76
60.392,60.392
166.90152,166.90152
42.6,42.6
109.7226,109.7226
-12.4,-12.4
35.2,35.2
14.625,14.625
-4.344,-4.344
-85.728,-85.728
24.7275,24.7275
-59.296,-59.296
0,0
387.5676,More than Upper Bound 219.6825
38.16,38.16
66.3,66.3
-57.51,-57.51
196.47,196.47
112.4928,112.4928
20.88,20.88
60.12,60.12
-39.6,-39.6
40.68,40.68
49.5,49.5
102.06,102.06
25.38,25.38
83.58,83.58
113.8,113.8
-338.64,Less Than Lower Bound -126.1455
142.568,142.568
83.364,83.364
133.8624,133.8624
-80.244,-80.244
9,9
76.5484,76.5484
-113.282,-113.282
100.8,100.8
32.3982,32.3982
99.9012,99.9012
-34.758,-34.758
-482.124,Less Than Lower Bound -126.1455
-44.16,-44.16
-157.71,Less Than Lower Bound -126.1455
0,0
-69.4722,-69.4722
-241.545,Less Than Lower Bound -126.1455
-16.41,-16.41
50.5632,50.5632
14.79,14.79
238.05,More than Upper Bound 219.6825
0,0
89.88,89.88
-11.32,-11.32
199.7,199.7
148.74,148.74
1.7904,1.7904
217.767,217.767
-255.048,Less Than Lower Bound -126.1455
88.26,88.26
69.813,69.813
22.9557,22.9557
50.148,50.148
39.6,39.6
18.5391,18.5391
51.36,51.36
43.2243,43.2243
129.45,129.45
7.68,7.68
-82.056,-82.056
226.962,More than Upper Bound 219.6825
45.528,45.528
62.748,62.748
40.1702,40.1702
-2.124,-2.124
70.128,70.128
4.496,4.496
19.68,19.68
33.945,33.945
-196.824,Less Than Lower Bound -126.1455
70.2,70.2
-76.752,-76.752
14.184,14.184
15.93,15.93
2476.44,More than Upper Bound 219.6825
-4.068,-4.068
21.1,21.1
59.64,59.64
115.92,115.92
-192.0468,Less Than Lower Bound -126.1455
93.884,93.884
228.36,More than Upper Bound 219.6825
-146.112,Less Than Lower Bound -126.1455
105.84,105.84
34.41664,34.41664
75.402,75.402
52.734,52.734
175.88,175.88
42.588,42.588
168.24,168.24
56.88,56.88
23.9984,23.9984
-77.968,-77.968
36.96,36.96
27.765,27.765
131.76,131.76
72.9,72.9
44.16,44.16
3.96,3.96
138.84,138.84
20.61,20.61
33.831,33.831
-24.392,-24.392
66.24,66.24
41.85,41.85
-86.3664,-86.3664
25.56,25.56
110.376,110.376
89.997,89.997
56.808,56.808
39.6,39.6
24.57,24.57
32.04,32.04
-27.51,-27.51
105.0756,105.0756
173.34,173.34
17.76,17.76
21.42,21.42
43.2,43.2
29.556,29.556
43.8408,43.8408
68.585,68.585
26.88,26.88
-32.864,-32.864
51.72,51.72
-24.666,-24.666
53.64,53.64
14.28,14.28
-223.08,Less Than Lower Bound -126.1455
88.788,88.788
-177.345,Less Than Lower Bound -126.1455
8.505,8.505
10.86,10.86
186.75,186.75
7,7
14.49,14.49
183.15,183.15
2.232,2.232
76.03164,76.03164
79.32,79.32
16.74,16.74
47.46,47.46
-50.3928,-50.3928
24.3,24.3
34.2,34.2
0,0
143.082,143.082
89.775,89.775
91.6104,91.6104
-34.728,-34.728
-90.225,-90.225
98.58,98.58
4.74,4.74
31.482,31.482
62.352,62.352
23.84,23.84
-1399.244,Less Than Lower Bound -126.1455
-63.42,-63.42
30.372,30.372
-0.0072,-0.0072
-59.4045,-59.4045
0,0
-78.7386,-78.7386
-26.739,-26.739
108.9,108.9
-76.5,-76.5
96.6,96.6
62.7525,62.7525
46.3185,46.3185
-103.266,-103.266
92.38,92.38
88.8,88.8
63.8,63.8
54.96,54.96
1.5,1.5
-127.5792,Less Than Lower Bound -126.1455
-3.36,-3.36
72.6408,72.6408
185.85,185.85
-110.7375,-110.7375
68.88,68.88
106.8,106.8
40.64,40.64
113.2,113.2
141.723,141.723
-55.83,-55.83
30.24,30.24
64.44,64.44
46.86,46.86
0,0
63.09,63.09
56.01,56.01
-204.3,Less Than Lower Bound -126.1455
21.42,21.42
61.5696,61.5696
-58.464,-58.464
2.2728,2.2728
-228.582,Less Than Lower Bound -126.1455
25.8,25.8
32.32,32.32
-154.512,Less Than Lower Bound -126.1455
129.474,129.474
46.5,46.5
38.04,38.04
25.92,25.92
15.78,15.78
3.5,3.5
-139.266,Less Than Lower Bound -126.1455
212.52,212.52
145.8,145.8
-1.44,-1.44
34.854,34.854
128.88,128.88
32.4,32.4
4.788,4.788
28.44,28.44
35.2604,35.2604
49.041,49.041
23.235,23.235
-4.4829,-4.4829
34.692,34.692
31.92,31.92
63.42,63.42
-29.97,-29.97
48.06,48.06
24.96,24.96
110.52,110.52
187.608,187.608
-26.496,-26.496
118.92,118.92
60.74,60.74
21.48,21.48
-197.4,Less Than Lower Bound -126.1455
144,144
243.3,More than Upper Bound 219.6825
-83.436,-83.436
71.46,71.46
102.06,102.06
55.08,55.08
-39.06,-39.06
62.523,62.523
115.5,115.5
-0.024,-0.024
17.847,17.847
-111.456,-111.456
130.5,130.5
30.726,30.726
14.79,14.79
38.52,38.52
54.4,54.4
114.12,114.12
8.469,8.469
46.575,46.575
139.99,139.99
33.66,33.66
52.08,52.08
119.2,119.2
-47.0583,-47.0583
11.04,11.04
133.28,133.28
-18.612,-18.612
17.9982,17.9982
242.48,More than Upper Bound 219.6825
-46.8,-46.8
91.9508,91.9508
82.2906,82.2906
-68.64,-68.64
144.72,144.72
-45.756,-45.756
7.2,7.2
13.62,13.62
9.12,9.12
-58.5048,-58.5048
132.48,132.48
135.72,135.72
167.808,167.808
-17.46,-17.46
21.96,21.96
-21.6,-21.6
12.599,12.599
20.16,20.16
-172.08,Less Than Lower Bound -126.1455
11.1,11.1
-116.59696,-116.59696
127.872,127.872
8.58,8.58
60.96,60.96
41.04,41.04
80.16,80.16
69.84,69.84
101.64,101.64
23.1,23.1
41.85,41.85
-4.224,-4.224
20.58,20.58
-699.78,Less Than Lower Bound -126.1455
33.176,33.176
97.38,97.38
-310.968,Less Than Lower Bound -126.1455
116.8,116.8
64.845,64.845
8.2854,8.2854
-110.16,-110.16
-14.12656,-14.12656
-140.3703,Less Than Lower Bound -126.1455
110.34,110.34
-358.048,Less Than Lower Bound -126.1455
207.45,207.45
-2.487,-2.487
8.262,8.262
-52.3125,-52.3125
65.31,65.31
6.8,6.8
40.65,40.65
66.03,66.03
303.3408,More than Upper Bound 219.6825
72.9,72.9
13.56,13.56
-3.516,-3.516
33.24,33.24
86.646,86.646
75.63,75.63
91.2,91.2
-119.2312,-119.2312
100.4255,100.4255
38.2,38.2
56.88,56.88
73.71,73.71
23.22,23.22
-32.2362,-32.2362
163.62,163.62
238.8,More than Upper Bound 219.6825
-112.896,-112.896
38.988,38.988
89.28,89.28
49.869,49.869
44.16,44.16
63.384,63.384
132.45,132.45
100.86,100.86
87.66,87.66
83.58,83.58
32.76,32.76
2.748,2.748
43.86,43.86
86.28,86.28
67.1916,67.1916
-163.152,Less Than Lower Bound -126.1455
69.675,69.675
61.6,61.6
108.08,108.08
-0.027,-0.027
68.4,68.4
158.13,158.13
147.51,147.51
53.46,53.46
50.1,50.1
49.86,49.86
91.62,91.62
-62.208,-62.208
149.16,149.16
59.5,59.5
84.48,84.48
-31.3722,-31.3722
22.512,22.512
97.05948,97.05948
213.12,213.12
33.144,33.144
13.59,13.59
195.57,195.57
22.68,22.68
-31.05,-31.05
-123.33,-123.33
57.6,57.6
160.6,160.6
18.767,18.767
58.16,58.16
210.87,210.87
6.51,6.51
-9.876,-9.876
-118.5639,-118.5639
66.42,66.42
-24.843,-24.843
-157.47,Less Than Lower Bound -126.1455
52.92,52.92
61.71,61.71
41.76,41.76
-57.1152,-57.1152
63.24,63.24
69.3,69.3
71.58,71.58
79.44,79.44
11.4,11.4
-29.48,-29.48
35.76,35.76
17.9592,17.9592
79.92,79.92
105.066,105.066
0,0
199.2606,199.2606
0,0
35.56,35.56
17.1,17.1
111.591,111.591
41.2938,41.2938
-18.2352,-18.2352
-27.444,-27.444
37.278,37.278
-149.1,Less Than Lower Bound -126.1455
-6.33,-6.33
112.464,112.464
4.23,4.23
217.64568,217.64568
115.92,115.92
-7.389,-7.389
-202.344,Less Than Lower Bound -126.1455
13.08,13.08
71.742,71.742
4.8,4.8
166.6,166.6
110.96,110.96
179.82,179.82
162.582,162.582
8.2,8.2
65.64,65.64
17.20832,17.20832
174.72,174.72
212.76,212.76
0,0
-132.42456,Less Than Lower Bound -126.1455
114.24,114.24
-74.9205,-74.9205
79.8795,79.8795
13.77,13.77
110.34,110.34
-82.872,-82.872
74.16,74.16
1.38,1.38
118.02,118.02
14.22,14.22
36,36
1.08,1.08
46.5,46.5
55.764,55.764
182.82,182.82
158.544,158.544
15.93,15.93
82.335,82.335
57.699,57.699
130.77,130.77
-36.6744,-36.6744
180.96,180.96
38.04,38.04
18.216,18.216
21,21
11.76,11.76
22.9557,22.9557
81.6,81.6
39.564,39.564
56.43,56.43
-28.368,-28.368
185.58,185.58
-35.616,-35.616
13.68,13.68
61.3824,61.3824
142.56,142.56
7.1586,7.1586
42.06,42.06
17.469,17.469
57.24,57.24
93.12,93.12
2.91,2.91
114.06,114.06
6.72,6.72
59.52,59.52
108.1752,108.1752
60.588,60.588
-26.6352,-26.6352
99.68,99.68
31.6,31.6
48.45,48.45
81,81
149.4,149.4
-836.43,Less Than Lower Bound -126.1455
15.57,15.57
0,0
297,More than Upper Bound 219.6825
70.29,70.29
-17.595,-17.595
58.56,58.56
209.28,209.28
-150.492,Less Than Lower Bound -126.1455
156.751,156.751
54.744,54.744
65.922,65.922
30.048,30.048
108.45,108.45
-207.012,Less Than Lower Bound -126.1455
41.88,41.88
135.03,135.03
36.945,36.945
50.3832,50.3832
3.24,3.24
6.216,6.216
-145.86,Less Than Lower Bound -126.1455
23.4,23.4
48.72,48.72
11.796,11.796
225.6,More than Upper Bound 219.6825
20,20
100.23,100.23
10.89,10.89
97.62376,97.62376
16.96,16.96
-69.3,-69.3
32.7285,32.7285
52.8,52.8
42.84,42.84
118.832,118.832
42.45,42.45
-33.876,-33.876
-238.68,Less Than Lower Bound -126.1455
11.07,11.07
132.3432,132.3432
0,0
-2.436,-2.436
-35.046,-35.046
9.36,9.36
135.36,135.36
31.6,31.6
32.46,32.46
104.46,104.46
81.78,81.78
84.888,84.888
18.816,18.816
5.76,5.76
50.04,50.04
20.16,20.16
24.882,24.882
53.49,53.49
-307.596,Less Than Lower Bound -126.1455
5.52,5.52
160.02,160.02
140.928,140.928
37.797,37.797
226.8,More than Upper Bound 219.6825
-1472.376,Less Than Lower Bound -126.1455
16.48,16.48
239.985,More than Upper Bound 219.6825
204.9,204.9
49.14,49.14
-29.68,-29.68
41.55,41.55
47.82,47.82
-74.76,-74.76
81.702,81.702
23.22,23.22
-17.745,-17.745
47.94,47.94
14.16,14.16
-134.811,Less Than Lower Bound -126.1455
17.1,17.1
57.18,57.18
130.59,130.59
-189.006,Less Than Lower Bound -126.1455
-198.528,Less Than Lower Bound -126.1455
-205.06832,Less Than Lower Bound -126.1455
31.52,31.52
72.99,72.99
52.062,52.062
92.5056,92.5056
60.96,60.96
24.636,24.636
41.536,41.536
-144.63,Less Than Lower Bound -126.1455
296.82,More than Upper Bound 219.6825
97.38,97.38
-219.804,Less Than Lower Bound -126.1455
37.2,37.2
29.44,29.44
143.484,143.484
9.72,9.72
16.38,16.38
88.74,88.74
32.6628,32.6628
59.4,59.4
35.34,35.34
-27.54,-27.54
139.05,139.05
30.09,30.09
169.68,169.68
-97.092,-97.092
75.24,75.24
83.9952,83.9952
4.275,4.275
75.03,75.03
3.12,3.12
58.812,58.812
-149.256,Less Than Lower Bound -126.1455
13.152,13.152
619.11,More than Upper Bound 219.6825
-10.6365,-10.6365
63.261,63.261
-319.1916,Less Than Lower Bound -126.1455
17.20832,17.20832
96.32,96.32
26.8,26.8
96.78,96.78
41.22,41.22
130.2075,130.2075
22.2,22.2
30.4,30.4
6.6588,6.6588
26.1,26.1
-10.59492,-10.59492
52.5,52.5
33.2156,33.2156
260.46048,More than Upper Bound 219.6825
318.64032,More than Upper Bound 219.6825
114.48,114.48
-79.2,-79.2
-67.92,-67.92
-3.879,-3.879
101.16,101.16
31.149,31.149
175.28,175.28
2.8,2.8
54.39,54.39
13.65,13.65
-34.083,-34.083
-19.1058,-19.1058
-25.4744,-25.4744
53.76,53.76
83.34,83.34
-33.339,-33.339
35.248,35.248
0,0
-64.7748,-64.7748
68.88,68.88
63,63
13.72,13.72
20.79528,20.79528
43.902,43.902
109.71,109.71
29.3412,29.3412
37.98,37.98
104.64,104.64
138.96,138.96
212.01,212.01
129.06,129.06
171.93,171.93
34.5,34.5
41.1528,41.1528
37.44,37.44
-8.44,-8.44
-27.324,-27.324
128.736,128.736
17.55,17.55
68.22,68.22
59.998,59.998
23.34,23.34
112.1,112.1
-22.788,-22.788
27.9,27.9
52.62,52.62
-128.408,Less Than Lower Bound -126.1455
91.68,91.68
26.5194,26.5194
32.4,32.4
155.25,155.25
167.04,167.04
49.68,49.68
52.878,52.878
8.04,8.04
-95.8857,-95.8857
124.6725,124.6725
-59.8356,-59.8356
33.498,33.498
45.2136,45.2136
205.08,205.08
38.52,38.52
131.355,131.355
26.1,26.1
18.72,18.72
-344.775,Less Than Lower Bound -126.1455
-167.6136,Less Than Lower Bound -126.1455
-13.6776,-13.6776
121.74,121.74
62.7822,62.7822
39,39
13.4386,13.4386
17.4,17.4
77.58,77.58
179.46,179.46
-222.24,Less Than Lower Bound -126.1455
40.28,40.28
30.66,30.66
15.84,15.84
182.82,182.82
26.14652,26.14652
5.778,5.778
68.16,68.16
85.5,85.5
130.62,130.62
26.109,26.109
10.56,10.56
25.898,25.898
57.4,57.4
109.2378,109.2378
107.73,107.73
-17.22,-17.22
0,0
53.07,53.07
5.784,5.784
-34.0512,-34.0512
89.3142,89.3142
50.16,50.16
56.1,56.1
211.887,211.887
16.3,16.3
198.72,198.72
129.384,129.384
53.9217,53.9217
-105.768,-105.768
30.36,30.36
-5.64,-5.64
22.08,22.08
16.38,16.38
100.8,100.8
-404.976,Less Than Lower Bound -126.1455
21.24,21.24
83.52,83.52
29.88,29.88
53.8608,53.8608
-92.7996,-92.7996
86.64,86.64
106.98,106.98
41.85,41.85
24.03,24.03
5.04,5.04
-67.932,-67.932
45.5514,45.5514
31.374,31.374
82.9293,82.9293
114.18,114.18
-450.216,Less Than Lower Bound -126.1455
6.8,6.8
-86.064,-86.064
43.24,43.24
124.47,124.47
-62.028,-62.028
251.4,More than Upper Bound 219.6825
22.653,22.653
-135.087,Less Than Lower Bound -126.1455
24.45,24.45
-52.56,-52.56
-44.52,-44.52
51.75,51.75
15.9,15.9
0,0
102.6,102.6
20.975,20.975
47.85,47.85
26.82,26.82
40.59,40.59
9.8328,9.8328
37.92,37.92
19.386,19.386
17.46,17.46
107.964,107.964
11.7,11.7
30.0234,30.0234
117.72,117.72
143.52,143.52
199.92,199.92
151.35,151.35
67.5,67.5
17.127,17.127
40.104,40.104
39.9,39.9
38.64,38.64
2.52,2.52
77.58,77.58
21.6,21.6
80.28,80.28
-71.99,-71.99
49.28,49.28
121.44,121.44
13.23,13.23
58.638,58.638
60.48,60.48
27.36,27.36
61.4,61.4
-278.79024,Less Than Lower Bound -126.1455
-43.98816,-43.98816
13.5,13.5
141.1644,141.1644
-247.152,Less Than Lower Bound -126.1455
61.389,61.389
3.24,3.24
357.6,More than Upper Bound 219.6825
22.6782,22.6782
60.48,60.48
105.15,105.15
38.04,38.04
9.18,9.18
25.68,25.68
64.35,64.35
74.0925,74.0925
55.84,55.84
30.24,30.24
28.62,28.62
21,21
75.798,75.798
38.25,38.25
-135.0783,Less Than Lower Bound -126.1455
195.39,195.39
68.28,68.28
36.72,36.72
131.04,131.04
77.5584,77.5584
-304.6653,Less Than Lower Bound -126.1455
179.82,179.82
65.355,65.355
101.16,101.16
21.24,21.24
62.38584,62.38584
97.12,97.12
-482.688,Less Than Lower Bound -126.1455
109.53,109.53
112.32,112.32
54.18,54.18
121.5,121.5
0,0
-144.81,Less Than Lower Bound -126.1455
86.76,86.76
81.12,81.12
63.837,63.837
62.97,62.97
0,0
-39.144,-39.144
6.72,6.72
-7.848,-7.848
80,80
-370.512,Less Than Lower Bound -126.1455
102.06,102.06
9.045,9.045
-60.78,-60.78
53.46,53.46
-94.941,-94.941
-118.1295,-118.1295
117.432,117.432
80.736,80.736
106.56,106.56
6.6,6.6
29.52,29.52
63.87,63.87
-6.525,-6.525
-18.648,-18.648
-51.192,-51.192
64.5,64.5
12.66,12.66
-122.742,-122.742
25.1916,25.1916
143.97,143.97
-4.68312,-4.68312
40.8,40.8
114.87,114.87
78.672,78.672
202.86,202.86
-118.788,-118.788
116.85,116.85
-14.676,-14.676
101.3488,101.3488
39.6,39.6
33.28,33.28
-3.798,-3.798
63.4935,63.4935
99.7563,99.7563
35.88,35.88
8.1,8.1
157.4262,157.4262
-7.272,-7.272
-135.936,Less Than Lower Bound -126.1455
38.4,38.4
143.982,143.982
90,90
75.042,75.042
35.85,35.85
50.3832,50.3832
214.164,214.164
53.28,53.28
-426.5886,Less Than Lower Bound -126.1455
-112.77,-112.77
138.3552,138.3552
0,0
204.9,204.9
35.9964,35.9964
-37.1124,-37.1124
-155.928,Less Than Lower Bound -126.1455
-72.616,-72.616
114,114
7.92,7.92
9.024,9.024
216.6,216.6
122.58,122.58
103.2284,103.2284
44.0316,44.0316
28.1372,28.1372
-19.926,-19.926
34.56,34.56
-431.088,Less Than Lower Bound -126.1455
40.248,40.248
-207.03,Less Than Lower Bound -126.1455
152.67,152.67
40.32,40.32
85.2,85.2
108.08,108.08
40.104,40.104
30.66,30.66
134.4,134.4
138.2016,138.2016
-213.495,Less Than Lower Bound -126.1455
-337.638,Less Than Lower Bound -126.1455
100.685,100.685
-30.654,-30.654
75.078,75.078
-186.8916,Less Than Lower Bound -126.1455
61.05,61.05
73.02,73.02
18.3645,18.3645
13.482,13.482
-124.431,-124.431
-537.312,Less Than Lower Bound -126.1455
-382.856,Less Than Lower Bound -126.1455
32.64,32.64
-336.784,Less Than Lower Bound -126.1455
161.16,161.16
46.26,46.26
22.2,22.2
81.24,81.24
-9.3,-9.3
131.598,131.598
27,27
208.5138,208.5138
9.84,9.84
14.22,14.22
14.79,14.79
455.7,More than Upper Bound 219.6825
-90.096,-90.096
109.62,109.62
109.95,109.95
89.7,89.7
107.76,107.76
2.64,2.64
113.46,113.46
27.3582,27.3582
42.78,42.78
16.92,16.92
-113.748,-113.748
110.4,110.4
21.819,21.819
18.96,18.96
72.9675,72.9675
-91.872,-91.872
-4.5765,-4.5765
-284.976,Less Than Lower Bound -126.1455
46.62,46.62
159.39,159.39
25.08,25.08
1.98,1.98
-294.12,Less Than Lower Bound -126.1455
10.368,10.368
44.5962,44.5962
29.386,29.386
165.42,165.42
48.48,48.48
224.685,More than Upper Bound 219.6825
25.8075,25.8075
104.49,104.49
70.5,70.5
-24.496,-24.496
142.863,142.863
0,0
46.797,46.797
50.9208,50.9208
50.414,50.414
-130.15968,Less Than Lower Bound -126.1455
17.52,17.52
94.77,94.77
46.7955,46.7955
19.596,19.596
14.7184,14.7184
-73.7061,-73.7061
48.796,48.796
16.736,16.736
296.724,More than Upper Bound 219.6825
130.833,130.833
130.5,130.5
96.36,96.36
32.28,32.28
80.6312,80.6312
33.9,33.9
165.98184,165.98184
-167.72216,Less Than Lower Bound -126.1455
49.716,49.716
28.08,28.08
41.28,41.28
71.12,71.12
36.72,36.72
-31.05,-31.05
118.3413,118.3413
17.76,17.76
-62.076,-62.076
59.58,59.58
9.36,9.36
-221.34,Less Than Lower Bound -126.1455
28.104,28.104
104.296,104.296
60.744,60.744
-3.288,-3.288
24.18,24.18
58.5,58.5
-113.3706,-113.3706
72.9312,72.9312
41.35404,41.35404
190.2,190.2
19.824,19.824
-18.306,-18.306
-41.5908,-41.5908
10.98,10.98
97.4586,97.4586
46.7908,46.7908
19.8,19.8
59.06584,59.06584
99.24,99.24
53.82,53.82
-95.469,-95.469
20.152,20.152
83.46,83.46
69.64,69.64
33.3,33.3
434.9913,More than Upper Bound 219.6825
16.62,16.62
146.43564,146.43564
-94.752,-94.752
-80.82,-80.82
8.88,8.88
18.48,18.48
3.976,3.976
44.046,44.046
-21.96,-21.96
46.5,46.5
55.872,55.872
-23.892,-23.892
-14.7432,-14.7432
-48.015,-48.015
60.12,60.12
43.32,43.32
34.26,34.26
39.12,39.12
38.3952,38.3952
131.76,131.76
33.48,33.48
13.28,13.28
14.82,14.82
-4.992,-4.992
196.74024,196.74024
48.12,48.12
-28.056,-28.056
-13.8717,-13.8717
8.8784,8.8784
39.438,39.438
43.743,43.743
10.8588,10.8588
-35.904,-35.904
75.6548,75.6548
-42.435,-42.435
85.2,85.2
91.14,91.14
-31.908,-31.908
-120.0508,-120.0508
-423.45,Less Than Lower Bound -126.1455
32.64,32.64
-45.74,-45.74
11.85,11.85
1.904,1.904
108.57,108.57
15.831,15.831
85.5,85.5
22.2384,22.2384
6.756,6.756
-136.02,Less Than Lower Bound -126.1455
-56.88,-56.88
143.36,143.36
48.06,48.06
48.72,48.72
33.495,33.495
57.12,57.12
30.6,30.6
243.42,More than Upper Bound 219.6825
84.0512,84.0512
8.7,8.7
48.72,48.72
70.312,70.312
86.94,86.94
150.84,150.84
79.14,79.14
73.44,73.44
-831.816,Less Than Lower Bound -126.1455
35.82,35.82
33.96,33.96
47.85,47.85
53.16,53.16
44.82,44.82
44.733,44.733
83.646,83.646
215.73,215.73
-15.009,-15.009
79.23,79.23
129.5865,129.5865
11.67,11.67
20.73,20.73
-33.68,-33.68
3.84,3.84
-36.0702,-36.0702
178.2,178.2
63.144,63.144
7.4694,7.4694
14.6902,14.6902
58.77,58.77
-23.936,-23.936
8.28,8.28
137.34,137.34
28.29,28.29
70.8,70.8
28.2,28.2
-23.5422,-23.5422
-147.3,Less Than Lower Bound -126.1455
98.67,98.67
-58.26,-58.26
-47.832,-47.832
13.77,13.77
36.48,36.48
29.799,29.799
4.89,4.89
43.5,43.5
88.8,88.8
-18.624,-18.624
223.2,More than Upper Bound 219.6825
81.783,81.783
459.9624,More than Upper Bound 219.6825
59.3595,59.3595
-44.1552,-44.1552
18.4772,18.4772
-554.508,Less Than Lower Bound -126.1455
-32.412,-32.412
68.7,68.7
10.86,10.86
67.44,67.44
50.724,50.724
21.098,21.098
56.55,56.55
54.215,54.215
17.76,17.76
13.264,13.264
20.52,20.52
32.67,32.67
-121.11,-121.11
26.58,26.58
32.76,32.76
102.0573,102.0573
165.3813,165.3813
261.6,More than Upper Bound 219.6825
110.91,110.91
-3.348,-3.348
43.32,43.32
-56.7556,-56.7556
3.8655,3.8655
3.87,3.87
100.008,100.008
30.66,30.66
4.14,4.14
62.3904,62.3904
46.02,46.02
59.76,59.76
3.84,3.84
31.5,31.5
87.096,87.096
57.81776,57.81776
117.36,117.36
34.05,34.05
-58.6872,-58.6872
-33.38,-33.38
133.02,133.02
-74.793,-74.793
118.32,118.32
61.44,61.44
-637.608,Less Than Lower Bound -126.1455
4.59,4.59
112.32,112.32
24,24
15.3,15.3
63.76,63.76
17.056,17.056
-190.134,Less Than Lower Bound -126.1455
0,0
14.16,14.16
84.66,84.66
149.4,149.4
11.79,11.79
150.6214,150.6214
-6.18,-6.18
104.7222,104.7222
16.96,16.96
18.392,18.392
27.261,27.261
-5.853,-5.853
76.56,76.56
-91.4688,-91.4688
71.9928,71.9928
72.31944,72.31944
22.92,22.92
181.2888,181.2888
2.1,2.1
62.4,62.4
89.32,89.32
6.824,6.824
142.92,142.92
72.33,72.33
0,0
138.3,138.3
10.203,10.203
29.8802,29.8802
97.38,97.38
24.96,24.96
156.69,156.69
99.855,99.855
8.286,8.286
15.84,15.84
32.7258,32.7258
52.3392,52.3392
35.46,35.46
51.24,51.24
-12.0132,-12.0132
68.22,68.22
-18.26,-18.26
16.2375,16.2375
-18.4875,-18.4875
10.1628,10.1628
0,0
19.86,19.86
90.18,90.18
40.62,40.62
4.95,4.95
-0.108,-0.108
13.4386,13.4386
57.5928,57.5928
175.52,175.52
174.9,174.9
1.44,1.44
-5.76,-5.76
24.33,24.33
72.72,72.72
11.52,11.52
108.7996,108.7996
9.06,9.06
504.96,More than Upper Bound 219.6825
76.1616,76.1616
17.004,17.004
133.1478,133.1478
81.8166,81.8166
23.7742,23.7742
193.98,193.98
107.94,107.94
87.76,87.76
34.92,34.92
54.09,54.09
100.1,100.1
59.01,59.01
37.98,37.98
154.08,154.08
19.755,19.755
19.1976,19.1976
-215.52,Less Than Lower Bound -126.1455
11.5806,11.5806
-108.87,-108.87
13.3176,13.3176
27.21,27.21
-25.62,-25.62
138.72,138.72
-8.4924,-8.4924
12.2526,12.2526
-241.176,Less Than Lower Bound -126.1455
-260.61,Less Than Lower Bound -126.1455
153.93,153.93
51.6,51.6
67.92,67.92
274.04,More than Upper Bound 219.6825
-26.904,-26.904
46.902,46.902
72.948,72.948
58.29,58.29
93.24,93.24
-65.853,-65.853
7.626,7.626
-82.224,-82.224
20.4,20.4
1252.98,More than Upper Bound 219.6825
160.02,160.02
4.5,4.5
18.6,18.6
230.1,More than Upper Bound 219.6825
177.075,177.075
35.694,35.694
79.6,79.6
-1.878,-1.878
52.65,52.65
10.8,10.8
42.0186,42.0186
79.1934,79.1934
55.5,55.5
6.45,6.45
54.7136,54.7136
34.08,34.08
21.6,21.6
30.24,30.24
185.4,185.4
30.848,30.848
40.68,40.68
58.41,58.41
36.15,36.15
8.7735,8.7735
-61.932,-61.932
-11.564,-11.564
121.86,121.86
43.7842,43.7842
9.72,9.72
-95.424,-95.424
23.4192,23.4192
0,0
3.68,3.68
39.8736,39.8736
-725.36,Less Than Lower Bound -126.1455
193.95,193.95
4.89,4.89
14.16,14.16
-241.335,Less Than Lower Bound -126.1455
88.05,88.05
68.13,68.13
214.29,214.29
55.24,55.24
143.16,143.16
20.7,20.7
13.92,13.92
36.72,36.72
76.56,76.56
97.23,97.23
18.0234,18.0234
55.9984,55.9984
12.1068,12.1068
54.06,54.06
35.92,35.92
26.1,26.1
-88.62,-88.62
60.12,60.12
16.11,16.11
22.4778,22.4778
300.75,More than Upper Bound 219.6825
67.56,67.56
153.93,153.93
2.079,2.079
35.712,35.712
21.42,21.42
60,60
77.748,77.748
13.392,13.392
26.1,26.1
143.97,143.97
-81.996,-81.996
25.32,25.32
64.2,64.2
36.27,36.27
13.04,13.04
-127.312,Less Than Lower Bound -126.1455
38.64,38.64
-224.895,Less Than Lower Bound -126.1455
110.421,110.421
114.3,114.3
-0.0945,-0.0945
48.4575,48.4575
-45.78,-45.78
68.904,68.904
-19.665,-19.665
114.9385,114.9385
2.64,2.64
92.88,92.88
-0.84832,-0.84832
37.6392,37.6392
82.593,82.593
12.3,12.3
5.76,5.76
50.74,50.74
6.64,6.64
-96.624,-96.624
153.06,153.06
-82.608,-82.608
37.62,37.62
-46.797,-46.797
124.02,124.02
37.38,37.38
96.15,96.15
8.8632,8.8632
42.495,42.495
-270.18,Less Than Lower Bound -126.1455
114.48,114.48
28.68,28.68
-62.356,-62.356
49.5,49.5
-196.188,Less Than Lower Bound -126.1455
22.6782,22.6782
64.7892,64.7892
65.435,65.435
71,71
157.14,157.14
-5.472,-5.472
-522.09,Less Than Lower Bound -126.1455
-75.0624,-75.0624
80.784,80.784
94.128,94.128
73.35,73.35
59.64,59.64
74.8142,74.8142
37.0782,37.0782
185.58,185.58
72.24,72.24
-154.476,Less Than Lower Bound -126.1455
15.84,15.84
51.84,51.84
-21.4608,-21.4608
16.8544,16.8544
39.9234,39.9234
-35.848,-35.848
70.95,70.95
119.4742,119.4742
17.466,17.466
86.7,86.7
-251.86,Less Than Lower Bound -126.1455
73.26,73.26
-36.72,-36.72
75.708,75.708
143.28,143.28
61.248,61.248
31.587,31.587
8.82,8.82
23.8,23.8
13.74,13.74
6.93,6.93
42.648,42.648
55.74,55.74
121.95,121.95
62.73,62.73
-22.7435,-22.7435
5.88,5.88
18.9,18.9
26.01,26.01
26.37,26.37
-7.608,-7.608
15.8571,15.8571
114.54,114.54
40.95,40.95
202.284,202.284
-54.588,-54.588
-21.57072,-21.57072
-6.996,-6.996
13.95,13.95
31.5,31.5
12.24,12.24
-68.376,-68.376
5.04,5.04
238.44,More than Upper Bound 219.6825
-44.84,-44.84
59.46,59.46
86.55,86.55
-170.208,Less Than Lower Bound -126.1455
304.92,More than Upper Bound 219.6825
93.6988,93.6988
24.36,24.36
77.292,77.292
19.13312,19.13312
180.45,180.45
-54.528,-54.528
23.997,23.997
98.105,98.105
19.8,19.8
14.46,14.46
23.4,23.4
42.06,42.06
1.869,1.869
73.8,73.8
69.786,69.786
68.3332,68.3332
37.2186,37.2186
39.72,39.72
5.25,5.25
-121.2,-121.2
4.74,4.74
-193.05,Less Than Lower Bound -126.1455
270.36,More than Upper Bound 219.6825
-4.08,-4.08
-143.076,Less Than Lower Bound -126.1455
118.74,118.74
-60.744,-60.744
55.38,55.38
-170.904,Less Than Lower Bound -126.1455
137.16,137.16
46.44,46.44
-32.6646,-32.6646
20.4,20.4
87.78,87.78
20.24,20.24
-5.844,-5.844
7.02,7.02
79.8795,79.8795
-325.875,Less Than Lower Bound -126.1455
18.945,18.945
36.6,36.6
66.252,66.252
18.99,18.99
17.46,17.46
135.882,135.882
74.76,74.76
43.92,43.92
-82.224,-82.224
-119.16,-119.16
74.7,74.7
-40.6035,-40.6035
27.3528,27.3528
34.2,34.2
65.4,65.4
95.2,95.2
14.24,14.24
15.174,15.174
-125.2755,-125.2755
-58.3056,-58.3056
24.9984,24.9984
62.532,62.532
84.568,84.568
-41.5818,-41.5818
22.74,22.74
219.4514,219.4514
71.3898,71.3898
20.28,20.28
105.28,105.28
-36.52,-36.52
12.72,12.72
-31.836,-31.836
1.08,1.08
62.43,62.43
-32.5584,-32.5584
35.16,35.16
68.76,68.76
13.26,13.26
51.84,51.84
-129.972,Less Than Lower Bound -126.1455
-24.99,-24.99
3.132,3.132
-3.744,-3.744
26.8744,26.8744
-177.984,Less Than Lower Bound -126.1455
10.98,10.98
13.44,13.44
34.89416,34.89416
7.88,7.88
47.4,47.4
32.79,32.79
7.02,7.02
16.74,16.74
165.42,165.42
26.82,26.82
68.13,68.13
-413.088,Less Than Lower Bound -126.1455
91.8,91.8
11.7,11.7
36.2178,36.2178
-70.464,-70.464
-37.9434,-37.9434
32.88,32.88
-579.9,Less Than Lower Bound -126.1455
18.12,18.12
36.1,36.1
146.52,146.52
164.7,164.7
-93.08,-93.08
-125.91,-125.91
87.6,87.6
16.7373,16.7373
3.006,3.006
12.9888,12.9888
39.7488,39.7488
59.46,59.46
120.3,120.3
56.91,56.91
32.4862,32.4862
27.63,27.63
32.7285,32.7285
-28.3275,-28.3275
15.42,15.42
33.12,33.12
65.88,65.88
37.35,37.35
-231.54,Less Than Lower Bound -126.1455
-22.1382,-22.1382
9.9882,9.9882
82.08,82.08
157.84,157.84
29.1,29.1
56.475,56.475
99.4896,99.4896
53.235,53.235
-18.828,-18.828
49.288,49.288
119.94984,119.94984
-372.6,Less Than Lower Bound -126.1455
-643.728,Less Than Lower Bound -126.1455
64.2138,64.2138
11.52,11.52
89.64,89.64
21.9,21.9
79.5,79.5
4.8392,4.8392
128.88,128.88
10.14,10.14
-153.4188,Less Than Lower Bound -126.1455
71.19,71.19
9.7164,9.7164
43.38,43.38
29.88,29.88
-74.415,-74.415
26.9024,26.9024
24.03,24.03
42.6,42.6
53.04,53.04
16.59,16.59
8.274,8.274
-35.238,-35.238
47.94,47.94
53.07,53.07
70.812,70.812
64.7568,64.7568
-278.376,Less Than Lower Bound -126.1455
12.06,12.06
-419.652,Less Than Lower Bound -126.1455
14.18616,14.18616
2.976,2.976
3.3,3.3
16,16
18.56,18.56
1.65,1.65
15.66,15.66
10.86,10.86
-4.068,-4.068
78.363,78.363
-14.46,-14.46
28.41,28.41
20.46,20.46
61.3824,61.3824
51.8,51.8
76.5,76.5
-28.416,-28.416
38.751,38.751
17.352,17.352
41.35404,41.35404
-44.076,-44.076
-23.949,-23.949
-120.513,-120.513
-546.732,Less Than Lower Bound -126.1455
-17.36,-17.36
4.536,4.536
-18.147,-18.147
-120.372,-120.372
203.58,203.58
48.87,48.87
129.12,129.12
-36.2352,-36.2352
4.168,4.168
30.72,30.72
37.176,37.176
35.84,35.84
8.28,8.28
25.02,25.02
-17.9964,-17.9964
-8.7232,-8.7232
140.5957,140.5957
-56.3108,-56.3108
0,0
22,22
73.9,73.9
44.73,44.73
40.5,40.5
45.48,45.48
62.37,62.37
59.998,59.998
40.77,40.77
10.9494,10.9494
0,0
31.44,31.44
360.36,More than Upper Bound 219.6825
48.1128,48.1128
156.87,156.87
11.0925,11.0925
17.04,17.04
17.88,17.88
106.477,106.477
54.243,54.243
38.988,38.988
-1811.0784,Less Than Lower Bound -126.1455
100.68,100.68
89.28,89.28
-52.38,-52.38
60.15,60.15
124.2,124.2
-117.36,-117.36
69.45,69.45
22.62,22.62
-24.615,-24.615
2.61,2.61
171.72,171.72
0,0
18.04752,18.04752
14.448,14.448
51.2,51.2
42.48,42.48
1.44,1.44
82.98,82.98
56.64,56.64
-23.664,-23.664
5.52,5.52
23.136,23.136
27.72,27.72
93.141,93.141
5.85,5.85
0,0
35.985,35.985
91.44,91.44
15.84,15.84
29.302,29.302
25.06,25.06
144.3546,144.3546
38.725,38.725
33.9,33.9
-118.788,-118.788
-28.5138,-28.5138
70.6875,70.6875
181.8,181.8
-182.208,Less Than Lower Bound -126.1455
31.23,31.23
6.72,6.72
6.96,6.96
140.4,140.4
126.225,126.225
-75.816,-75.816
11.1,11.1
-124.59,-124.59
-67.17,-67.17
30.312,30.312
90.18,90.18
34.08,34.08
26.3685,26.3685
23.82,23.82
21,21
10.98,10.98
114.933,114.933
14.04,14.04
7.08,7.08
36.5,36.5
50.34,50.34
130.56,130.56
26.598,26.598
-117.924,-117.924
49.98,49.98
97.92,97.92
109.53,109.53
60.138,60.138
126.18,126.18
65.88,65.88
-21.708,-21.708
-73.1106,-73.1106
95.739,95.739
4.891,4.891
76.44,76.44
27.378,27.378
-8.175,-8.175
34.146,34.146
3.12,3.12
5.83112,5.83112
136.44,136.44
130.62,130.62
19.5,19.5
39.8,39.8
46.9278,46.9278
64.62,64.62
91.88664,91.88664
101.64,101.64
116.0688,116.0688
73.614,73.614
64.44,64.44
9.9652,9.9652
131.91,131.91
71.4,71.4
16.2,16.2
50.48,50.48
121.65,121.65
98.88,98.88
101.64,101.64
-311.256,Less Than Lower Bound -126.1455
72.54,72.54
52.02,52.02
149.76,149.76
50.94,50.94
10.9584,10.9584
35.9964,35.9964
40.68,40.68
26.55,26.55
124.35,124.35
-473.256,Less Than Lower Bound -126.1455
-357.075,Less Than Lower Bound -126.1455
29.79,29.79
0,0
50.94,50.94
22.14,22.14
64.8,64.8
-761.082,Less Than Lower Bound -126.1455
-29.4368,-29.4368
-14.28,-14.28
44.34,44.34
84.06,84.06
51.984,51.984
-36.48,-36.48
-240.784,Less Than Lower Bound -126.1455
0,0
-95.988,-95.988
1150.2,More than Upper Bound 219.6825
-246.888,Less Than Lower Bound -126.1455
14.16,14.16
69.48,69.48
-3.978,-3.978
38.934,38.934
70.72496,70.72496
81,81
13.0092,13.0092
19.4194,19.4194
152.67,152.67
2.6,2.6
-34.004,-34.004
-77.28,-77.28
-5.7645,-5.7645
25.2,25.2
-151.2172,Less Than Lower Bound -126.1455
12.36,12.36
105.75,105.75
88.056,88.056
21.819,21.819
80.1,80.1
100.44,100.44
69.9345,69.9345
86.04,86.04
-121.776,-121.776
39.32,39.32
114.9385,114.9385
-8.2764,-8.2764
169.2,169.2
31.32,31.32
123.9,123.9
1.02,1.02
55.745,55.745
-58.716,-58.716
58.56,58.56
-3.075,-3.075
94.71,94.71
9.24,9.24
35.64,35.64
-49.29,-49.29
63.09,63.09
251.28,More than Upper Bound 219.6825
57.48,57.48
89.9548,89.9548
76.68,76.68
-132.408,Less Than Lower Bound -126.1455
69.1008,69.1008
6.9795,6.9795
32.6332,32.6332
41.0388,41.0388
71.46,71.46
18.36,18.36
63.24,63.24
151.59,151.59
24.82,24.82
140.91,140.91
-120.0508,-120.0508
-169.719,Less Than Lower Bound -126.1455
-5.472,-5.472
-157.902,Less Than Lower Bound -126.1455
18.504,18.504
-53.8548,-53.8548
98.28,98.28
23.868,23.868
224.91,More than Upper Bound 219.6825
-53.28,-53.28
-37.665,-37.665
101.34,101.34
-165.368,Less Than Lower Bound -126.1455
18.1,18.1
24,24
-105.048,-105.048
-75.054,-75.054
46.02,46.02
56.88,56.88
-45.7875,-45.7875
84.96,84.96
58.68,58.68
38.88,38.88
12.42,12.42
67.84,67.84
79.08,79.08
41.0216,41.0216
-135.708,Less Than Lower Bound -126.1455
41.46,41.46
60.6,60.6
74.52,74.52
-55.256,-55.256
-25.92,-25.92
48.632,48.632
-180.396,Less Than Lower Bound -126.1455
55.26,55.26
-313.98,Less Than Lower Bound -126.1455
33.04,33.04
44.22,44.22
26.16,26.16
156.45,156.45
39.468,39.468
8.2782,8.2782
-19.14,-19.14
23.256,23.256
137.76,137.76
4.41,4.41
40.92,40.92
0.8792,0.8792
12.31016,12.31016
41.682,41.682
70.0336,70.0336
53.07,53.07
43.371,43.371
-238.47,Less Than Lower Bound -126.1455
437.5455,More than Upper Bound 219.6825
-112.182,-112.182
-258.18,Less Than Lower Bound -126.1455
69.723,69.723
47.6604,47.6604
0,0
56.1,56.1
60.2553,60.2553
31.198,31.198
57.24,57.24
110.4,110.4
81.351,81.351
321.9,More than Upper Bound 219.6825
-74.85,-74.85
19.35,19.35
77.714,77.714
47.34,47.34
17.55,17.55
-79.68,-79.68
36.024,36.024
-17.1258,-17.1258
32.3351,32.3351
28.17,28.17
-118.545,-118.545
40.416,40.416
7.1864,7.1864
68.9234,68.9234
39.6,39.6
51.3135,51.3135
94.311,94.311
10.35,10.35
53.28,53.28
60.64,60.64
19.96,19.96
-20.752,-20.752
133.893,133.893
107.9892,107.9892
12.96,12.96
97.32,97.32
73.02,73.02
96.48,96.48
107.46,107.46
86.25,86.25
61.26,61.26
46.98,46.98
-3.76,-3.76
25.2,25.2
76.41,76.41
13.4703,13.4703
19.9974,19.9974
64.26,64.26
30.43616,30.43616
20.16,20.16
5.76,5.76
50.07,50.07
22.6782,22.6782
30.12,30.12
133.9713,133.9713
53.34,53.34
98.67,98.67
124.1,124.1
13.8,13.8
26.847,26.847
9,9
0,0
13.8,13.8
143.97,143.97
241.515,More than Upper Bound 219.6825
-79.29,-79.29
3.48,3.48
64.956,64.956
100.71,100.71
42.28,42.28
178.54272,178.54272
30.06,30.06
95.382,95.382
32.793,32.793
60.84,60.84
9,9
35.16,35.16
31.149,31.149
124.47,124.47
64.26,64.26
102.24,102.24
49.08,49.08
395.94,More than Upper Bound 219.6825
14.72,14.72
79.695,79.695
0,0
27.27,27.27
151.0314,151.0314
55.44,55.44
123.291,123.291
23.5116,23.5116
41.0388,41.0388
5.124,5.124
5.52,5.52
-27.468,-27.468
32.34,32.34
69.06,69.06
99.63,99.63
-16.65,-16.65
27.0882,27.0882
20.1558,20.1558
38.08,38.08
96.36,96.36
-36.78,-36.78
123.66,123.66
144.96,144.96
91.056,91.056
-34.82448,-34.82448
218.865,218.865
-404.34,Less Than Lower Bound -126.1455
71.2692,71.2692
1.4,1.4
70.218,70.218
5.7,5.7
20.79,20.79
18.18,18.18
68.34,68.34
55.008,55.008
-30.3645,-30.3645
9.891,9.891
89.307,89.307
34.02,34.02
84.12,84.12
-1144.116,Less Than Lower Bound -126.1455
102.276,102.276
16.47,16.47
-59.304,-59.304
21,21
6.576,6.576
79.6635,79.6635
137.43,137.43
24.219,24.219
-15.825,-15.825
21,21
85.44,85.44
52.446,52.446
112.224,112.224
-72.48,-72.48
-15.048,-15.048
-225.0976,Less Than Lower Bound -126.1455
32.994,32.994
33.18,33.18
-271.494,Less Than Lower Bound -126.1455
-2.028,-2.028
64.32,64.32
14.25,14.25
19.875,19.875
48.9942,48.9942
55.68,55.68
13.14,13.14
47.01,47.01
107.73,107.73
-17.68,-17.68
15.45,15.45
12,12
-33.525,-33.525
180.7659,180.7659
129.003,129.003
48.588,48.588
164.94,164.94
55.44092,55.44092
102.48,102.48
64.8,64.8
12.45,12.45
122.3856,122.3856
114.54,114.54
19.2,19.2
47.46,47.46
-190.14,Less Than Lower Bound -126.1455
9.84,9.84
41.04,41.04
126.756,126.756
45.84,45.84
77.04,77.04
56.24,56.24
-48.888,-48.888
181.62,181.62
-10.944,-10.944
9.72,9.72
151.74,151.74
-59.44,-59.44
57.69,57.69
-275.634,Less Than Lower Bound -126.1455
56.4,56.4
19.8,19.8
58.06,58.06
26.28,26.28
-9.147,-9.147
17.76,17.76
44.976,44.976
-36.9544,-36.9544
15.0156,15.0156
107.73,107.73
39.06,39.06
34.2,34.2
137.34,137.34
35.6636,35.6636
228.6,More than Upper Bound 219.6825
-168.86,Less Than Lower Bound -126.1455
-56.68,-56.68
48.3136,48.3136
60.5488,60.5488
-20.4,-20.4
-4.845,-4.845
9.912,9.912
142.8,142.8
22.68,22.68
16.905,16.905
148.7,148.7
18.54,18.54
46.71,46.71
-14.628,-14.628
69.48,69.48
73.386,73.386
-28.7964,-28.7964
71.76,71.76
-139.692,Less Than Lower Bound -126.1455
9.36,9.36
-29.07,-29.07
66.3264,66.3264
10.68,10.68
14.868,14.868
44.1,44.1
106.68,106.68
92.04,92.04
41.346,41.346
-25.224,-25.224
6.098,6.098
34.05,34.05
143.97,143.97
57.2,57.2
557.64,More than Upper Bound 219.6825
149.382,149.382
108.048,108.048
128.97,128.97
19.92,19.92
30.687,30.687
26.2416,26.2416
8.556,8.556
47.25,47.25
91.8,91.8
37.845,37.845
54.3332,54.3332
8.79,8.79
-425.184,Less Than Lower Bound -126.1455
5.22,5.22
46.134,46.134
43.2,43.2
-83.691,-83.691
14.172,14.172
60.5528,60.5528
85.491,85.491
113.64,113.64
135.72,135.72
14.16,14.16
1.584,1.584
-14.55,-14.55
30.499,30.499
27.12,27.12
47.4,47.4
46.95,46.95
-102.61956,-102.61956
235.04,More than Upper Bound 219.6825
0.804,0.804
18.56,18.56
-62.64,-62.64
51.9,51.9
55.59,55.59
98.2722,98.2722
15.9384,15.9384
-24.4764,-24.4764
-3.876,-3.876
51.579,51.579
26.16,26.16
8.1,8.1
-37.168,-37.168
-61.1298,-61.1298
-264.744,Less Than Lower Bound -126.1455
25.89,25.89
20.352,20.352
104.3,104.3
8.856,8.856
-61.569,-61.569
39.69708,39.69708
-62.712,-62.712
51.12,51.12
25.41,25.41
0,0
-132.3,Less Than Lower Bound -126.1455
0,0
-53.529,-53.529
36.12,36.12
-49.44,-49.44
456.24,More than Upper Bound 219.6825
-257.4,Less Than Lower Bound -126.1455
32.76,32.76
29.128,29.128
20.79,20.79
89.892,89.892
36.16,36.16
39.66,39.66
-21.444,-21.444
26.34,26.34
27,27
114.75,114.75
-89.028,-89.028
45.52,45.52
-141.3,Less Than Lower Bound -126.1455
15.0735,15.0735
53.34,53.34
-24.324,-24.324
30.9,30.9
12.96,12.96
58.86,58.86
41.76,41.76
41.46,41.46
46.02,46.02
40.98,40.98
63.21,63.21
12.3,12.3
14.28,14.28
-25.656,-25.656
147.24384,147.24384
7.9984,7.9984
-3.344,-3.344
-36.608,-36.608
10.4985,10.4985
50.328,50.328
3.24,3.24
2.7,2.7
19.8,19.8
34.8928,34.8928
-103.9882,-103.9882
2.52,2.52
88.2,88.2
103.6,103.6
55.68,55.68
30.2778,30.2778
50.76,50.76
5.83112,5.83112
-35.28,-35.28
-131.6007,Less Than Lower Bound -126.1455
82.3368,82.3368
112.422,112.422
65.898,65.898
66.468,66.468
54.504,54.504
106.89,106.89
58.671,58.671
25.92,25.92
43.65,43.65
74.949,74.949
-191.565,Less Than Lower Bound -126.1455
51.03,51.03
59.43,59.43
110.34,110.34
70.56,70.56
41.28,41.28
65.9826,65.9826
10.7322,10.7322
29.5695,29.5695
62.4,62.4
19.32,19.32
28.698,28.698
34.2,34.2
4.3815,4.3815
128.31,128.31
118.02,118.02
82.02,82.02
-43.008,-43.008
79.845,79.845
54.9,54.9
12.36,12.36
16.578,16.578
135.6,135.6
-7.44,-7.44
54.9,54.9
58.02,58.02
76.44,76.44
102.72,102.72
183.27,183.27
287.679,More than Upper Bound 219.6825
45.8,45.8
68.8464,68.8464
0,0
102.8,102.8
-1.608,-1.608
-15.147,-15.147
14.88,14.88
70,70
-64.863,-64.863
35.1,35.1
170.997,170.997
27.58,27.58
-140.22,Less Than Lower Bound -126.1455
73.95,73.95
-107.4,-107.4
-66.3916,-66.3916
-10.437,-10.437
23.4,23.4
66.66,66.66
68.4,68.4
25.32,25.32
23.82,23.82
79.32,79.32
92.88,92.88
170.25,170.25
-36.54,-36.54
30.99,30.99
4.32,4.32
95.88,95.88
75.015,75.015
-97.2312,-97.2312
24.84,24.84
40.48,40.48
67.35,67.35
-0.006,-0.006
59.4,59.4
-33.408,-33.408
12.48,12.48
16.62,16.62
69.993,69.993
97.2,97.2
77.28,77.28
45.42,45.42
94.08,94.08
9.816,9.816
34.5,34.5
41.37,41.37
70.68,70.68
-123.12,-123.12
10.2,10.2
34.386,34.386
-152.312,Less Than Lower Bound -126.1455
15,15
0,0
114.36,114.36
15.66,15.66
81.0474,81.0474
13.2,13.2
228.36,More than Upper Bound 219.6825
34.59,34.59
-14.1372,-14.1372
17.58,17.58
156.69,156.69
130.56,130.56
18.588,18.588
-23.04,-23.04
2.88,2.88
86.3856,86.3856
-102.2217,-102.2217
-114.3534,-114.3534
6.1425,6.1425
-246.12,Less Than Lower Bound -126.1455
-13.978,-13.978
6.8982,6.8982
2.9346,2.9346
10.08,10.08
-65.064,-65.064
89.91,89.91
50.5,50.5
-15.38,-15.38
70.08,70.08
-3.21,-3.21
99.36,99.36
0,0
25.56,25.56
80.0199,80.0199
27.2412,27.2412
-76.6062,-76.6062
309.48,More than Upper Bound 219.6825
26.4147,26.4147
82.2,82.2
2.52,2.52
127.02,127.02
22.8,22.8
65.74056,65.74056
110.97,110.97
-33.318,-33.318
2.88,2.88
0,0
2.856,2.856
-407.682,Less Than Lower Bound -126.1455
15.96,15.96
19.2,19.2
145.14536,145.14536
14.58,14.58
36.81,36.81
51.36,51.36
84.88,84.88
5.096,5.096
-189.72,Less Than Lower Bound -126.1455
-99.456,-99.456
35.4,35.4
21.84,21.84
168.9,168.9
79.236,79.236
15.12,15.12
37.6,37.6
120.24,120.24
55.89,55.89
31.608,31.608
95.175,95.175
140.5482,140.5482
23.235,23.235
55.68,55.68
22.8,22.8
79.23,79.23
298.6855,More than Upper Bound 219.6825
73.98,73.98
51.64,51.64
96.8,96.8
73.584,73.584
-2.3142,-2.3142
26.6853,26.6853
32.346,32.346
-54.5958,-54.5958
41.22,41.22
-59.568,-59.568
2.55,2.55
139.68,139.68
27.315,27.315
4.32,4.32
53.1,53.1
29.2,29.2
-23.0319,-23.0319
138.96,138.96
29.386,29.386
13.56,13.56
169.74,169.74
-5.7588,-5.7588
-41.676,-41.676
30.43616,30.43616
-153.3456,Less Than Lower Bound -126.1455
-267.471,Less Than Lower Bound -126.1455
-149.4072,Less Than Lower Bound -126.1455
37.23,37.23
5.76,5.76
45.68,45.68
-29.872,-29.872
19.674,19.674
232.0011,More than Upper Bound 219.6825
44.9925,44.9925
-3.7832,-3.7832
-85.976,-85.976
-10.938,-10.938
70.95,70.95
36.12,36.12
97.08,97.08
60.39,60.39
-58.8616,-58.8616
80.58,80.58
77.22,77.22
117.68292,117.68292
55.4,55.4
-87.48,-87.48
11.13,11.13
57.66,57.66
1.9251,1.9251
-44.62,-44.62
-36.72,-36.72
38.82,38.82
39.15,39.15
18.1764,18.1764
85.5,85.5
25.8,25.8
-82.056,-82.056
-52.26,-52.26
-44.196,-44.196
57.09,57.09
37.44,37.44
-128.04,Less Than Lower Bound -126.1455
98.127,98.127
5.52,5.52
64.2,64.2
33.96,33.96
17.745,17.745
169.332,169.332
-2.946,-2.946
36.9,36.9
24.4768,24.4768
4.68,4.68
36.12,36.12
22.17012,22.17012
64.64,64.64
-147.12,Less Than Lower Bound -126.1455
32.49,32.49
-48.848,-48.848
-32.208,-32.208
25.56,25.56
22.752,22.752
43.38,43.38
55.8,55.8
39.54,39.54
5.76,5.76
-296.274,Less Than Lower Bound -126.1455
178.74,178.74
64.12,64.12
7.04,7.04
100.656,100.656
-36.375,-36.375
37.23,37.23
38.208,38.208
-773.838,Less Than Lower Bound -126.1455
-56.448,-56.448
-29.2524,-29.2524
-52.23672,-52.23672
68.4,68.4
73.38,73.38
120.22112,120.22112
78.48,78.48
37.8,37.8
35.1,35.1
17.24,17.24
89.46,89.46
0,0
39.608,39.608
52.32,52.32
-121.344,-121.344
-3.7872,-3.7872
18.48,18.48
28.767,28.767
92.88,92.88
-30.796,-30.796
84.96,84.96
27.72,27.72
28.1764,28.1764
-73.49736,-73.49736
55.5,55.5
8.74668,8.74668
-42.012,-42.012
46.44,46.44
-11.76,-11.76
132.84,132.84
-71.8116,-71.8116
39.4438,39.4438
7.3,7.3
54.99,54.99
34.65,34.65
13.86,13.86
6.576,6.576
-16.008,-16.008
45.558,45.558
93.6988,93.6988
67.041,67.041
-335.16,Less Than Lower Bound -126.1455
23.538,23.538
61.56,61.56
40.872,40.872
20.5764,20.5764
-267.237,Less Than Lower Bound -126.1455
42.84,42.84
35.82,35.82
-7.326,-7.326
150.984,150.984
15.84,15.84
72.48,72.48
17.52,17.52
20.48,20.48
195.18,195.18
51.2943,51.2943
55.04,55.04
18.24,18.24
39.636,39.636
31.8,31.8
40.97,40.97
23.04,23.04
5.22,5.22
13.62,13.62
16.896,16.896
339.78,More than Upper Bound 219.6825
107.388,107.388
-129.632,Less Than Lower Bound -126.1455
56.88,56.88
-178.182,Less Than Lower Bound -126.1455
21.6,21.6
19.996,19.996
30.18,30.18
2.16,2.16
-164.472,Less Than Lower Bound -126.1455
-65.664,-65.664
17.58,17.58
114.18,114.18
0,0
94.386,94.386
35.1,35.1
65.76,65.76
-204.4458,Less Than Lower Bound -126.1455
118.983,118.983
48.5514,48.5514
132.5898,132.5898
15.8436,15.8436
-44.019,-44.019
44.73,44.73
-19.395,-19.395
63.45,63.45
26.73,26.73
-47.0304,-47.0304
70.56,70.56
1.2,1.2
-71.9604,-71.9604
69.624,69.624
132.5898,132.5898
219,219
9,9
21.45,21.45
86.25,86.25
22.5,22.5
-179.37,Less Than Lower Bound -126.1455
22.4316,22.4316
-82.224,-82.224
12.84,12.84
-857.37,Less Than Lower Bound -126.1455
35.838,35.838
-116.325,-116.325
67.9275,67.9275
16.38,16.38
8.28,8.28
-0.144,-0.144
5.082,5.082
-17.22,-17.22
58.68,58.68
114.66,114.66
61.08,61.08
2.0592,2.0592
116.2425,116.2425
54,54
9.28,9.28
17.1,17.1
40.338,40.338
149.7,149.7
2.736,2.736
19.596,19.596
127.71,127.71
-85.68032,-85.68032
-94.92,-94.92
20.52,20.52
-50.88,-50.88
107.55,107.55
57.888,57.888
77.3696,77.3696
-120.294,-120.294
0,0
60.48,60.48
4.104,4.104
-69.504,-69.504
-20.7306,-20.7306
17.16,17.16
44.97,44.97
15.04,15.04
111.72,111.72
32.76,32.76
9.087,9.087
29.7,29.7
31.626,31.626
5.58,5.58
38.88,38.88
38.997,38.997
89.9548,89.9548
2.72,2.72
-217.2,Less Than Lower Bound -126.1455
-11.703,-11.703
-81.63,-81.63
83.592,83.592
-194.85,Less Than Lower Bound -126.1455
23.79,23.79
60.72,60.72
5.4,5.4
-7.8939,-7.8939
53.01,53.01
-21.936,-21.936
28.819,28.819
-107.9928,-107.9928
63.84,63.84
-423.444,Less Than Lower Bound -126.1455
16.17,16.17
335.5128,More than Upper Bound 219.6825
44.304,44.304
-53.208,-53.208
-5.967,-5.967
62.7004,62.7004
87.89,87.89
28.38,28.38
-13.32,-13.32
5.634,5.634
51.63,51.63
126.06,126.06
112.788,112.788
-64.236,-64.236
45.52,45.52
56.7,56.7
51.3135,51.3135
22.2,22.2
28.7064,28.7064
77.8232,77.8232
37.08,37.08
428.76,More than Upper Bound 219.6825
49.62,49.62
5.16,5.16
21.84,21.84
25.65,25.65
13.8572,13.8572
67.84,67.84
104.784,104.784
28.77,28.77
60.96,60.96
172.26,172.26
76.4,76.4
72.72,72.72
-55.032,-55.032
3.09,3.09
11.22,11.22
94.92,94.92
76.56,76.56
82.35,82.35
86.04,86.04
31.6,31.6
20.155,20.155
-173.922,Less Than Lower Bound -126.1455
-204.08,Less Than Lower Bound -126.1455
20.436,20.436
105,105
13.644,13.644
60.392,60.392
138.06,138.06
53.28,53.28
69.48,69.48
-126.72,Less Than Lower Bound -126.1455
63.36,63.36
46.96,46.96
41.076,41.076
-11.376,-11.376
-14.6388,-14.6388
69.18,69.18
-49.56,-49.56
62.82,62.82
62.1,62.1
-67.41,-67.41
-38.034,-38.034
102.144,102.144
-16.356,-16.356
21.87,21.87
-112.728,-112.728
99.24,99.24
38.67,38.67
4.65,4.65
0,0
-10.032,-10.032
21.48,21.48
-304.116,Less Than Lower Bound -126.1455
8.19,8.19
-18.48,-18.48
25.6,25.6
-273.615,Less Than Lower Bound -126.1455
69.42,69.42
14.4,14.4
30.624,30.624
-89.856,-89.856
42.54,42.54
31.76,31.76
-24.255,-24.255
-112.56,-112.56
-160.506,Less Than Lower Bound -126.1455
46.416,46.416
0,0
93.02576,93.02576
-38.85,-38.85
47.8065,47.8065
53.34,53.34
21.12,21.12
1.1,1.1
13.818,13.818
74.8142,74.8142
0,0
0,0
30.52,30.52
-114.264,-114.264
129.42,129.42
139.986,139.986
39.06,39.06
17.6025,17.6025
10.22,10.22
132.5,132.5
32.44,32.44
0.64,0.64
20.67,20.67
-3.5622,-3.5622
-67.851,-67.851
151.52,151.52
0,0
-44.778,-44.778
-178.332,Less Than Lower Bound -126.1455
67.856,67.856
15.6514,15.6514
67.32,67.32
99.6984,99.6984
-71.937,-71.937
3.2,3.2
25.2,25.2
24.9804,24.9804
-284.331,Less Than Lower Bound -126.1455
62.97,62.97
25.092,25.092
37.884,37.884
-44.196,-44.196
56.84,56.84
-60.768,-60.768
-4.5,-4.5
19.98,19.98
88.05,88.05
64.65,64.65
92.721,92.721
57.24,57.24
131.355,131.355
102.45,102.45
124.82988,124.82988
-41.4,-41.4
-4.44,-4.44
37.2594,37.2594
39.09,39.09
-69.09,-69.09
51.8238,51.8238
129.348,129.348
23.2624,23.2624
12.36,12.36
19.92,19.92
59.5,59.5
50.1,50.1
-12.0588,-12.0588
78.8942,78.8942
29.904,29.904
7.38,7.38
68.733,68.733
-44.1792,-44.1792
32.64,32.64
43.44,43.44
70.56,70.56
19.3116,19.3116
137.151,137.151
32.3015,32.3015
0,0
40.64,40.64
-1.74,-1.74
-135.312,Less Than Lower Bound -126.1455
-58.1742,-58.1742
-127.764,Less Than Lower Bound -126.1455
0,0
122.976,122.976
71.76,71.76
14.4222,14.4222
106.7808,106.7808
5.24,5.24
58.65,58.65
63.135,63.135
0,0
-66.72,-66.72
29.4282,29.4282
-248.166,Less Than Lower Bound -126.1455
44.975,44.975
-122.76,-122.76
28.98,28.98
42.3,42.3
93.12,93.12
-24.642,-24.642
5.3898,5.3898
13.8579,13.8579
93.54,93.54
-189.66,Less Than Lower Bound -126.1455
-15.984,-15.984
64.674,64.674
15.6978,15.6978
37.7874,37.7874
31.45716,31.45716
-160.708,Less Than Lower Bound -126.1455
61.62,61.62
-341.736,Less Than Lower Bound -126.1455
69.9,69.9
135.3624,135.3624
44.64,44.64
5.34,5.34
-132.546,Less Than Lower Bound -126.1455
12.32,12.32
54.99,54.99
-175.23,Less Than Lower Bound -126.1455
26.46,26.46
2.25,2.25
7.4526,7.4526
15.5172,15.5172
70.8,70.8
0,0
-113.3706,-113.3706
36.4473,36.4473
2.16,2.16
18.96,18.96
33.3,33.3
35.16,35.16
57.4,57.4
-102.78,-102.78
19.14,19.14
-32.784,-32.784
52.65,52.65
36.5,36.5
11.97,11.97
76.44,76.44
-211.47,Less Than Lower Bound -126.1455
29.16,29.16
13,13
79.57464,79.57464
69.8,69.8
0,0
-6.705,-6.705
56.895,56.895
112.68,112.68
-12.42,-12.42
35.34,35.34
151.74,151.74
103.2,103.2
26.25,26.25
26.895,26.895
125.9874,125.9874
-2.5749,-2.5749
106.56,106.56
-119.46,-119.46
18.27,18.27
8.448,8.448
17.88,17.88
58.5,58.5
-50.96,-50.96
74.43,74.43
56.853,56.853
30.45,30.45
31.977,31.977
-140.886,Less Than Lower Bound -126.1455
11.6316,11.6316
-60.8361,-60.8361
13.38,13.38
20.024,20.024
3.92,3.92
9,9
10.6011,10.6011
28.206,28.206
5.52,5.52
-55.608,-55.608
-136.928,Less Than Lower Bound -126.1455
10.3,10.3
48.96,48.96
-108.2662,-108.2662
34.742,34.742
10.5,10.5
16.2,16.2
35.694,35.694
70.2,70.2
70.02,70.02
22.7136,22.7136
6.3,6.3
-0.024,-0.024
125.265,125.265
36.7722,36.7722
-139.5771,Less Than Lower Bound -126.1455
27.84,27.84
-120.852,-120.852
-78.003,-78.003
-100.71,-100.71
0,0
-70.3995,-70.3995
20.76,20.76
34.44,34.44
33.12,33.12
149.04,149.04
65.097,65.097
121.32,121.32
-9.888,-9.888
28.98,28.98
20.16,20.16
55.14,55.14
77.7438,77.7438
130.5,130.5
-38.56,-38.56
73.26,73.26
-114.444,-114.444
67.2742,67.2742
-218.8656,Less Than Lower Bound -126.1455
39.8886,39.8886
80.64,80.64
48.885,48.885
21.42,21.42
-193.944,Less Than Lower Bound -126.1455
-27.342,-27.342
31.08,31.08
-53.7432,-53.7432
-21.052,-21.052
37.5,37.5
15.36,15.36
67.0644,67.0644
34.842,34.842
84.24,84.24
50.46,50.46
-20.313,-20.313
5.2542,5.2542
-115.572,-115.572
-106.083,-106.083
-0.108,-0.108
-24.08,-24.08
129.08,129.08
9.29004,9.29004
8.64,8.64
8.28,8.28
45.72,45.72
8.055,8.055
-249.3216,Less Than Lower Bound -126.1455
38.08,38.08
55.458,55.458
22.836,22.836
41.934,41.934
35.6778,35.6778
20.382,20.382
29.241,29.241
-203.778,Less Than Lower Bound -126.1455
5.28,5.28
26.16,26.16
45.72,45.72
79.005,79.005
7.14,7.14
140.04,140.04
37.08,37.08
23.2182,23.2182
75.96,75.96
9.68,9.68
-217.2,Less Than Lower Bound -126.1455
45.63,45.63
33.48,33.48
-49.3488,-49.3488
71.97,71.97
128.16,128.16
70.92,70.92
47.3,47.3
-7.544,-7.544
37.68,37.68
60.6645,60.6645
215.64,215.64
-12.24,-12.24
33.798,33.798
-499.977,Less Than Lower Bound -126.1455
-104.8518,-104.8518
-0.0126,-0.0126
28.08,28.08
49.8,49.8
-6.792,-6.792
37.59,37.59
24.9804,24.9804
46.23,46.23
73.26,73.26
32.55,32.55
-55.842,-55.842
16.3755,16.3755
70.08,70.08
101.64,101.64
13.52,13.52
27.207,27.207
13.992,13.992
-97.74,-97.74
16.08,16.08
39.06,39.06
28.95,28.95
0,0
92.4399,92.4399
68.364,68.364
9.192,9.192
31.68,31.68
59.48,59.48
84.48,84.48
33.042,33.042
22.92,22.92
115.56,115.56
27.441,27.441
83.91,83.91
-179.48,Less Than Lower Bound -126.1455
237.86,More than Upper Bound 219.6825
73.872,73.872
-28.7964,-28.7964
48.9902,48.9902
-52.641,-52.641
-191.52,Less Than Lower Bound -126.1455
-26.9955,-26.9955
5.798,5.798
16.86,16.86
-379.332,Less Than Lower Bound -126.1455
95.2,95.2
41.22,41.22
-10.176,-10.176
-59.58,-59.58
17.82,17.82
20.16,20.16
-10.35,-10.35
-136.224,Less Than Lower Bound -126.1455
17.136,17.136
18.392,18.392
-53.775,-53.775
88.02,88.02
48.33,48.33
128.92,128.92
51.3,51.3
48.285,48.285
32.94,32.94
82.83,82.83
190.98,190.98
75.6,75.6
29.16,29.16
31.05,31.05
46.02,46.02
-90,-90
-52.716,-52.716
-261.183,Less Than Lower Bound -126.1455
-74.352,-74.352
60.48,60.48
41.643,41.643
-3.4128,-3.4128
20.1584,20.1584
29.76,29.76
21.87,21.87
455.7,More than Upper Bound 219.6825
48.3,48.3
41.4,41.4
9.2,9.2
92.2368,92.2368
53.544,53.544
-224.22,Less Than Lower Bound -126.1455
2.46,2.46
105.8688,105.8688
-36.294,-36.294
14.64,14.64
-147.858,Less Than Lower Bound -126.1455
98.16,98.16
128.2,128.2
31.581,31.581
20.1584,20.1584
328.08,More than Upper Bound 219.6825
34.464,34.464
74.34,74.34
-58.368,-58.368
25.44,25.44
31.56,31.56
39,39
-59.544,-59.544
-419.3054,Less Than Lower Bound -126.1455
-187.425,Less Than Lower Bound -126.1455
23.316,23.316
36.96,36.96
37.8,37.8
64.2,64.2
57.75,57.75
35.9,35.9
37.1,37.1
115.608,115.608
-18.824,-18.824
14.487,14.487
55.62,55.62
163.1898,163.1898
14.4,14.4
165.42,165.42
27.12,27.12
-27.216,-27.216
-109.074,-109.074
64.26,64.26
80.541,80.541
36.752,36.752
42.48,42.48
15.825,15.825
-144.648,Less Than Lower Bound -126.1455
86.3,86.3
119.04,119.04
28.23,28.23
29.736,29.736
147.51,147.51
35.73,35.73
3.84,3.84
44.16,44.16
11.88,11.88
-22.89,-22.89
-42.315,-42.315
70.441,70.441
47.94,47.94
33.444,33.444
61.56,61.56
145.8,145.8
47.52,47.52
25.83,25.83
11.2,11.2
38.145,38.145
97.68,97.68
32.7,32.7
63.6,63.6
28.56,28.56
3.15,3.15
27.2848,27.2848
17.52,17.52
12.3,12.3
57.24,57.24
-44.82,-44.82
65.91,65.91
11.85,11.85
76.0878,76.0878
29.22,29.22
41.58,41.58
73.14,73.14
66.72,66.72
-1.4664,-1.4664
-29.1528,-29.1528
41.35404,41.35404
83.55,83.55
132.33,132.33
99,99
-45.27,-45.27
72.585,72.585
30.2384,30.2384
-176.058,Less Than Lower Bound -126.1455
19.2,19.2
-1.68,-1.68
46.215,46.215
112.35,112.35
43.2234,43.2234
63.33,63.33
65.25,65.25
16.62,16.62
74.0532,74.0532
69.705,69.705
21.15,21.15
32.412,32.412
31.0184,31.0184
4.02,4.02
95.2,95.2
-89.09896,-89.09896
8.64,8.64
-24.36,-24.36
108.82284,108.82284
65.52,65.52
-168.6474,Less Than Lower Bound -126.1455
48.84,48.84
-1.3338,-1.3338
16.98,16.98
105.28,105.28
11.88,11.88
36.12,36.12
34.98,34.98
429.84,More than Upper Bound 219.6825
-0.162,-0.162
61.2,61.2
46.86,46.86
59.4,59.4
84.48,84.48
27.78,27.78
131.55,131.55
35.52,35.52
39.93,39.93
-7.4025,-7.4025
30.0234,30.0234
132.10096,132.10096
-230.816,Less Than Lower Bound -126.1455
-13.524,-13.524
-135.144,Less Than Lower Bound -126.1455
-98.55,-98.55
58.5052,58.5052
79.08,79.08
22.32,22.32
21.33,21.33
72.36,72.36
-46.6029,-46.6029
54.9,54.9
47.0376,47.0376
27.4365,27.4365
19.9665,19.9665
5.76,5.76
76.56,76.56
18.54,18.54
18.375,18.375
9.9,9.9
17.88,17.88
12.924,12.924
-112.05,-112.05
32.34,32.34
0,0
29.601,29.601
47.9385,47.9385
41.697,41.697
18.96,18.96
22.68,22.68
70.08,70.08
16.2,16.2
64.56,64.56
-137.295,Less Than Lower Bound -126.1455
69.564,69.564
129.42,129.42
112.08,112.08
22.298,22.298
30.098,30.098
19.1786,19.1786
53.49,53.49
19.71,19.71
-2.652,-2.652
40.506,40.506
83.7,83.7
-3.2392,-3.2392
59,59
32.115,32.115
384.72,More than Upper Bound 219.6825
102.42,102.42
-540.09,Less Than Lower Bound -126.1455
14.25,14.25
-498.348,Less Than Lower Bound -126.1455
17.19,17.19
-10.7055,-10.7055
-24.939,-24.939
53.8608,53.8608
101.4504,101.4504
107.88,107.88
6.7,6.7
15.2,15.2
16.65,16.65
23.28,23.28
46.44,46.44
79.38,79.38
55.14,55.14
47.9376,47.9376
118.44,118.44
54.15,54.15
18.33,18.33
-42.1096,-42.1096
-115.4304,-115.4304
14.4495,14.4495
96.99,96.99
-24.324,-24.324
19.5,19.5
35.3346,35.3346
35.46,35.46
-97.614,-97.614
29.61,29.61
-15.0525,-15.0525
2.625,2.625
15.69,15.69
-6.0196,-6.0196
31.944,31.944
74.57552,74.57552
92.16,92.16
97.44,97.44
68.823,68.823
-52.3365,-52.3365
33.3,33.3
-176.496,Less Than Lower Bound -126.1455
-339.468,Less Than Lower Bound -126.1455
74.2,74.2
83.58,83.58
146.5164,146.5164
68.76,68.76
0,0
19.7358,19.7358
22.68,22.68
117.72,117.72
-107.3898,-107.3898
17.937,17.937
33.96,33.96
-115.7058,-115.7058
74.7,74.7
20.1708,20.1708
43.9956,43.9956
15.264,15.264
-8.912,-8.912
-199.764,Less Than Lower Bound -126.1455
8.4784,8.4784
-62.88,-62.88
53.982,53.982
42.8148,42.8148
25.68,25.68
44.32,44.32
18.84,18.84
-341.475,Less Than Lower Bound -126.1455
25.092,25.092
109.92,109.92
30,30
67.08,67.08
105.15,105.15
-123.948,-123.948
-61.404,-61.404
91.14,91.14
5.67,5.67
-32.3388,-32.3388
26.07,26.07
114.3,114.3
-59.108,-59.108
50.052,50.052
13.3536,13.3536
-110.772,-110.772
-744.912,Less Than Lower Bound -126.1455
1.7904,1.7904
28.7,28.7
12.96,12.96
-493.32,Less Than Lower Bound -126.1455
13.68,13.68
213.3,213.3
133.245,133.245
-25.464,-25.464
94.92,94.92
86.34,86.34
67.6812,67.6812
13.8579,13.8579
94.71,94.71
0,0
10.62,10.62
53.76,53.76
-38.4,-38.4
146.7,146.7
37.2,37.2
67.92,67.92
32.8,32.8
26.08,26.08
25.02,25.02
-75.864,-75.864
41.4,41.4
99.84,99.84
3.68,3.68
19.52,19.52
35.9604,35.9604
69.93,69.93
-2.6997,-2.6997
11.94,11.94
25.23,25.23
-11.57072,-11.57072
-0.105,-0.105
-395.64,Less Than Lower Bound -126.1455
18.1176,18.1176
54.6912,54.6912
112.98,112.98
197.88,197.88
175.092,175.092
73.321,73.321
44.4704,44.4704
37.8,37.8
14.58,14.58
25.038,25.038
42.24,42.24
40.68,40.68
32.64,32.64
35.688,35.688
20.7,20.7
30.24,30.24
21.9,21.9
31.92,31.92
20.58,20.58
2.244,2.244
-118.0116,-118.0116
39.48,39.48
-116.416,-116.416
63.84,63.84
-49.4376,-49.4376
30.06,30.06
-41.112,-41.112
12.36,12.36
6.72,6.72
81.18,81.18
42.392,42.392
-47.3968,-47.3968
21.7515,21.7515
72.31944,72.31944
49.875,49.875
7.29,7.29
-6.072,-6.072
24.892,24.892
87.48,87.48
8.58,8.58
188.3,188.3
111.33,111.33
47.7306,47.7306
85.9828,85.9828
12,12
6.21736,6.21736
35.5,35.5
39.96,39.96
-6.624,-6.624
-376.6932,Less Than Lower Bound -126.1455
15.6,15.6
-100.8,-100.8
57.4113,57.4113
66.36,66.36
-101.208,-101.208
-48.148,-48.148
95.88,95.88
53.88,53.88
15.33,15.33
11.52,11.52
12.54,12.54
49.62,49.62
35.64,35.64
26.496,26.496
41.526,41.526
118.755,118.755
10.554,10.554
24.084,24.084
39.4255,39.4255
15.24,15.24
32.736,32.736
-108.036,-108.036
-328.008,Less Than Lower Bound -126.1455
-38.52,-38.52
-176.544,Less Than Lower Bound -126.1455
20.52,20.52
67.99,67.99
36.7173,36.7173
41.4,41.4
52.02,52.02
3.976,3.976
47.64,47.64
2.5302,2.5302
0,0
71.162,71.162
48.12,48.12
71.136,71.136
-2.064,-2.064
46.26,46.26
17.94,17.94
26.7,26.7
373.779,More than Upper Bound 219.6825
9.27,9.27
133.44,133.44
17.2548,17.2548
23.4976,23.4976
36.4,36.4
-0.84832,-0.84832
29.76,29.76
73.86,73.86
45.6,45.6
3,3
-49.584,-49.584
165.3496,165.3496
69.1992,69.1992
11.04,11.04
15.736,15.736
105.04,105.04
-16.524,-16.524
13.36,13.36
-6.942,-6.942
32.0544,32.0544
105.84,105.84
54.3936,54.3936
50.13,50.13
86.72664,86.72664
-9.552,-9.552
9.96,9.96
-0.006,-0.006
117.36,117.36
9.72,9.72
-42.15,-42.15
39.5424,39.5424
-33.78,-33.78
-145.3508,Less Than Lower Bound -126.1455
21,21
29.88,29.88
6.84,6.84
19.8,19.8
75.6,75.6
-32.676,-32.676
-0.03,-0.03
-24.156,-24.156
13.62,13.62
46.2,46.2
0,0
73.84,73.84
-37.3965,-37.3965
212.706,212.706
71.4,71.4
45.487,45.487
9.03,9.03
20.436,20.436
114.48,114.48
4.7724,4.7724
45.6,45.6
-81.9726,-81.9726
-4.66,-4.66
52.47,52.47
-64.428,-64.428
109.84,109.84
58.17,58.17
42.24,42.24
42.045,42.045
3.12,3.12
7.04,7.04
105.024,105.024
79.08,79.08
7.272,7.272
41.79,41.79
30,30
19.368,19.368
24.993,24.993
12.3,12.3
179.7,179.7
-2.5648,-2.5648
120.57,120.57
57.18,57.18
142.08,142.08
54.24,54.24
61.44,61.44
-165.9,Less Than Lower Bound -126.1455
-37.71,-37.71
83.82,83.82
147,147
48.12,48.12
0,0
9.02376,9.02376
50.4,50.4
92.28,92.28
8.58,8.58
19.74,19.74
158.4,158.4
67.32,67.32
112.14,112.14
125.1432,125.1432
71.1,71.1
6719.9808,More than Upper Bound 219.6825
72.456,72.456
48.3855,48.3855
16.485,16.485
8.8784,8.8784
113.4,113.4
37.98,37.98
18,18
45,45
-0.084,-0.084
185.2578,185.2578
3.3,3.3
14.22,14.22
58.65,58.65
50.22,50.22
71.25,71.25
30.36,30.36
18.672,18.672
-50.8932,-50.8932
25.5968,25.5968
-25.109,-25.109
67.36,67.36
2.655,2.655
-306.6,Less Than Lower Bound -126.1455
273.56,More than Upper Bound 219.6825
-85.248,-85.248
224.94,More than Upper Bound 219.6825
79.02,79.02
70.98,70.98
49.602,49.602
205.2,205.2
83.284,83.284
20.58,20.58
25.68,25.68
-89.0664,-89.0664
-157.776,Less Than Lower Bound -126.1455
14.28,14.28
38.88,38.88
-0.036,-0.036
91.38,91.38
-254.64,Less Than Lower Bound -126.1455
-451.332,Less Than Lower Bound -126.1455
5.44,5.44
23.28,23.28
34.38,34.38
70.2,70.2
-114.588,-114.588
-114.0174,-114.0174
18,18
24.78,24.78
17.28,17.28
4.635,4.635
101.934,101.934
71.964,71.964
-5.088,-5.088
77.7519,77.7519
70.92,70.92
29.28,29.28
115.74,115.74
25.4,25.4
9.18,9.18
-88.125,-88.125
46.225,46.225
39.36,39.36
70.72496,70.72496
1.98,1.98
-4.488,-4.488
58.32,58.32
-16.398,-16.398
-7.0065,-7.0065
-2.5698,-2.5698
13.26,13.26
49.68,49.68
-11.32,-11.32
12,12
20.48,20.48
177.66,177.66
16.23,16.23
-8.43,-8.43
85.77,85.77
-233.1,Less Than Lower Bound -126.1455
8.565,8.565
40.89,40.89
96,96
28.68,28.68
-68.6448,-68.6448
10.8,10.8
82.16,82.16
76.48,76.48
38.16,38.16
-67.3542,-67.3542
28.14,28.14
0.98,0.98
35.7,35.7
-44.19,-44.19
51.66,51.66
47.3,47.3
-185.86016,Less Than Lower Bound -126.1455
2.52,2.52
-5.643,-5.643
63.09,63.09
99.432,99.432
9.96,9.96
11.88,11.88
1.35,1.35
-4.32,-4.32
-245.16,Less Than Lower Bound -126.1455
35.1891,35.1891
157.3632,157.3632
-6.996,-6.996
47.259,47.259
98.4,98.4
-79.56,-79.56
116.3904,116.3904
15.96,15.96
14.22,14.22
-89.408,-89.408
64.12,64.12
48.114,48.114
91.14,91.14
65.844,65.844
35.46,35.46
-153.80124,Less Than Lower Bound -126.1455
-135.126,Less Than Lower Bound -126.1455
110.88,110.88
97.38,97.38
26.73,26.73
3.96,3.96
166.62,166.62
30.9504,30.9504
82.98,82.98
0,0
22.6,22.6
-17.2992,-17.2992
67.188,67.188
9.045,9.045
19.092,19.092
-51.72,-51.72
0,0
83.9916,83.9916
24.06,24.06
7.24,7.24
-376.8,Less Than Lower Bound -126.1455
-355.6056,Less Than Lower Bound -126.1455
22.5576,22.5576
-93.4724,-93.4724
0,0
12.178,12.178
13.26,13.26
50.88,50.88
67.05,67.05
35.28,35.28
10.5,10.5
74.88,74.88
90.588,90.588
12.7764,12.7764
9.72,9.72
32.52,32.52
51.36,51.36
-140.31,Less Than Lower Bound -126.1455
-200.24,Less Than Lower Bound -126.1455
47.34,47.34
107.37,107.37
36.09,36.09
22.113,22.113
16.896,16.896
-1.9575,-1.9575
35.6346,35.6346
45.84,45.84
172.02,172.02
5.76,5.76
49.28,49.28
-23.595,-23.595
6.72,6.72
150.54,150.54
-34.26,-34.26
41.1684,41.1684
102.45,102.45
4.2,4.2
-5.4801,-5.4801
-393.948,Less Than Lower Bound -126.1455
68.96,68.96
63,63
22.86,22.86
19.1511,19.1511
39.99,39.99
23.16,23.16
15.8,15.8
7.281,7.281
113.82,113.82
2.4,2.4
82.32,82.32
96.15,96.15
87.732,87.732
66.546,66.546
18.96,18.96
31.5,31.5
12.72,12.72
109.89,109.89
33.96,33.96
17.847,17.847
249.93,More than Upper Bound 219.6825
55.38,55.38
20.7332,20.7332
11.5136,11.5136
148.5,148.5
72,72
85.68,85.68
18.8937,18.8937
142.56,142.56
19.305,19.305
45.306,45.306
8.58,8.58
25.02,25.02
-341.516,Less Than Lower Bound -126.1455
31.56,31.56
-285.228,Less Than Lower Bound -126.1455
16.662,16.662
92.16,92.16
-22.948,-22.948
27.84,27.84
-37.688,-37.688
63,63
76.2624,76.2624
44.56,44.56
-29.616,-29.616
26.1,26.1
57.4,57.4
46.53,46.53
2.76,2.76
9.6,9.6
-39.987,-39.987
11.94,11.94
48.48,48.48
125.28,125.28
1.89,1.89
18,18
7.92,7.92
0.36,0.36
-42.6078,-42.6078
117.432,117.432
24.06,24.06
89.64,89.64
-181.512,Less Than Lower Bound -126.1455
49.4,49.4
11.4,11.4
-63.06,-63.06
-113.31,-113.31
6.48,6.48
115.1808,115.1808
4.56,4.56
125.475,125.475
85.176,85.176
92.04,92.04
53.76,53.76
-275.757,Less Than Lower Bound -126.1455
16.56,16.56
17.84,17.84
35.4,35.4
35.6778,35.6778
133.152,133.152
27.75,27.75
15.234,15.234
22.194,22.194
85.86,85.86
30.06,30.06
-4.584,-4.584
202.32,202.32
-1.944,-1.944
28.5,28.5
-11.5176,-11.5176
27.24,27.24
238.8,More than Upper Bound 219.6825
0,0
3.09,3.09
11.439,11.439
67.62,67.62
37.557,37.557
40.5426,40.5426
54.666,54.666
16.02,16.02
90.48,90.48
0,0
23.55,23.55
-20.658,-20.658
70.2,70.2
29.28,29.28
3,3
-266.18352,Less Than Lower Bound -126.1455
-49.47,-49.47
15.642,15.642
49.2576,49.2576
48.48,48.48
101.79,101.79
67.84,67.84
47.79048,47.79048
31.95,31.95
46.8,46.8
48.6,48.6
10.026,10.026
64.14,64.14
-62.28,-62.28
96.0232,96.0232
33.777,33.777
35.82,35.82
107.28,107.28
65.12844,65.12844
-61.86,-61.86
18.84,18.84
88.83,88.83
26.4,26.4
-63.1092,-63.1092
6.96,6.96
-172.74,Less Than Lower Bound -126.1455
138.08,138.08
110.34,110.34
34.947,34.947
1.68,1.68
10.56,10.56
16.8,16.8
112.8164,112.8164
84.06,84.06
146.34,146.34
45.63,45.63
59.07,59.07
94.4925,94.4925
-20.1362,-20.1362
17.34,17.34
98.88,98.88
1.47,1.47
-7.278,-7.278
16.62,16.62
98.94,98.94
142.32,142.32
24.54,24.54
61.908,61.908
-14.7486,-14.7486
-10.284,-10.284
89.991,89.991
113.58,113.58
-62.16,-62.16
24.48,24.48
81.012,81.012
126.114,126.114
6.96,6.96
107.7216,107.7216
19.824,19.824
-3.042,-3.042
530.72,More than Upper Bound 219.6825
64.152,64.152
39.24,39.24
-51.576,-51.576
18.8937,18.8937
-149.004,Less Than Lower Bound -126.1455
73.95,73.95
40.8,40.8
4.65,4.65
6.24,6.24
81.62,81.62
161.25,161.25
58.104,58.104
8.498,8.498
7.89,7.89
79.992,79.992
26.7,26.7
4.4,4.4
141.48,141.48
98.28,98.28
54.996,54.996
0,0
22.246,22.246
-374.9925,Less Than Lower Bound -126.1455
31.83,31.83
55.944,55.944
-8.376,-8.376
43.02,43.02
137.76,137.76
66.3156,66.3156
9.54,9.54
23.0965,23.0965
35.82,35.82
44.1,44.1
-237.636,Less Than Lower Bound -126.1455
4.7996,4.7996
-74.736,-74.736
50.4,50.4
4.8672,4.8672
-7.3365,-7.3365
178.56,178.56
-69.792,-69.792
22.14,22.14
79.95,79.95
-2.175,-2.175
17.7,17.7
20.52,20.52
190.08,190.08
-28.9764,-28.9764
16.998,16.998
53.49,53.49
59.7,59.7
3.9,3.9
-21.915,-21.915
-30.0996,-30.0996
5.76,5.76
54,54
9.68,9.68
52.857,52.857
208.08,208.08
185.5,185.5
1.36,1.36
162.83872,162.83872
61.08,61.08
45.294,45.294
-412.02,Less Than Lower Bound -126.1455
-22.7097,-22.7097
-63.996,-63.996
35.985,35.985
83.34,83.34
84.6,84.6
15.3,15.3
7.704,7.704
146.7,146.7
-52.7418,-52.7418
27.78,27.78
-53.2704,-53.2704
71.5375,71.5375
27.196,27.196
10.2,10.2
-295.362,Less Than Lower Bound -126.1455
-20.952,-20.952
58.266,58.266
107.82,107.82
-116.3031,-116.3031
42.18,42.18
35.76,35.76
90.66,90.66
4.5,4.5
20.6955,20.6955
35.82,35.82
-83.86108,-83.86108
32.76,32.76
-77.625,-77.625
20.25,20.25
38.22,38.22
15.8,15.8
85.08,85.08
-231.732,Less Than Lower Bound -126.1455
-382.086,Less Than Lower Bound -126.1455
-301.968,Less Than Lower Bound -126.1455
37.89784,37.89784
0,0
40.59,40.59
-123.525,-123.525
-166.32,Less Than Lower Bound -126.1455
106.5216,106.5216
-18.1808,-18.1808
-448.92,Less Than Lower Bound -126.1455
-2.832,-2.832
-60.87,-60.87
6.72,6.72
63.6,63.6
10.44,10.44
6.36,6.36
40.62,40.62
43.92,43.92
56.7864,56.7864
27.69,27.69
82.1,82.1
-3.408,-3.408
38.52,38.52
42.24,42.24
-75.8304,-75.8304
10.8,10.8
-54.36,-54.36
92.19,92.19
-7.938,-7.938
9.9,9.9
-45.648,-45.648
29.12,29.12
8.04,8.04
-56.592,-56.592
-27.291,-27.291
119.76,119.76
69.66,69.66
18.16,18.16
38.36,38.36
116.7,116.7
39.6,39.6
16.4,16.4
64.8,64.8
99.35916,99.35916
-225.216,Less Than Lower Bound -126.1455
28.32,28.32
-322.932,Less Than Lower Bound -126.1455
104.64,104.64
-24.5,-24.5
43.68,43.68
17.82,17.82
-223.026,Less Than Lower Bound -126.1455
47.9646,47.9646
-4.5564,-4.5564
65.52,65.52
11.492,11.492
66.87,66.87
174.66,174.66
-16.48,-16.48
16,16
-44.9925,-44.9925
45.504,45.504
36.4044,36.4044
9.744,9.744
46.47,46.47
96.84,96.84
37.26,37.26
12.36,12.36
68.58,68.58
69.12,69.12
26.6304,26.6304
-4.8588,-4.8588
38.3238,38.3238
15.624,15.624
13.8,13.8
134.3328,134.3328
33.9,33.9
22.92,22.92
19.56,19.56
-26.784,-26.784
40.458,40.458
32.292,32.292
72.84,72.84
73.8,73.8
16.9975,16.9975
-115.47,-115.47
98.7,98.7
88,88
-47.832,-47.832
2.2,2.2
43.2,43.2
62.64,62.64
-26.001,-26.001
8.983,8.983
-15.28,-15.28
83.52,83.52
40.2,40.2
46.26,46.26
63.252,63.252
-31.647,-31.647
35.52,35.52
59.4,59.4
-48.39,-48.39
-290.97,Less Than Lower Bound -126.1455
110.7,110.7
60.392,60.392
-164.9538,Less Than Lower Bound -126.1455
99.5,99.5
129.3,129.3
10.95,10.95
31.1706,31.1706
55.647,55.647
35.34,35.34
-130.112,Less Than Lower Bound -126.1455
-65.064,-65.064
53.2,53.2
61.32,61.32
6.804,6.804
26.37,26.37
84,84
101.64,101.64
-38.655,-38.655
-83.478,-83.478
23.136,23.136
93.12,93.12
23.1,23.1
-202.4376,Less Than Lower Bound -126.1455
33.84,33.84
12.32,12.32
123.273,123.273
165.66,165.66
22.2,22.2
187.08,187.08
86.08,86.08
13.3,13.3
74.88,74.88
-28.794,-28.794
-147.444,Less Than Lower Bound -126.1455
2.352,2.352
-55.092,-55.092
-104.52,-104.52
154.17,154.17
267.3,More than Upper Bound 219.6825
20.5755,20.5755
4.92,4.92
38.2,38.2
13.5,13.5
91.08,91.08
73.92,73.92
-39.432,-39.432
20.4,20.4
17.3488,17.3488
24.857,24.857
7.59,7.59
82.68,82.68
-53.732,-53.732
45.6,45.6
53.88,53.88
56.568,56.568
40.32,40.32
-395.235,Less Than Lower Bound -126.1455
94.5,94.5
23.79,23.79
59.22,59.22
45,45
42.24,42.24
-5.142,-5.142
108.24,108.24
54.66,54.66
143.94,143.94
-130.176,Less Than Lower Bound -126.1455
33.48,33.48
75,75
22.5,22.5
-1.768,-1.768
-69.99,-69.99
0,0
-63.18,-63.18
179.64,179.64
-17.648,-17.648
104.0625,104.0625
81.6,81.6
47.28,47.28
80.4,80.4
122.58,122.58
21.04,21.04
5.4,5.4
-26.7204,-26.7204
0,0
41.01,41.01
13.2,13.2
33.96,33.96
48.412,48.412
8.64,8.64
-91.92,-91.92
56.7,56.7
104.76,104.76
147.76,147.76
21.84,21.84
21.72,21.72
36.66,36.66
7.3479,7.3479
9.696,9.696
-14.445,-14.445
66.294,66.294
83.412,83.412
67.256,67.256
12.1692,12.1692
80.7912,80.7912
3.549,3.549
119.04,119.04
4.89,4.89
17.424,17.424
39,39
-0.0225,-0.0225
31.0856,31.0856
47.241,47.241
8.46,8.46
-74.90268,-74.90268
13.146,13.146
36.7173,36.7173
139,139
4.6,4.6
17.1,17.1
-14.622,-14.622
39.689,39.689
-58.164,-58.164
82.04,82.04
24.12,24.12
32.46,32.46
47.193,47.193
-20.2356,-20.2356
160.4,160.4
-27.864,-27.864
25.1676,25.1676
16.614,16.614
-23.7822,-23.7822
6.45,6.45
72.358,72.358
21.03,21.03
14.85,14.85
59.43,59.43
6.957,6.957
20.772,20.772
68.976,68.976
-76.9972,-76.9972
9.72,9.72
48.21296,48.21296
72.03,72.03
-104.832,-104.832
52.848,52.848
20.392,20.392
91.9508,91.9508
27.3,27.3
34.2,34.2
10.5,10.5
-1.248,-1.248
24.6,24.6
63.888,63.888
109.872,109.872
-5.9607,-5.9607
20.097,20.097
93.54,93.54
9.03,9.03
-591.172,Less Than Lower Bound -126.1455
1.904,1.904
67.6,67.6
96.3,96.3
4.59,4.59
85.44,85.44
104.49,104.49
31.743,31.743
2.352,2.352
103.77,103.77
-124.812,-124.812
79.68,79.68
3.96,3.96
58.62,58.62
36,36
42,42
31.2,31.2
8.76,8.76
32.48,32.48
24.78,24.78
-38.272,-38.272
56.88,56.88
110.04,110.04
2.52,2.52
-63.768,-63.768
75.591,75.591
26.88,26.88
63.4368,63.4368
-7.368,-7.368
69.84,69.84
43.52,43.52
34.2,34.2
26.28,26.28
106.65,106.65
8.712,8.712
83.733,83.733
83.52,83.52
9.12,9.12
-119.18,-119.18
44.84,44.84
47,47
7.35,7.35
10.8225,10.8225
11.7,11.7
20.4,20.4
69.6,69.6
46.524,46.524
12.3284,12.3284
14.55,14.55
81,81
44.9775,44.9775
10.56,10.56
76.56,76.56
-184.73052,Less Than Lower Bound -126.1455
31.68,31.68
16.3737,16.3737
-182.178,Less Than Lower Bound -126.1455
3.12,3.12
27.12,27.12
45.72,45.72
72.24,72.24
-47.7576,-47.7576
-17.1258,-17.1258
23.49,23.49
66.9546,66.9546
6,6
23.76,23.76
7.68,7.68
-68.176,-68.176
54.234,54.234
4.956,4.956
-159.8898,Less Than Lower Bound -126.1455
5.408,5.408
-5.4,-5.4
82.98,82.98
51.5385,51.5385
5.949,5.949
19.98,19.98
41.823,41.823
-46.7362,-46.7362
103.3116,103.3116
52.38,52.38
11.88,11.88
-176.904,Less Than Lower Bound -126.1455
-102.6,-102.6
19.5184,19.5184
48.36,48.36
5.52,5.52
-39.744,-39.744
20.34,20.34
22.6782,22.6782
-76.68,-76.68
81.702,81.702
24.174,24.174
17.5344,17.5344
53.2704,53.2704
71.28,71.28
-22.368,-22.368
-267.306,Less Than Lower Bound -126.1455
-51.352,-51.352
32.4,32.4
-0.972,-0.972
-25.1055,-25.1055
48.51,48.51
86.76,86.76
-2.3748,-2.3748
69.705,69.705
-175.54,Less Than Lower Bound -126.1455
31.65,31.65
-1.044,-1.044
126.48,126.48
21.69,21.69
137.151,137.151
41.76,41.76
89.4,89.4
4.96,4.96
20.58,20.58
32.49,32.49
92.532,92.532
8.28,8.28
-4.86,-4.86
17.6391,17.6391
-137.04,Less Than Lower Bound -126.1455
53.648,53.648
-162.79548,Less Than Lower Bound -126.1455
41.526,41.526
48.96,48.96
2.604,2.604
19.68,19.68
0,0
121.71,121.71
65.85104,65.85104
12.41976,12.41976
15.84,15.84
129.15,129.15
50.76,50.76
85.9818,85.9818
39.12,39.12
-3.46,-3.46
19.9,19.9
113.16,113.16
101.88,101.88
69,69
191.52,191.52
4.5684,4.5684
34.32,34.32
-84.057,-84.057
48.6,48.6
148.98,148.98
25.5528,25.5528
6.7655,6.7655
12.32,12.32
3.3,3.3
54.234,54.234
-143.082,Less Than Lower Bound -126.1455
-204.24,Less Than Lower Bound -126.1455
-98.406,-98.406
3.894,3.894
12.6348,12.6348
43.38,43.38
12.06,12.06
79.56,79.56
54.09,54.09
53.3466,53.3466
36.88,36.88
-3.24,-3.24
154.722,154.722
15.84,15.84
-229.488,Less Than Lower Bound -126.1455
232.8,More than Upper Bound 219.6825
15.12,15.12
30.45,30.45
-18.1068,-18.1068
93.24,93.24
-34.641,-34.641
14.7582,14.7582
96.99,96.99
109.863,109.863
0,0
14.769,14.769
27.48,27.48
-241.065,Less Than Lower Bound -126.1455
90.8082,90.8082
19.188,19.188
178.74,178.74
81,81
79.5,79.5
37.881,37.881
-7.7728,-7.7728
114.24,114.24
6.2937,6.2937
47.76,47.76
5.25,5.25
15.9,15.9
54.18,54.18
63.7776,63.7776
73.44,73.44
0.51,0.51
177.96,177.96
14.76,14.76
59.454,59.454
34.29,34.29
38.88,38.88
-196.524,Less Than Lower Bound -126.1455
6.84,6.84
1.428,1.428
-42.48,-42.48
57.96,57.96
70.44,70.44
-12.345,-12.345
31.608,31.608
28.98,28.98
-51.84,-51.84
22.113,22.113
70.8,70.8
33.36,33.36
31.6,31.6
100.656,100.656
47.28,47.28
22.08,22.08
122.36,122.36
-184.203,Less Than Lower Bound -126.1455
-103.176,-103.176
70.92,70.92
52.62,52.62
0,0
7.896,7.896
22.17012,22.17012
-25.824,-25.824
-742.995,Less Than Lower Bound -126.1455
64.26,64.26
70.98,70.98
91.3248,91.3248
111.2,111.2
81.18,81.18
69.078,69.078
3.36,3.36
13.572,13.572
33.5895,33.5895
30.72,30.72
18.04,18.04
31.32,31.32
167.94,167.94
18.3645,18.3645
33.4584,33.4584
75.76,75.76
24,24
-44.4576,-44.4576
1.335,1.335
12.36,12.36
9.912,9.912
24.276,24.276
9,9
78.72,78.72
-1779.768,Less Than Lower Bound -126.1455
9.04,9.04
-394.818,Less Than Lower Bound -126.1455
65.763,65.763
53.82,53.82
-1.3338,-1.3338
266.1262,More than Upper Bound 219.6825
15.174,15.174
-142.128,Less Than Lower Bound -126.1455
54.234,54.234
133.206,133.206
-1.647,-1.647
116.55,116.55
39.39,39.39
159.84,159.84
45.92,45.92
60.32,60.32
101.712,101.712
12.9,12.9
-90.09,-90.09
-106.7952,-106.7952
86.3892,86.3892
36.96,36.96
6.84,6.84
-31.8924,-31.8924
-23.229,-23.229
45.954,45.954
-123.2,-123.2
12.32,12.32
28.56,28.56
-34.3185,-34.3185
-338.94,Less Than Lower Bound -126.1455
33.5892,33.5892
25.02,25.02
-142.248,Less Than Lower Bound -126.1455
-499.11,Less Than Lower Bound -126.1455
85.14,85.14
53.46,53.46
31.76,31.76
31.08,31.08
29.97,29.97
-180.168,Less Than Lower Bound -126.1455
-97.74,-97.74
116.25,116.25
-426.986,Less Than Lower Bound -126.1455
10.3473,10.3473
23.76,23.76
-206.01,Less Than Lower Bound -126.1455
-4.02,-4.02
35.1,35.1
4.92,4.92
-448.896,Less Than Lower Bound -126.1455
-96.296,-96.296
-66.204,-66.204
0,0
20.352,20.352
-22.212,-22.212
9.78,9.78
123.24,123.24
-62.118,-62.118
-59,-59
-40.977,-40.977
30.87,30.87
-73.8,-73.8
4.98,4.98
104.832,104.832
-68.9826,-68.9826
-34.758,-34.758
-173.598,Less Than Lower Bound -126.1455
-22.704,-22.704
62.76,62.76
87.15,87.15
46.5,46.5
45.294,45.294
55.016,55.016
60.59496,60.59496
-91.56,-91.56
-34.029,-34.029
104.04,104.04
5.9988,5.9988
20.0928,20.0928
-153.1224,Less Than Lower Bound -126.1455
62.82,62.82
93.48,93.48
25.68,25.68
62.28,62.28
50.82,50.82
39.492,39.492
62.056,62.056
30.72,30.72
49.923,49.923
7.2,7.2
81.6,81.6
61.389,61.389
23.028,23.028
27.608,27.608
11.052,11.052
44.37,44.37
14.22,14.22
158.76,158.76
114.9385,114.9385
421.5853,More than Upper Bound 219.6825
6.18,6.18
12.12,12.12
-211.208,Less Than Lower Bound -126.1455
-57.288,-57.288
0,0
1.08,1.08
-34.866,-34.866
-34.905,-34.905
31.8135,31.8135
-99.2664,-99.2664
81.5949,81.5949
59.52,59.52
82.04,82.04
53.472,53.472
-0.063,-0.063
50.88,50.88
32.55,32.55
97.1892,97.1892
60.66,60.66
10.35,10.35
3.52,3.52
77.22,77.22
45.15,45.15
10.305,10.305
53.091,53.091
93.54,93.54
24.54,24.54
52.848,52.848
160.83,160.83
13.8,13.8
46.98,46.98
57.69,57.69
23.1,23.1
123.9,123.9
23.52,23.52
62.73,62.73
31.78,31.78
26.985,26.985
-386.957,Less Than Lower Bound -126.1455
10.44,10.44
21.2724,21.2724
132,132
1.89,1.89
3.06,3.06
22.26,22.26
-22.26,-22.26
15.12,15.12
15.743,15.743
81.18,81.18
41.52,41.52
91.14,91.14
9.882,9.882
72.66,72.66
23.28,23.28
20.766,20.766
59.4,59.4
95.04,95.04
74.57552,74.57552
22.05,22.05
26.08,26.08
82.16,82.16
38.82,38.82
-125.064,-125.064
9.48,9.48
57.78,57.78
13.65,13.65
18.672,18.672
8.64,8.64
-106.416,-106.416
36.48,36.48
4.928,4.928
-11.025,-11.025
66.72,66.72
21.4758,21.4758
84.9436,84.9436
45.81,45.81
30.3,30.3
7.02,7.02
51.6,51.6
-183.975,Less Than Lower Bound -126.1455
86.76,86.76
32.76,32.76
28.14,28.14
-37.688,-37.688
28.53,28.53
47.8629,47.8629
54.3438,54.3438
33.2544,33.2544
-17.0352,-17.0352
78.72,78.72
18.15,18.15
43.44,43.44
109.7208,109.7208
84.0512,84.0512
31.984,31.984
78.9516,78.9516
22.14,22.14
46.8,46.8
-3.088,-3.088
36.936,36.936
26.16,26.16
0,0
8.7168,8.7168
-47.8716,-47.8716
51.12,51.12
-261.336,Less Than Lower Bound -126.1455
57.42,57.42
17.28,17.28
209.52,209.52
72.6,72.6
3.8,3.8
13.14,13.14
31.8,31.8
7.02,7.02
9.78,9.78
11.04,11.04
54.36,54.36
19.824,19.824
-21.45,-21.45
49.7112,49.7112
88.11,88.11
88.29,88.29
61.947,61.947
71.99,71.99
66.6,66.6
113.211,113.211
26.16,26.16
11,11
105.28,105.28
89.7,89.7
-82.536,-82.536
73.29,73.29
14.67,14.67
48.5392,48.5392
0,0
-43.824,-43.824
52.04,52.04
133.44,133.44
1.746,1.746
72.807,72.807
-5.6784,-5.6784
76.272,76.272
89.02,89.02
21.96,21.96
58.1,58.1
39.96,39.96
53.1,53.1
-133.704,Less Than Lower Bound -126.1455
113.46,113.46
14.76,14.76
37.56,37.56
21.42,21.42
2799.984,More than Upper Bound 219.6825
22.38,22.38
18.54,18.54
-26.82,-26.82
27.81,27.81
99.24,99.24
48.12,48.12
-29.376,-29.376
14.853,14.853
43.69512,43.69512
-9.27,-9.27
10.5,10.5
91.62,91.62
9.63,9.63
75.9924,75.9924
7.1994,7.1994
-636.822,Less Than Lower Bound -126.1455
26.1,26.1
-7.476,-7.476
25.8,25.8
-51.858,-51.858
210,210
85.14,85.14
5.22,5.22
73.08,73.08
-48.33,-48.33
46.8,46.8
43.47,43.47
-5.6655,-5.6655
64.518,64.518
21.9945,21.9945
-9.704,-9.704
0,0
34.08,34.08
7.29,7.29
56.2032,56.2032
90.24,90.24
6.9,6.9
38.22,38.22
41.76,41.76
38.46,38.46
7.623,7.623
8.01,8.01
48.876,48.876
101.8,101.8
7.74,7.74
-41.024,-41.024
-102.048,-102.048
-31.656,-31.656
-27.135,-27.135
187.92,187.92
93.594,93.594
84.9436,84.9436
70.08,70.08
41.52,41.52
26.82,26.82
-15.6303,-15.6303
14.04,14.04
17.28,17.28
63.66,63.66
42.54,42.54
12.912,12.912
9.84,9.84
5.04,5.04
113.46,113.46
19.44,19.44
20.79,20.79
-71.748,-71.748
24.1918,24.1918
21.024,21.024
4.02,4.02
54.99,54.99
114.228,114.228
58.86,58.86
24.72,24.72
54.96,54.96
17.58,17.58
13.5,13.5
66.6,66.6
71.1,71.1
54.96,54.96
-21.195,-21.195
160.623,160.623
24.33,24.33
6.18,6.18
46.38,46.38
38.43,38.43
3.72,3.72
63.0819,63.0819
119.7,119.7
28.8576,28.8576
10.3473,10.3473
1.44,1.44
53.07,53.07
6.6,6.6
-24.768,-24.768
-263.44,Less Than Lower Bound -126.1455
-122.808,-122.808
-33.696,-33.696
6.09,6.09
-64.668,-64.668
8.91,8.91
49.76,49.76
16.78,16.78
-27.5175,-27.5175
4.32,4.32
52.6344,52.6344
12.6,12.6
32.52,32.52
23.76,23.76
-4.4346,-4.4346
58.29,58.29
14.28,14.28
-0.072,-0.072
35.88,35.88
-9.369,-9.369
3.282,3.282
-18.4518,-18.4518
18.432,18.432
64.8,64.8
9.96,9.96
7.14,7.14
-174.156,Less Than Lower Bound -126.1455
-4.832,-4.832
46.24,46.24
37.92,37.92
15.246,15.246
236.52,More than Upper Bound 219.6825
75.24,75.24
2.7,2.7
2.955,2.955
-29.682,-29.682
-1.1196,-1.1196
-251.028,Less Than Lower Bound -126.1455
14.58,14.58
-39.969,-39.969
88.5465,88.5465
106.26,106.26
-12.4146,-12.4146
28.3095,28.3095
17.52,17.52
38.88,38.88
-183.315,Less Than Lower Bound -126.1455
53.844,53.844
123.264,123.264
33.39,33.39
12.78,12.78
23.0864,23.0864
53.8048,53.8048
56.4082,56.4082
50.928,50.928
80.46,80.46
-6.33,-6.33
40.59,40.59
107.3115,107.3115
-28.176,-28.176
49.4508,49.4508
79.8912,79.8912
35.04,35.04
0,0
0.8,0.8
13.8,13.8
74.28,74.28
-207.792,Less Than Lower Bound -126.1455
88.72376,88.72376
320.4,More than Upper Bound 219.6825
59.427,59.427
17.4,17.4
-19.08,-19.08
48.48,48.48
4.44,4.44
67.68,67.68
-12.648,-12.648
-287.736,Less Than Lower Bound -126.1455
115.63552,115.63552
23.49,23.49
0,0
15.3,15.3
9.928,9.928
26.64,26.64
78.03,78.03
12,12
23.76,23.76
91.032,91.032
8.28,8.28
160.623,160.623
17.91,17.91
87.4,87.4
-118.44,-118.44
3.78,3.78
16.524,16.524
-6.156,-6.156
88.074,88.074
-44.235,-44.235
30.54,30.54
-117.84,-117.84
78.78,78.78
21.6,21.6
6.21,6.21
34.236,34.236
35.268,35.268
36.4044,36.4044
12.24,12.24
108.82284,108.82284
12.42,12.42
100.68,100.68
-13.188,-13.188
6.504,6.504
-55.84,-55.84
52.44,52.44
-11.385,-11.385
64.908,64.908
103.38,103.38
15.468,15.468
56.34,56.34
64.92,64.92
-197.64,Less Than Lower Bound -126.1455
80.4,80.4
-7.182,-7.182
0,0
-264.654,Less Than Lower Bound -126.1455
30.471,30.471
-61.323,-61.323
23.4,23.4
-10.9188,-10.9188
177.5889,177.5889
64.70632,64.70632
32.28,32.28
128.73,128.73
-20.583,-20.583
3.78,3.78
-28.08,-28.08
48.2058,48.2058
51.75,51.75
-89.088,-89.088
271.56,More than Upper Bound 219.6825
19.554,19.554
6.69,6.69
82.98,82.98
3.32,3.32
42.48,42.48
29.73,29.73
54.8604,54.8604
6.87,6.87
-53.792,-53.792
-25.9722,-25.9722
-14.5584,-14.5584
47.994,47.994
34.98,34.98
24.96,24.96
-318.20004,Less Than Lower Bound -126.1455
37.2,37.2
3.495,3.495
25.263,25.263
-12.098,-12.098
50.82,50.82
27.636,27.636
43.38,43.38
16.5888,16.5888
24.936,24.936
48.993,48.993
0,0
18.486,18.486
36.846,36.846
1.98,1.98
22.68,22.68
9.24,9.24
28.932,28.932
-88.977,-88.977
41.298,41.298
59.4355,59.4355
27.32,27.32
-24.195,-24.195
-70.32,-70.32
52.7676,52.7676
170.7,170.7
18.3456,18.3456
72.5344,72.5344
102.186,102.186
58.7916,58.7916
83.46,83.46
-239.61,Less Than Lower Bound -126.1455
-105.324,-105.324
59.6,59.6
6.93,6.93
-149.6745,Less Than Lower Bound -126.1455
-83.9475,-83.9475
59.373,59.373
39.38,39.38
-16.62,-16.62
28.62,28.62
61.74,61.74
61.968,61.968
51.6954,51.6954
-307.148,Less Than Lower Bound -126.1455
-40.384,-40.384
46.368,46.368
13.64,13.64
-182.034,Less Than Lower Bound -126.1455
-7.11,-7.11
27.12,27.12
34.26,34.26
25.9974,25.9974
109.04,109.04
119.7,119.7
39.408,39.408
69.8805,69.8805
26.64,26.64
-46.344,-46.344
19.32,19.32
43.92,43.92
46.95,46.95
36.3816,36.3816
-128.298,Less Than Lower Bound -126.1455
30.54,30.54
37.17,37.17
-87.12,-87.12
-65.46,-65.46
100.56,100.56
26.916,26.916
0,0
9.48,9.48
84.14,84.14
-98.964,-98.964
-84.33,-84.33
-84.012,-84.012
13.04,13.04
64,64
25.8,25.8
31.5,31.5
7.848,7.848
-29.4812,-29.4812
8.25,8.25
27.36,27.36
3.36,3.36
-102.366,-102.366
123.72,123.72
19.1646,19.1646
96.792,96.792
-34.08,-34.08
4.86,4.86
82.8,82.8
12.51,12.51
17.064,17.064
46.5432,46.5432
11.88,11.88
54.8604,54.8604
7.7004,7.7004
17.7,17.7
21.12,21.12
34.65,34.65
17.238,17.238
10.3936,10.3936
36.44,36.44
25.035,25.035
-30.5823,-30.5823
55.44,55.44
45.12,45.12
21.10456,21.10456
32.04,32.04
19.62,19.62
18.72,18.72
5.4,5.4
61.884,61.884
-6.21,-6.21
-99.936,-99.936
36.3,36.3
12.8,12.8
14.562,14.562
-21.5685,-21.5685
-59.58,-59.58
-5.52,-5.52
-18.368,-18.368
22.104,22.104
-13.167,-13.167
-186.64,Less Than Lower Bound -126.1455
182.52,182.52
9.2,9.2
26.52,26.52
-23.0319,-23.0319
63.8232,63.8232
39.5,39.5
7.7728,7.7728
-29.92,-29.92
85.14,85.14
-37.14,-37.14
58.5,58.5
-83.088,-83.088
310.53316,More than Upper Bound 219.6825
23.454,23.454
-146.16,Less Than Lower Bound -126.1455
35.25,35.25
31.05,31.05
-80.97,-80.97
7.56,7.56
4.29,4.29
-7.44,-7.44
24.6,24.6
14.31,14.31
-0.06,-0.06
0,0
191.36,191.36
103.92,103.92
35.04,35.04
0,0
21.8736,21.8736
106.2,106.2
65.28,65.28
147,147
11.9988,11.9988
95.7,95.7
42.24,42.24
9.03,9.03
43.4,43.4
124.92,124.92
69.93,69.93
57.54,57.54
60.1398,60.1398
54.9504,54.9504
-141.488,Less Than Lower Bound -126.1455
-32.412,-32.412
34.86,34.86
-60.12,-60.12
-0.0282,-0.0282
65.4,65.4
-94.6605,-94.6605
48.66,48.66
39.84,39.84
-205.1,Less Than Lower Bound -126.1455
-6.468,-6.468
-43.695,-43.695
65.34,65.34
82.44,82.44
94.71,94.71
-155.925,Less Than Lower Bound -126.1455
33.3,33.3
43.56,43.56
294.5488,More than Upper Bound 219.6825
37.56,37.56
37.8,37.8
13.68,13.68
22.6,22.6
31.36,31.36
59.7,59.7
2.52,2.52
-47.04,-47.04
-156.6792,Less Than Lower Bound -126.1455
14.7582,14.7582
23.7564,23.7564
17.52,17.52
28.62,28.62
-34.252,-34.252
27.63,27.63
13.846,13.846
12.84,12.84
39.057,39.057
-26.496,-26.496
35.796,35.796
9.54,9.54
5.94,5.94
15.03,15.03
-78.3678,-78.3678
34.146,34.146
45.588,45.588
92.16,92.16
19.32,19.32
113.859,113.859
0,0
-62.544,-62.544
-124.812,-124.812
-21.45,-21.45
35.4,35.4
84.2352,84.2352
40.26,40.26
46.47,46.47
11.76,11.76
58.08,58.08
38.46,38.46
24.75,24.75
28.62,28.62
88.614,88.614
2.61,2.61
-51.74,-51.74
12.48,12.48
71.82,71.82
85.86,85.86
61.92,61.92
-6.174,-6.174
33.2704,33.2704
63.66,63.66
182.82,182.82
19.44,19.44
26.04,26.04
45.936,45.936
28.98,28.98
54.72,54.72
3.54,3.54
25.68,25.68
107.148,107.148
52.32,52.32
109.3338,109.3338
-16.5,-16.5
26.82,26.82
61.56,61.56
207.45,207.45
7.29,7.29
-0.99252,-0.99252
63.66,63.66
71.1,71.1
-101.88,-101.88
-243.6,Less Than Lower Bound -126.1455
43.68,43.68
26.04,26.04
-4.06,-4.06
-362.736,Less Than Lower Bound -126.1455
-37.02,-37.02
31.95,31.95
19.44,19.44
21.9492,21.9492
57.42,57.42
5.04,5.04
12.24,12.24
53.25,53.25
-64.608,-64.608
71.991,71.991
12.0609,12.0609
18.84,18.84
43.69512,43.69512
88.65,88.65
19.95,19.95
133.44,133.44
58.59,58.59
49.53,49.53
46.8,46.8
54.6,54.6
11.88,11.88
43.68,43.68
-100.17,-100.17
25.92,25.92
39.96,39.96
-50.696,-50.696
-131.85,Less Than Lower Bound -126.1455
175.14,175.14
43.56,43.56
43.92,43.92
30.6,30.6
8.76,8.76
-4.992,-4.992
111.8,111.8
29.85,29.85
14.94,14.94
9.7176,9.7176
18.78,18.78
8.28,8.28
158.94,158.94
44.7,44.7
70.476,70.476
-14.832,-14.832
31.272,31.272
12.384,12.384
-107.0667,-107.0667
34.884,34.884
58.32,58.32
-349.788,Less Than Lower Bound -126.1455
-16.5,-16.5
44.64,44.64
14.04,14.04
41.76,41.76
3.36,3.36
-2.205,-2.205
44.25,44.25
19.1976,19.1976
19.4352,19.4352
-134.088,Less Than Lower Bound -126.1455
-41.256,-41.256
27.36,27.36
111.312,111.312
4.14,4.14
116.55,116.55
117.9,117.9
123.12,123.12
90.36,90.36
16.05,16.05
5.625,5.625
16.17,16.17
-14.196,-14.196
123.12,123.12
83.52,83.52
72.99,72.99
17.46,17.46
-12.3012,-12.3012
28.05,28.05
15.03,15.03
99.84,99.84
7.2,7.2
28.608,28.608
62.253,62.253
30.06,30.06
20.1584,20.1584
-148.98,Less Than Lower Bound -126.1455
80.16,80.16
65.92,65.92
12.96,12.96
-309.33,Less Than Lower Bound -126.1455
9.48,9.48
117.45,117.45
-320.328,Less Than Lower Bound -126.1455
50,50
53.46,53.46
25.1225,25.1225
-165.414,Less Than Lower Bound -126.1455
17.1,17.1
25.56,25.56
99.3,99.3
81.9,81.9
60.27,60.27
-59.28,-59.28
178.56,178.56
-7.776,-7.776
11.898,11.898
38.52,38.52
20.4822,20.4822
48.12,48.12
-152.955,Less Than Lower Bound -126.1455
15.54,15.54
0,0
-83.076,-83.076
-32.516,-32.516
17.4,17.4
49.257,49.257
4.32,4.32
-143.982,Less Than Lower Bound -126.1455
80.6285,80.6285
120.5106,120.5106
87.84,87.84
-8.6787,-8.6787
41.814,41.814
-26.1243,-26.1243
73.41,73.41
64.70632,64.70632
327.506,More than Upper Bound 219.6825
-83.7,-83.7
44.7096,44.7096
47.061,47.061
26.73,26.73
44.84,44.84
59.64,59.64
23.1,23.1
31.0446,31.0446
12.6,12.6
29.28,29.28
4.5,4.5
8.88,8.88
75.76,75.76
28.5,28.5
69.6,69.6
-211.95,Less Than Lower Bound -126.1455
7.26,7.26
45.516,45.516
30.51,30.51
80.19,80.19
37.884,37.884
9.84,9.84
75.036,75.036
13.52,13.52
22.16,22.16
61.44,61.44
28.95,28.95
3.33,3.33
69.84,69.84
45.672,45.672
2.7062,2.7062
25.1496,25.1496
45.42,45.42
-251.1,Less Than Lower Bound -126.1455
58.77,58.77
-63.54,-63.54
74.688,74.688
9.99,9.99
22.74,22.74
-119.104,-119.104
22.44,22.44
22.76,22.76
2.52,2.52
34.0728,34.0728
-36.816,-36.816
23.76,23.76
69.78,69.78
146.4,146.4
29.495,29.495
3.99,3.99
72.9,72.9
-48.0816,-48.0816
25.5798,25.5798
-568.662,Less Than Lower Bound -126.1455
72.24,72.24
37.032,37.032
94.08,94.08
41.52,41.52
55.6,55.6
-45.03,-45.03
72.84,72.84
-6.156,-6.156
17.616,17.616
120.9416,120.9416
32.64,32.64
-12.315,-12.315
-33.804,-33.804
67.43576,67.43576
45.64,45.64
30.28,30.28
-104.4,-104.4
-0.105,-0.105
69.45,69.45
87.273,87.273
46.44,46.44
6.84,6.84
-175.59,Less Than Lower Bound -126.1455
34.08,34.08
-2.264,-2.264
102.054,102.054
25.56,25.56
38.976,38.976
-299.2614,Less Than Lower Bound -126.1455
-12.196,-12.196
124.3,124.3
42.8,42.8
12.42,12.42
10.4628,10.4628
18.42,18.42
17.4954,17.4954
0.99,0.99
29.34,29.34
57.24,57.24
128.4,128.4
-33.87,-33.87
3.9,3.9
64.24,64.24
30.9,30.9
89.91,89.91
40.95,40.95
53.9946,53.9946
58.32,58.32
51.6,51.6
25.83,25.83
-63.648,-63.648
10.794,10.794
74.1,74.1
29.46,29.46
135.18,135.18
247.062,More than Upper Bound 219.6825
13.41,13.41
16.7972,16.7972
51.6,51.6
5.28,5.28
31.9,31.9
5.8,5.8
22.41,22.41
-28.1475,-28.1475
30.6,30.6
26.73,26.73
-22.32,-22.32
49.95,49.95
0,0
102.56,102.56
136.68,136.68
66.9,66.9
73.14,73.14
40.5867,40.5867
20.58,20.58
16.96,16.96
72.54856,72.54856
4.496,4.496
12.42,12.42
23.31,23.31
37.17,37.17
2.304,2.304
-77.625,-77.625
-13.392,-13.392
-371.04,Less Than Lower Bound -126.1455
0,0
-261.183,Less Than Lower Bound -126.1455
8.28,8.28
23.0886,23.0886
80.6312,80.6312
24.12,24.12
-0.015,-0.015
9.36,9.36
29.943,29.943
-22.032,-22.032
94.77,94.77
-43.8336,-43.8336
55.98,55.98
68.8,68.8
20.76,20.76
-42.624,-42.624
21.3,21.3
-9.369,-9.369
53.13,53.13
57.27,57.27
69.15,69.15
-104.304,-104.304
-11.682,-11.682
38.52,38.52
25.32,25.32
44.7,44.7
-240.42,Less Than Lower Bound -126.1455
0,0
41.544,41.544
-69.75,-69.75
163.5,163.5
-58.6347,-58.6347
0.7198,0.7198
19.7934,19.7934
-348.6294,Less Than Lower Bound -126.1455
34.08,34.08
106.56,106.56
63.33,63.33
104.1,104.1
29.34,29.34
46.8,46.8
150.984,150.984
-87.024,-87.024
29.7,29.7
1.17,1.17
34.32,34.32
55.53,55.53
-24.9684,-24.9684
77.04,77.04
75.686,75.686
60.24,60.24
83.34,83.34
27.84,27.84
52.7824,52.7824
29.88,29.88
9.867,9.867
48.69,48.69
-27.468,-27.468
23.82,23.82
29.88,29.88
11.934,11.934
14.22,14.22
122.148,122.148
30.5,30.5
3.8004,3.8004
-95.6,-95.6
27.9,27.9
42.42,42.42
83.2097,83.2097
2.4598,2.4598
32.4,32.4
22.647,22.647
74.34,74.34
-189.81,Less Than Lower Bound -126.1455
12.96,12.96
27.3825,27.3825
-99.135,-99.135
2.88,2.88
39.15,39.15
134.652,134.652
-189.792,Less Than Lower Bound -126.1455
26.58,26.58
29.22,29.22
15.96,15.96
56.88,56.88
10.542,10.542
29.331,29.331
14.2632,14.2632
46.02,46.02
21,21
13.2,13.2
84.6,84.6
18.6,18.6
4.5,4.5
3.69,3.69
0,0
5.24,5.24
146.7,146.7
25.3,25.3
-105.39,-105.39
19.8,19.8
-81.768,-81.768
10.773,10.773
77.7,77.7
0.54,0.54
-28.76,-28.76
148.32,148.32
38.04,38.04
-1.845,-1.845
34.2,34.2
22.68,22.68
-34.335,-34.335
69.45,69.45
2.52,2.52
50.22,50.22
5.85,5.85
60.15,60.15
159.417,159.417
-11.4555,-11.4555
88.5,88.5
91.8,91.8
104.28,104.28
0,0
6.7,6.7
3.6,3.6
27.36,27.36
80.25,80.25
51.84,51.84
49.98,49.98
12.6,12.6
49.68,49.68
182.3553,182.3553
-5.1345,-5.1345
7.1586,7.1586
14.04,14.04
137.02,137.02
25.86,25.86
-95.484,-95.484
55.35,55.35
87.486,87.486
5.7,5.7
8.73,8.73
361.49136,More than Upper Bound 219.6825
-9.108,-9.108
51.4,51.4
91.77,91.77
69.435,69.435
8.88,8.88
144.5157,144.5157
25.792,25.792
40.9176,40.9176
145.44,145.44
16.02,16.02
48.9516,48.9516
10.8588,10.8588
-66.22,-66.22
52.29,52.29
-40.02,-40.02
27,27
9.1296,9.1296
-172.4925,Less Than Lower Bound -126.1455
41.1208,41.1208
23.235,23.235
30.44,30.44
-3.258,-3.258
36.3987,36.3987
85.9818,85.9818
73.92,73.92
12.84,12.84
-190.914,Less Than Lower Bound -126.1455
-3.804,-3.804
14.04,14.04
48.69,48.69
-17.316,-17.316
-50.55,-50.55
66.042,66.042
-24.225,-24.225
5.8,5.8
48.52676,48.52676
108.72,108.72
33.3,33.3
13.86,13.86
16.92,16.92
26.1156,26.1156
28.5,28.5
42.18,42.18
31.941,31.941
26.8752,26.8752
36.81,36.81
-167.445,Less Than Lower Bound -126.1455
57.24,57.24
76.05,76.05
-153.366,Less Than Lower Bound -126.1455
-37.4,-37.4
-183.08,Less Than Lower Bound -126.1455
22.41,22.41
49.35,49.35
95.52,95.52
14.88,14.88
5.328,5.328
21.72,21.72
19.74,19.74
26.352,26.352
50.64,50.64
12.72,12.72
5.84,5.84
65.12844,65.12844
169.2,169.2
-269.88,Less Than Lower Bound -126.1455
51.3,51.3
31.04,31.04
-140.01,Less Than Lower Bound -126.1455
48.87,48.87
33.75,33.75
86.25,86.25
-376.065,Less Than Lower Bound -126.1455
53.4,53.4
24.88,24.88
-89.36,-89.36
-99.02,-99.02
-24.38,-24.38
41.535,41.535
14.3952,14.3952
1.0598,1.0598
63.24,63.24
122.16,122.16
93.12,93.12
10.05,10.05
61.86,61.86
0,0
21.78,21.78
32.6332,32.6332
33.636,33.636
17.82,17.82
4.4,4.4
20.988,20.988
42.75,42.75
-27.2709,-27.2709
79.86,79.86
-66.22424,-66.22424
3.76,3.76
89.4,89.4
7.56,7.56
-10.104,-10.104
-21.294,-21.294
-73.656,-73.656
9.12,9.12
48.543,48.543
16.8948,16.8948
-12.8784,-12.8784
-174.672,Less Than Lower Bound -126.1455
57.36,57.36
-48.456,-48.456
4.7,4.7
15.78,15.78
59.82,59.82
30.24,30.24
-31.392,-31.392
18.99,18.99
16.38,16.38
35.4252,35.4252
94.116,94.116
89.94,89.94
70.92,70.92
40.05,40.05
4.89,4.89
7.65,7.65
10.14,10.14
76.56,76.56
52.29,52.29
14.1246,14.1246
22.5296,22.5296
30.48,30.48
28.8,28.8
31.68,31.68
124.92,124.92
-336.6272,Less Than Lower Bound -126.1455
60.4224,60.4224
7.196,7.196
28.1718,28.1718
21.12,21.12
1.8,1.8
8.7,8.7
38.52,38.52
5.74,5.74
-312.76,Less Than Lower Bound -126.1455
63.888,63.888
18.2562,18.2562
15.5372,15.5372
-52.5481,-52.5481
10.35,10.35
93.12,93.12
-28.756,-28.756
-39.684,-39.684
91.8,91.8
92.952,92.952
35.2872,35.2872
76.0878,76.0878
1.32,1.32
77.46,77.46
69.6,69.6
-292.41,Less Than Lower Bound -126.1455
65.88,65.88
14.184,14.184
131.76,131.76
48.51,48.51
16.7776,16.7776
69.12,69.12
-10.206,-10.206
112.8,112.8
4.2294,4.2294
14.76,14.76
-28.494,-28.494
82.5,82.5
44.73,44.73
89.3142,89.3142
59.88,59.88
19.74,19.74
24.12,24.12
33.2,33.2
73.68,73.68
3.141,3.141
3.633,3.633
73.2,73.2
11.16,11.16
18.96,18.96
18.36,18.36
-46.32,-46.32
-31.828,-31.828
55.08,55.08
22.68,22.68
27.72,27.72
35.9625,35.9625
37.26,37.26
28.95,28.95
-32.5226,-32.5226
67.9833,67.9833
63.03,63.03
89.55,89.55
-59.05688,-59.05688
-30.75,-30.75
16.56,16.56
11.925,11.925
-7.1991,-7.1991
9.48,9.48
6.3,6.3
109.08,109.08
68.6868,68.6868
97.8,97.8
83.31,83.31
50.48,50.48
8,8
161.16,161.16
62.43,62.43
8.46,8.46
-10.242,-10.242
-80.9955,-80.9955
-33.8418,-33.8418
24.84,24.84
0,0
136.2,136.2
-79.716,-79.716
87.219,87.219
18.72,18.72
78.48,78.48
36.2106,36.2106
2.3094,2.3094
21.024,21.024
34.9888,34.9888
18.08,18.08
-17.136,-17.136
54.18,54.18
25.92,25.92
34.7,34.7
24.48,24.48
36.66,36.66
14.04,14.04
32.46,32.46
97.4,97.4
54.16,54.16
5.4,5.4
11.2648,11.2648
-38.2,-38.2
33.28,33.28
28.98,28.98
54.36,54.36
30.78,30.78
73.44,73.44
36.2556,36.2556
27.3,27.3
101.64,101.64
88.5,88.5
22.4838,22.4838
28.1718,28.1718
13.3008,13.3008
40.2,40.2
-54.06,-54.06
24.87,24.87
51.57,51.57
57.33,57.33
13.59,13.59
76.17,76.17
62.3904,62.3904
17.46,17.46
171.648,171.648
82.188,82.188
0,0
50.76,50.76
11.691,11.691
2.73,2.73
4.98,4.98
7.02,7.02
28.17,28.17
36.15,36.15
86.76,86.76
7.83,7.83
-56.6655,-56.6655
43.44,43.44
-158.064,Less Than Lower Bound -126.1455
17.52,17.52
-29.448,-29.448
0,0
29.6,29.6
5.46,5.46
-136.035,Less Than Lower Bound -126.1455
-64.5444,-64.5444
-8.5416,-8.5416
-269.916,Less Than Lower Bound -126.1455
20.472,20.472
34.26,34.26
42.6,42.6
-153.936,Less Than Lower Bound -126.1455
2.7,2.7
-3.612,-3.612
33.93,33.93
-68.394,-68.394
69.78,69.78
24.87,24.87
39.9,39.9
0,0
72.8946,72.8946
156.45,156.45
56.4,56.4
82.02,82.02
88.02,88.02
35.7,35.7
76.23,76.23
-5.6475,-5.6475
63.8862,63.8862
81.1734,81.1734
10.35,10.35
8.91,8.91
-80.352,-80.352
19.74,19.74
25.56,25.56
106.005,106.005
-70.524,-70.524
68.664,68.664
-26.124,-26.124
60.2553,60.2553
14.72,14.72
111.86328,111.86328
227.48,More than Upper Bound 219.6825
9.44,9.44
60,60
45.09,45.09
-3.798,-3.798
-15.861,-15.861
59.64,59.64
39.996,39.996
36.9,36.9
15.992,15.992
2.52,2.52
23.76,23.76
6.504,6.504
-7.452,-7.452
-535.437,Less Than Lower Bound -126.1455
-25.9488,-25.9488
32.238,32.238
107.4,107.4
-14.4784,-14.4784
17.28,17.28
12,12
26.01,26.01
54.3332,54.3332
25.68,25.68
0,0
11.56,11.56
40,40
0,0
36.414,36.414
5.4,5.4
45.81,45.81
13.92,13.92
62.4,62.4
113.16,113.16
56.79,56.79
-27.2025,-27.2025
-64.4274,-64.4274
319.74,More than Upper Bound 219.6825
1.26,1.26
41.92,41.92
19.23,19.23
39.48,39.48
93.6,93.6
8.295,8.295
86.8704,86.8704
30.06,30.06
-34.3,-34.3
-3.498,-3.498
24.696,24.696
39.96,39.96
69.9965,69.9965
-47.994,-47.994
-22.704,-22.704
60.39,60.39
-35.925,-35.925
57.294,57.294
38.28,38.28
111.36,111.36
-800.064,Less Than Lower Bound -126.1455
55.68,55.68
7.92,7.92
12.12,12.12
22.2352,22.2352
45.3488,45.3488
22.1184,22.1184
-166.212,Less Than Lower Bound -126.1455
185.76,185.76
22.896,22.896
47.52,47.52
18.78,18.78
6.4845,6.4845
-90.084,-90.084
64.2,64.2
90.84,90.84
45.72,45.72
12.96,12.96
-203.796,Less Than Lower Bound -126.1455
114.84,114.84
43.44,43.44
-132.216,Less Than Lower Bound -126.1455
30.08,30.08
43.2,43.2
36.16,36.16
109.8,109.8
38.22,38.22
-8.442,-8.442
4.0005,4.0005
72.8088,72.8088
29.2,29.2
14.4,14.4
2.4735,2.4735
27.9108,27.9108
72.9,72.9
-31.344,-31.344
1.26,1.26
2.04,2.04
19.68,19.68
-0.036,-0.036
-11.214,-11.214
24.921,24.921
-15.7176,-15.7176
19.26,19.26
15.33,15.33
86.94,86.94
78.75,78.75
29.706,29.706
56.406,56.406
-45.3492,-45.3492
83.284,83.284
15.6,15.6
66.54,66.54
-64.38,-64.38
0,0
34.86,34.86
57.24,57.24
17.4,17.4
18,18
45.33,45.33
8.58,8.58
-16.096,-16.096
13.4,13.4
82.8,82.8
-3.8661,-3.8661
12.42,12.42
29.76,29.76
7.92,7.92
-7.05,-7.05
56.88,56.88
8.085,8.085
24.6,24.6
-38.7,-38.7
35.25,35.25
20.4,20.4
-538.128,Less Than Lower Bound -126.1455
23,23
2.544,2.544
36.4,36.4
-4.76,-4.76
-4.554,-4.554
0,0
-78.525,-78.525
68.25,68.25
57.69,57.69
53.52,53.52
137.54,137.54
8.49,8.49
56.16,56.16
-113.895,-113.895
32.868,32.868
173.916,173.916
-15.4539,-15.4539
173.151,173.151
18.7695,18.7695
16.5888,16.5888
29.28,29.28
-31.48,-31.48
34.803,34.803
43.68,43.68
20.52,20.52
-59.19,-59.19
10.638,10.638
2.16,2.16
64.674,64.674
20.878,20.878
2.9346,2.9346
36.3018,36.3018
36.3972,36.3972
6.72,6.72
64,64
-6.192,-6.192
20,20
8.58,8.58
31.198,31.198
39.39,39.39
-65.52,-65.52
36,36
-33.975,-33.975
-106.596,-106.596
10.584,10.584
51,51
65.52,65.52
-1.0196,-1.0196
8.997,8.997
133.74,133.74
120,120
24.219,24.219
35.1,35.1
6.714,6.714
-44.8803,-44.8803
87.24,87.24
23.16,23.16
-47.592,-47.592
-12.168,-12.168
-3.231,-3.231
97.0784,97.0784
1.38,1.38
-72.996,-72.996
64.14,64.14
77.16,77.16
13.44,13.44
42.06,42.06
67.2,67.2
58.3047,58.3047
25.8129,25.8129
9.654,9.654
35.16,35.16
26.82,26.82
43.26,43.26
26.55,26.55
76.92,76.92
52.38,52.38
94.59,94.59
126.99,126.99
4.56,4.56
-92.28,-92.28
29.88,29.88
35.73,35.73
-102.66,-102.66
78.57,78.57
17.469,17.469
0,0
63.84,63.84
16.368,16.368
32.92552,32.92552
-2.532,-2.532
-54.06,-54.06
58.689,58.689
91.9508,91.9508
26.6,26.6
-25.0844,-25.0844
5.32,5.32
34.9648,34.9648
-13.7976,-13.7976
-20.016,-20.016
101.76,101.76
42.45,42.45
24.6,24.6
6.9822,6.9822
13.332,13.332
74.8142,74.8142
233.9961,More than Upper Bound 219.6825
44.712,44.712
-58.752,-58.752
-209.376,Less Than Lower Bound -126.1455
9.8,9.8
44.7,44.7
95.76,95.76
34.7865,34.7865
17.52,17.52
25.02,25.02
9.03,9.03
19.26,19.26
43.88,43.88
15.1,15.1
36,36
-58.224,-58.224
39.36,39.36
-424.284,Less Than Lower Bound -126.1455
-16.191,-16.191
9.3564,9.3564
96.78,96.78
64.92,64.92
-42.92,-42.92
86.4,86.4
40.245,40.245
-4.5468,-4.5468
18.96,18.96
33.96,33.96
27.48,27.48
4.536,4.536
22.17012,22.17012
1.36,1.36
15.5745,15.5745
68.04,68.04
18.27,18.27
68.418,68.418
162.36,162.36
60.39,60.39
13.2,13.2
25.68,25.68
-135.648,Less Than Lower Bound -126.1455
-60.585,-60.585
46.05,46.05
23.2125,23.2125
67.1916,67.1916
5.397,5.397
13.2,13.2
76.38,76.38
-69.795,-69.795
44.34,44.34
6,6
83.9916,83.9916
49.56,49.56
9,9
-142.272,Less Than Lower Bound -126.1455
-20.022,-20.022
34.4232,34.4232
23.9688,23.9688
65.28,65.28
24.96,24.96
39.06,39.06
-56.364,-56.364
44.64,44.64
9.912,9.912
63,63
95.04,95.04
49.869,49.869
25.74,25.74
7.96,7.96
-84.195,-84.195
46.155,46.155
76.5583,76.5583
50.76,50.76
66.18,66.18
16.72,16.72
97.1,97.1
15.9,15.9
20.436,20.436
30,30
-20.6964,-20.6964
-30.2288,-30.2288
3.432,3.432
63.28,63.28
9.552,9.552
2.88,2.88
34.26,34.26
68.976,68.976
57.5904,57.5904
-36.6,-36.6
13.683,13.683
6.12,6.12
51.03,51.03
-14.352,-14.352
-76.9725,-76.9725
49.35,49.35
18.99,18.99
105.468,105.468
60.4968,60.4968
27.36,27.36
22.76,22.76
157.44,157.44
102,102
13.7016,13.7016
23.1,23.1
35.46,35.46
70.74,70.74
21.72,21.72
-24.968,-24.968
53.307,53.307
5.49,5.49
21.84,21.84
11.28,11.28
43.8,43.8
-76.384,-76.384
102.06,102.06
10.98,10.98
-11.235,-11.235
-121.425,-121.425
25.065,25.065
3.492,3.492
-110.7645,-110.7645
-84.8232,-84.8232
38.64,38.64
120.858,120.858
6.72,6.72
40.3536,40.3536
93.36,93.36
52.32,52.32
-41.364,-41.364
2.28,2.28
13.74,13.74
79.176,79.176
38.196,38.196
56.55,56.55
-247.488,Less Than Lower Bound -126.1455
64.68,64.68
-276.012,Less Than Lower Bound -126.1455
-53.64,-53.64
5.328,5.328
16.416,16.416
-8.436,-8.436
75.3,75.3
36.042,36.042
22.152,22.152
109.32,109.32
13.5882,13.5882
27.804,27.804
-13.56,-13.56
35.262,35.262
32.55,32.55
15.147,15.147
-190.056,Less Than Lower Bound -126.1455
14.78,14.78
62.64,62.64
27.9,27.9
49.56,49.56
12.96,12.96
164.88,164.88
89.28,89.28
33.72,33.72
18.08,18.08
24.02416,24.02416
41.1,41.1
19.6,19.6
5.904,5.904
29.34,29.34
37.56,37.56
78.93,78.93
18.267,18.267
21.7728,21.7728
12.864,12.864
17.1,17.1
10.98,10.98
2.76,2.76
32.34,32.34
29.372,29.372
-318.411,Less Than Lower Bound -126.1455
9.9,9.9
71.88,71.88
50.1876,50.1876
43.2,43.2
-63.504,-63.504
-4.88,-4.88
69.4,69.4
-121.296,-121.296
131.1,131.1
58.26,58.26
35.728,35.728
123.507,123.507
-481.8393,Less Than Lower Bound -126.1455
63.705,63.705
8.4,8.4
66.72,66.72
24,24
15.66,15.66
89.22,89.22
46.368,46.368
107.46,107.46
69.48,69.48
67.14,67.14
22.5624,22.5624
13.86,13.86
17.7,17.7
45.174,45.174
7.68,7.68
53.775,53.775
21.72,21.72
27.3568,27.3568
131.586,131.586
6.6,6.6
-239.61,Less Than Lower Bound -126.1455
13.92,13.92
71,71
0.84,0.84
22.986,22.986
26.9526,26.9526
23.7864,23.7864
11.586,11.586
91.41,91.41
119.64,119.64
20.52,20.52
64.8,64.8
144.9,144.9
9.2442,9.2442
43.9956,43.9956
7.945,7.945
4.32,4.32
-50.595,-50.595
40.473,40.473
11.5,11.5
82.04,82.04
11.85,11.85
20.34,20.34
44.31,44.31
26.901,26.901
-37.44,-37.44
-53.784,-53.784
21.96,21.96
-27.7158,-27.7158
51.1936,51.1936
38.9752,38.9752
34.38,34.38
45.52,45.52
60.32,60.32
69.64,69.64
280.62,More than Upper Bound 219.6825
-85.806,-85.806
59.8176,59.8176
5.04,5.04
96.8,96.8
7.92,7.92
46.71,46.71
19.5,19.5
0.72,0.72
47.04,47.04
-94.86996,-94.86996
2.64,2.64
1.62,1.62
28.7466,28.7466
48.12,48.12
4.08,4.08
9.78,9.78
97.8,97.8
24.12,24.12
95.44,95.44
68.28,68.28
2.46,2.46
21.864,21.864
61.62,61.62
23.94,23.94
26.46,26.46
-136.08,Less Than Lower Bound -126.1455
3.72,3.72
7.64,7.64
4.275,4.275
13.5,13.5
-119.925,-119.925
-64.02,-64.02
13.824,13.824
-26.784,-26.784
17.324,17.324
31.05,31.05
21,21
33.48,33.48
-86.988,-86.988
16.38,16.38
26.1,26.1
32.64,32.64
19.122,19.122
20.52,20.52
37.7874,37.7874
-14.352,-14.352
22.32,22.32
18.84,18.84
-453.849,Less Than Lower Bound -126.1455
21.5988,21.5988
55.68,55.68
43.84,43.84
-29.07,-29.07
64.92,64.92
10.14,10.14
-51.48,-51.48
32.098,32.098
25.32,25.32
28.62,28.62
16.5,16.5
63.87,63.87
24.12,24.12
88.2,88.2
-25.8345,-25.8345
16.8,16.8
-6.828,-6.828
1.6196,1.6196
-24.2352,-24.2352
6.7188,6.7188
59.31,59.31
103.32,103.32
12.24,12.24
14.78008,14.78008
12.42,12.42
49.44,49.44
50.4,50.4
-93.5802,-93.5802
73.44,73.44
22.68,22.68
-152.152,Less Than Lower Bound -126.1455
-85.26,-85.26
99.48,99.48
-47.016,-47.016
14.28,14.28
11.58,11.58
38.589,38.589
57.495,57.495
56.925,56.925
4.3902,4.3902
-31.2525,-31.2525
12.12,12.12
60.5528,60.5528
32.0598,32.0598
27.1503,27.1503
-0.024,-0.024
7.945,7.945
39.84,39.84
38.4,38.4
48.69,48.69
28.23,28.23
0.84,0.84
53.2608,53.2608
-42.408,-42.408
-154.328,Less Than Lower Bound -126.1455
-38.592,-38.592
2.76,2.76
1.89,1.89
21.24,21.24
17.46,17.46
1.26,1.26
5.25,5.25
70.08,70.08
6,6
-31.32,-31.32
33.858,33.858
121.65,121.65
57.27,57.27
75.76,75.76
0,0
72.36,72.36
55.5,55.5
15,15
34.44,34.44
29.808,29.808
27.18,27.18
31.68,31.68
104.16,104.16
14.26,14.26
-143.37,Less Than Lower Bound -126.1455
7.68,7.68
-147.015,Less Than Lower Bound -126.1455
-110.718,-110.718
56.92448,56.92448
-56,-56
30.43616,30.43616
14.94,14.94
0,0
29.5186,29.5186
-113.07,-113.07
25.3488,25.3488
21.259,21.259
99.9408,99.9408
22.3888,22.3888
0,0
10.35,10.35
117.36,117.36
0,0
-19.425,-19.425
-1.44,-1.44
114.18,114.18
60.408,60.408
60.03,60.03
80.4,80.4
6.9006,6.9006
62.169,62.169
-82.9845,-82.9845
26.9973,26.9973
19.7988,19.7988
6.66,6.66
16.62,16.62
-19.12,-19.12
70.41,70.41
24.48,24.48
11.2839,11.2839
86.88,86.88
-261.423,Less Than Lower Bound -126.1455
24.36,24.36
110.88184,110.88184
20.72,20.72
60.864,60.864
14.85,14.85
44.97,44.97
5.19,5.19
81.432,81.432
2.76,2.76
-371.232,Less Than Lower Bound -126.1455
95.7,95.7
949.2,More than Upper Bound 219.6825
-60.78,-60.78
9.18,9.18
32.796,32.796
8.6744,8.6744
18.767,18.767
100.4255,100.4255
43.38,43.38
41.202,41.202
-28.74,-28.74
14.868,14.868
-111.69,-111.69
50.352,50.352
1.5,1.5
14.78008,14.78008
62.58,62.58
-4.22,-4.22
68.16,68.16
26.72,26.72
41.82,41.82
-3.6396,-3.6396
38.178,38.178
89.9548,89.9548
116.4,116.4
54.54,54.54
19.32,19.32
-170.51232,Less Than Lower Bound -126.1455
20.616,20.616
13.26,13.26
17.07,17.07
29.88,29.88
41.262,41.262
5.28,5.28
-57.74,-57.74
-23.598,-23.598
7.623,7.623
9.84,9.84
-25.2,-25.2
-488.772,Less Than Lower Bound -126.1455
-71.8905,-71.8905
11.076,11.076
120.36,120.36
-19.632,-19.632
-79.044,-79.044
-205.683,Less Than Lower Bound -126.1455
62.1,62.1
9.2,9.2
5.28,5.28
122.28,122.28
52.92,52.92
6.768,6.768
-28.8678,-28.8678
71.88,71.88
7.05,7.05
-35.595,-35.595
87.03,87.03
81.8432,81.8432
19.9665,19.9665
54.8613,54.8613
12.24,12.24
2.37,2.37
62.16,62.16
10.134,10.134
108.57,108.57
55.44,55.44
128.25,128.25
43.725,43.725
72,72
3.5858,3.5858
-19.5624,-19.5624
8.352,8.352
26.1,26.1
37.08,37.08
0,0
116.4,116.4
0.9,0.9
21.0288,21.0288
-95.2476,-95.2476
28.08,28.08
-111.83796,-111.83796
59.4,59.4
83.94,83.94
4.74,4.74
-102.378,-102.378
-66.696,-66.696
26.64,26.64
32.25,32.25
96.24,96.24
47.4,47.4
6.4,6.4
4.14,4.14
28.3914,28.3914
40.32,40.32
-69.97048,-69.97048
-0.09,-0.09
38.874,38.874
-4.6284,-4.6284
39.41,39.41
37.7916,37.7916
-204.9996,Less Than Lower Bound -126.1455
22.44,22.44
45.06,45.06
-175.962,Less Than Lower Bound -126.1455
22.88284,22.88284
3.28,3.28
31.26,31.26
12.2178,12.2178
36.813,36.813
-31.3722,-31.3722
114.18,114.18
66.72,66.72
35.76,35.76
29.4,29.4
73.56,73.56
35.25,35.25
-56.55,-56.55
24.75,24.75
-14.4784,-14.4784
22.2444,22.2444
-14.379,-14.379
85.98,85.98
33.28,33.28
28.5,28.5
3.918,3.918
-12.148,-12.148
-59.2,-59.2
39.6,39.6
53.55,53.55
39.66,39.66
58.23,58.23
7.35,7.35
-92.76,-92.76
-89.0532,-89.0532
59.31,59.31
18.096,18.096
-104.673,-104.673
16.59,16.59
13.86,13.86
-147.8655,Less Than Lower Bound -126.1455
7.92,7.92
12.912,12.912
70.4,70.4
59.1,59.1
81.78,81.78
1.95,1.95
-29.07,-29.07
-44.532,-44.532
15.84,15.84
-83.022,-83.022
-249.84,Less Than Lower Bound -126.1455
15.96,15.96
-376.065,Less Than Lower Bound -126.1455
0,0
55.8,55.8
13.28816,13.28816
29.364,29.364
-72.039,-72.039
29.692,29.692
22.35,22.35
5.952,5.952
10.632,10.632
86.4,86.4
22.128,22.128
-31.92,-31.92
72.432,72.432
18.78,18.78
127.71,127.71
-40.016,-40.016
-101.97,-101.97
-6.756,-6.756
-280.224,Less Than Lower Bound -126.1455
-22.032,-22.032
79.08,79.08
76.44,76.44
-33.76,-33.76
65.2,65.2
-123.525,-123.525
4.98,4.98
-55.6875,-55.6875
-10.011,-10.011
16.011,16.011
-21.4704,-21.4704
-173.598,Less Than Lower Bound -126.1455
2.82,2.82
33.15,33.15
32.595,32.595
27.72,27.72
25.32,25.32
-100.96,-100.96
-39.144,-39.144
25.92,25.92
6.444,6.444
24.045,24.045
26.1,26.1
4.98,4.98
35.28,35.28
90.15,90.15
-15.99,-15.99
7.59,7.59
30.68,30.68
9.24,9.24
41.832,41.832
2.6271,2.6271
143.303,143.303
0,0
121.86,121.86
27.63,27.63
37.8,37.8
-7.2852,-7.2852
-10.4502,-10.4502
52.9173,52.9173
10.098,10.098
20.9274,20.9274
19.26,19.26
51.12,51.12
43.04,43.04
-7.968,-7.968
65.88,65.88
53.196,53.196
35.25,35.25
36.63,36.63
29.58,29.58
-102.832,-102.832
27.28,27.28
-9.666,-9.666
43.614,43.614
30.42,30.42
63.72064,63.72064
19.56,19.56
-111.06,-111.06
-0.045,-0.045
-99.744,-99.744
108.9,108.9
-35.6174,-35.6174
79.8912,79.8912
39.6,39.6
2.3094,2.3094
-1.27248,-1.27248
-37.2075,-37.2075
-41.265,-41.265
74.8524,74.8524
15.6,15.6
11.912,11.912
26.18,26.18
9.288,9.288
-42.288,-42.288
69.6,69.6
80.46,80.46
22.662,22.662
28.86,28.86
0.8495,0.8495
30.06,30.06
9.78,9.78
4.02,4.02
65.60436,65.60436
77.88,77.88
-1.845,-1.845
30.2535,30.2535
46.5003,46.5003
4.08,4.08
-126.714,Less Than Lower Bound -126.1455
199.116,199.116
35.262,35.262
22.128,22.128
25.47,25.47
13.65,13.65
6.45,6.45
33.72,33.72
31.86032,31.86032
30.72,30.72
73.305,73.305
-20.691,-20.691
21.608,21.608
45.872,45.872
22.08,22.08
19.8,19.8
50.094,50.094
41.1684,41.1684
28.9568,28.9568
-4.497,-4.497
-166.152,Less Than Lower Bound -126.1455
106,106
31.2,31.2
13.68,13.68
13.842,13.842
-95.229,-95.229
-20.55,-20.55
9.7164,9.7164
-88.668,-88.668
48.6,48.6
99.28,99.28
83.1924,83.1924
20.4,20.4
-74.4147,-74.4147
45.48,45.48
17.07,17.07
109.8,109.8
75.84,75.84
-25.92,-25.92
-58.968,-58.968
15.3,15.3
3.06,3.06
11.1,11.1
24.998,24.998
76.8,76.8
51.24,51.24
121.65,121.65
32.25,32.25
-89.85,-89.85
6.074,6.074
-155.628,Less Than Lower Bound -126.1455
-8.16,-8.16
-275.112,Less Than Lower Bound -126.1455
6.48,6.48
62.685,62.685
68.76,68.76
52.86,52.86
-308.496,Less Than Lower Bound -126.1455
14.49,14.49
41.76,41.76
93.6,93.6
22.7103,22.7103
116.16,116.16
28.1718,28.1718
51.75,51.75
61.96,61.96
16.7875,16.7875
37.8,37.8
10.92,10.92
55.44,55.44
-5.022,-5.022
-130.98,Less Than Lower Bound -126.1455
18.45,18.45
14.715,14.715
64.374,64.374
93.5816,93.5816
0.99,0.99
50.4,50.4
116.76,116.76
61.95,61.95
16.872,16.872
27.5292,27.5292
5.7,5.7
30.9,30.9
53.82,53.82
48.84,48.84
3.24,3.24
6.72,6.72
58.473,58.473
62.9064,62.9064
12.5832,12.5832
73.14,73.14
-173.598,Less Than Lower Bound -126.1455
8.67,8.67
32.76,32.76
39.28,39.28
11.04,11.04
22.08,22.08
46.2,46.2
0,0
-7.3296,-7.3296
-68.328,-68.328
-174.9262,Less Than Lower Bound -126.1455
19.6224,19.6224
13.92,13.92
39.24,39.24
63.4935,63.4935
69.624,69.624
56.9772,56.9772
-17.0274,-17.0274
45.528,45.528
108,108
-156.6,Less Than Lower Bound -126.1455
51.66,51.66
31.2,31.2
101.5794,101.5794
-222.204,Less Than Lower Bound -126.1455
43.68,43.68
3.3,3.3
-49.668,-49.668
49.92,49.92
17.01,17.01
-9.7176,-9.7176
30.6054,30.6054
48.304,48.304
6.16,6.16
19.32,19.32
-14.778,-14.778
58.005,58.005
17.7,17.7
9.48,9.48
114.54,114.54
18.46,18.46
16.2,16.2
66.36,66.36
36.36,36.36
44.82,44.82
-9.93,-9.93
99.23,99.23
4.8588,4.8588
4.1988,4.1988
79.758,79.758
29.52,29.52
23.1,23.1
18.1,18.1
-7.70704,-7.70704
0.48,0.48
54.36,54.36
12.87,12.87
78.228,78.228
74.64,74.64
21.24,21.24
22.26,22.26
0,0
26.1,26.1
-16.47,-16.47
42.9914,42.9914
34.6983,34.6983
-218.84,Less Than Lower Bound -126.1455
42.54,42.54
62.8075,62.8075
11.76,11.76
34.68,34.68
67.08,67.08
25.2,25.2
3.48,3.48
1.35,1.35
3.08,3.08
60.3,60.3
64.98,64.98
-53.9325,-53.9325
17.118,17.118
29.67,29.67
38.2668,38.2668
67.08,67.08
-18.848,-18.848
28.44,28.44
30.42,30.42
-269.376,Less Than Lower Bound -126.1455
-27.36,-27.36
40.59,40.59
44.7,44.7
-11.235,-11.235
-12.18,-12.18
9.1845,9.1845
92.58,92.58
31.68,31.68
42.48,42.48
41.454,41.454
4.68,4.68
11.9988,11.9988
40.62,40.62
64.8,64.8
82.04,82.04
42.6,42.6
54.72,54.72
65.88,65.88
60.72,60.72
59.24,59.24
32.832,32.832
83.52,83.52
63.09,63.09
17.04,17.04
49.155,49.155
1.8189,1.8189
7.932,7.932
19.062,19.062
-35.5212,-35.5212
58.29,58.29
-40.44,-40.44
61.02,61.02
13.68,13.68
3.66,3.66
45,45
83.868,83.868
40.05,40.05
61.32,61.32
75.9,75.9
6.12,6.12
-106.116,-106.116
66.99,66.99
74.61,74.61
12.72,12.72
39.78,39.78
18.9,18.9
30.7776,30.7776
45.81,45.81
-111.684,-111.684
81.24,81.24
55.872,55.872
-18.7515,-18.7515
3.672,3.672
0,0
-24.6474,-24.6474
45.54,45.54
146.1,146.1
14.82,14.82
0.96,0.96
-125.01,-125.01
-29.0073,-29.0073
35.82,35.82
35.82,35.82
25.56,25.56
30.72,30.72
-37.68,-37.68
-202.17,Less Than Lower Bound -126.1455
-71.925,-71.925
24.57,24.57
17.193,17.193
13.14,13.14
-30.582,-30.582
0,0
19.6305,19.6305
43.92,43.92
14.55,14.55
41.6,41.6
-118.71,-118.71
36.12,36.12
7.125,7.125
57.24,57.24
47.889,47.889
-53.8746,-53.8746
39.856,39.856
33.84,33.84
53.025,53.025
-801.528,Less Than Lower Bound -126.1455
9.1,9.1
43.69512,43.69512
76.68,76.68
135.72,135.72
-39.972,-39.972
-4.8588,-4.8588
16.14,16.14
-64.692,-64.692
113.46,113.46
9.78,9.78
-67.572,-67.572
17.44,17.44
48.58,48.58
24.84,24.84
20.88,20.88
13.26,13.26
46.08,46.08
-119.187,-119.187
52.38,52.38
24.03,24.03
106.2,106.2
36.12752,36.12752
-49.392,-49.392
35.88,35.88
-2.61,-2.61
-16.9218,-16.9218
44.0433,44.0433
-7.536,-7.536
28.615,28.615
-156.426,Less Than Lower Bound -126.1455
24.78,24.78
17.22,17.22
28.42,28.42
57.756,57.756
57.75,57.75
-5.058,-5.058
-94.05,-94.05
17.28,17.28
5.565,5.565
-99.2664,-99.2664
48.66,48.66
-32.448,-32.448
-188.83288,Less Than Lower Bound -126.1455
34.42756,34.42756
43.659,43.659
57.0036,57.0036
-19.8252,-19.8252
104.67,104.67
-13.44,-13.44
44.28,44.28
-37.7332,-37.7332
26.88,26.88
40.14,40.14
104.94,104.94
21.06,21.06
5.25,5.25
8.7,8.7
1.107,1.107
158.55,158.55
23.1093,23.1093
27.48,27.48
84.828,84.828
-43.98816,-43.98816
51.66,51.66
-7.605,-7.605
-102.555,-102.555
157.14,157.14
-15.2225,-15.2225
35.46,35.46
41.67,41.67
-0.936,-0.936
55.936,55.936
23.028,23.028
114.3,114.3
53.28,53.28
28.26,28.26
11.11304,11.11304
-71.84,-71.84
0.94,0.94
52.08,52.08
20.37,20.37
-4.263,-4.263
0.81,0.81
-13.5882,-13.5882
68.04,68.04
5.16,5.16
-53.256,-53.256
67.05,67.05
62.16,62.16
39.96,39.96
-20.979,-20.979
55.53,55.53
2.79,2.79
-116.0138,-116.0138
33.78,33.78
18.12,18.12
65.28,65.28
35.043,35.043
16.1847,16.1847
50.4063,50.4063
-87.6672,-87.6672
23.04,23.04
43.68,43.68
85.14,85.14
48.12,48.12
97.98,97.98
118.62,118.62
-9.2922,-9.2922
69.81,69.81
38.52,38.52
13.5,13.5
9.6,9.6
41.4,41.4
13.86,13.86
54.12,54.12
11.64,11.64
11.736,11.736
217.767,217.767
26.31,26.31
63.03,63.03
-1.484,-1.484
85.149,85.149
-15.99,-15.99
20.0156,20.0156
14.13,14.13
22.95,22.95
89.55,89.55
39.03,39.03
37.59,37.59
6.8388,6.8388
-220.548,Less Than Lower Bound -126.1455
24.45,24.45
39.42,39.42
89.32,89.32
-66.204,-66.204
-5.684,-5.684
45.52,45.52
19.98,19.98
36.9,36.9
26.19,26.19
13.77,13.77
68.145,68.145
175.5,175.5
29.7408,29.7408
-21.4236,-21.4236
72.24,72.24
39.24,39.24
-39.57,-39.57
67.44,67.44
60.06,60.06
-14.766,-14.766
164.7,164.7
24.0975,24.0975
50.94,50.94
10.48,10.48
61.683,61.683
-28.5,-28.5
-20.58,-20.58
22.4448,22.4448
-417.0936,Less Than Lower Bound -126.1455
74.8142,74.8142
31.374,31.374
1.26,1.26
3.69,3.69
17.46,17.46
69.66,69.66
102.672,102.672
20.58,20.58
-27.534,-27.534
-0.027,-0.027
7.82,7.82
15.8,15.8
52.38,52.38
112.23,112.23
3.7776,3.7776
52.974,52.974
-384.7164,Less Than Lower Bound -126.1455
37.9848,37.9848
52.71,52.71
18.6,18.6
-3.92,-3.92
24.64,24.64
51.52,51.52
53.07,53.07
-192.948,Less Than Lower Bound -126.1455
56.16,56.16
-394.2585,Less Than Lower Bound -126.1455
239.22,More than Upper Bound 219.6825
6.123,6.123
3.09,3.09
33,33
-185.112,Less Than Lower Bound -126.1455
11.82,11.82
25.2,25.2
59.37,59.37
38.82,38.82
11.1825,11.1825
-86.613,-86.613
22.16,22.16
-9.48,-9.48
7.92,7.92
73.14,73.14
26.72,26.72
65.84,65.84
47.85,47.85
31.4,31.4
104.64,104.64
18.7344,18.7344
4.824,4.824
41.7186,41.7186
49.62,49.62
84.96,84.96
-152.736,Less Than Lower Bound -126.1455
-148.293,Less Than Lower Bound -126.1455
17.193,17.193
28.92,28.92
-10.626,-10.626
69.75,69.75
-122.3928,-122.3928
27.36,27.36
59.52,59.52
-32.49,-32.49
36.807,36.807
48.9645,48.9645
89.9548,89.9548
48.3285,48.3285
-181.938,Less Than Lower Bound -126.1455
-51.894,-51.894
14.28,14.28
23.976,23.976
0.45,0.45
-14.64,-14.64
19.11,19.11
23.9274,23.9274
-87.672,-87.672
19.5,19.5
-13.376,-13.376
71.036,71.036
75.12,75.12
65.28,65.28
16.2,16.2
59.3595,59.3595
90.48,90.48
38.76,38.76
-45.948,-45.948
16.38,16.38
40.8,40.8
26.4,26.4
-57.652,-57.652
3.34,3.34
-191.76,Less Than Lower Bound -126.1455
-36.1116,-36.1116
87.4825,87.4825
14.16,14.16
44.82,44.82
55.44,55.44
8.64,8.64
28.62,28.62
73.38,73.38
203.1354,203.1354
41.58,41.58
-1.08,-1.08
28.8,28.8
36.1827,36.1827
48.8064,48.8064
77.04,77.04
48.69,48.69
36,36
7.458,7.458
35.1,35.1
9.816,9.816
41.4456,41.4456
19.9665,19.9665
23.9232,23.9232
17.58,17.58
46.71,46.71
38.58,38.58
102.06,102.06
3.8004,3.8004
-123.94488,-123.94488
170.4,170.4
-15.776,-15.776
54,54
40.878,40.878
4.65,4.65
88.11,88.11
47.55,47.55
13.92,13.92
35.88,35.88
13.68,13.68
-17.1,-17.1
19.782,19.782
27.36,27.36
41.58,41.58
9.978,9.978
79.8,79.8
51.672,51.672
17.82,17.82
-90.48,-90.48
-109.872,-109.872
-62.34,-62.34
37.3329,37.3329
58.0272,58.0272
33.1584,33.1584
25.92,25.92
23.22,23.22
-85.71444,-85.71444
6.5256,6.5256
3,3
30.445,30.445
14.58,14.58
35.82,35.82
23.55,23.55
-9.84,-9.84
-15.7626,-15.7626
31.64,31.64
8.1,8.1
13.26,13.26
32.9634,32.9634
-134.304,Less Than Lower Bound -126.1455
-2.6355,-2.6355
-48.4704,-48.4704
96.99,96.99
43.64,43.64
47.88,47.88
-44.52,-44.52
-3.42,-3.42
-13.608,-13.608
14.5614,14.5614
-107.148,-107.148
-133.548,Less Than Lower Bound -126.1455
71.76,71.76
-0.036,-0.036
2.299,2.299
15.386,15.386
-24.336,-24.336
0,0
23.34,23.34
37.92,37.92
-10.164,-10.164
45.32272,45.32272
-45.48,-45.48
12.366,12.366
32.34,32.34
54.27,54.27
55.428,55.428
23.2,23.2
0,0
-27.72,-27.72
16.74,16.74
-169.626,Less Than Lower Bound -126.1455
-41.022,-41.022
0,0
24.543,24.543
25.38,25.38
44.73,44.73
204.1092,204.1092
1.08,1.08
58.5,58.5
21.84,21.84
17.58,17.58
23.1,23.1
-115.96,-115.96
-6,-6
40.59,40.59
78.9412,78.9412
31.2664,31.2664
54.6,54.6
77.04,77.04
17.4,17.4
77.43,77.43
29.97,29.97
15.48,15.48
12.504,12.504
12.2325,12.2325
32.64,32.64
-132,Less Than Lower Bound -126.1455
121.71,121.71
5.94,5.94
21.66,21.66
16.6,16.6
15.93,15.93
-39.672,-39.672
80.52,80.52
-207.4965,Less Than Lower Bound -126.1455
57.6,57.6
-205.683,Less Than Lower Bound -126.1455
-3.264,-3.264
83.58,83.58
4.77,4.77
40.4012,40.4012
23.64,23.64
35.7,35.7
0,0
51.24,51.24
61.56,61.56
17.76,17.76
33.3256,33.3256
-280.188,Less Than Lower Bound -126.1455
-17.84,-17.84
20.988,20.988
-119.07,-119.07
78.7528,78.7528
25.875,25.875
18.6,18.6
-110.268,-110.268
27.72,27.72
15.33,15.33
-89.2,-89.2
17.28,17.28
-530.3334,Less Than Lower Bound -126.1455
21.9,21.9
22.41,22.41
44.8896,44.8896
9.1776,9.1776
19.0386,19.0386
53.2608,53.2608
15.3195,15.3195
6.72,6.72
30.66,30.66
-77.04,-77.04
9.03,9.03
38.61,38.61
4.59,4.59
39.24,39.24
-25.02,-25.02
75.06,75.06
2.85,2.85
16.7412,16.7412
61.44,61.44
38.7,38.7
68,68
23.94,23.94
-10.17,-10.17
96.03,96.03
8.85,8.85
39.15,39.15
-26.6352,-26.6352
-7.396,-7.396
54.24,54.24
4.38,4.38
54,54
45.09,45.09
17.46,17.46
11.58,11.58
35.6796,35.6796
-117.36,-117.36
-68.238,-68.238
74.52,74.52
14.16,14.16
16.896,16.896
13.86,13.86
30.42,30.42
52.92,52.92
354.627,More than Upper Bound 219.6825
15.372,15.372
-27.776,-27.776
27.92,27.92
21.028,21.028
21.66,21.66
18.9,18.9
-6.504,-6.504
110.34,110.34
26.1,26.1
24.327,24.327
-22.782,-22.782
-26.82,-26.82
-24.843,-24.843
8.49,8.49
58.6,58.6
41.86,41.86
39.36,39.36
104.94,104.94
59.22,59.22
14.868,14.868
9.57,9.57
11.064,11.064
34.41,34.41
-111.672,-111.672
26.64,26.64
21.6,21.6
29.16,29.16
-9.4227,-9.4227
143.46,143.46
69.72,69.72
39.12,39.12
-9.81,-9.81
29.61,29.61
63.117,63.117
16.14,16.14
47.7,47.7
71.928,71.928
82.68,82.68
25.04,25.04
12.69,12.69
24.1568,24.1568
30.5964,30.5964
46.3185,46.3185
54.558,54.558
29.4372,29.4372
-36.2136,-36.2136
12.336,12.336
4.088,4.088
59.454,59.454
-1.938,-1.938
1.5291,1.5291
-85.32,-85.32
24.99,24.99
25.86,25.86
95.067,95.067
83.67,83.67
0,0
14.94,14.94
11.1564,11.1564
-228.708,Less Than Lower Bound -126.1455
-377.84,Less Than Lower Bound -126.1455
-65.79,-65.79
-4.74,-4.74
-59.7,-59.7
-58.782,-58.782
27.54,27.54
18.72,18.72
12.8744,12.8744
53.07,53.07
1.28,1.28
31.584,31.584
43.6,43.6
47.88,47.88
-205.5,Less Than Lower Bound -126.1455
-18.0258,-18.0258
-28.392,-28.392
15.9968,15.9968
17.52,17.52
1.02,1.02
32.04,32.04
40.59,40.59
38.85,38.85
3.36,3.36
29.4,29.4
19.875,19.875
-107.832,-107.832
6.45,6.45
-4.1769,-4.1769
5.04,5.04
-33.075,-33.075
12.6,12.6
30.72,30.72
36.72,36.72
83.52,83.52
4.2,4.2
6,6
4.68,4.68
69.48,69.48
18.78,18.78
-64.7748,-64.7748
0,0
79.5,79.5
12,12
10.26,10.26
-29.55,-29.55
44.64,44.64
31.198,31.198
5.46,5.46
25.08,25.08
38.52,38.52
88.4208,88.4208
-86.43,-86.43
2.499,2.499
6,6
-10.29,-10.29
-30.2013,-30.2013
67.992,67.992
14.3952,14.3952
46.7313,46.7313
89.997,89.997
5.24,5.24
0,0
24.48,24.48
0.9,0.9
55.56,55.56
-18.096,-18.096
9.63,9.63
24.2012,24.2012
26.73,26.73
19.8,19.8
17.04,17.04
6.72,6.72
19.32,19.32
46.236,46.236
16.2,16.2
32.4,32.4
45.36,45.36
-12.9771,-12.9771
105.36,105.36
840.63,More than Upper Bound 219.6825
-34.3148,-34.3148
50.49,50.49
-61.2,-61.2
56.676,56.676
38.3,38.3
59.76,59.76
0,0
8.64,8.64
32.49,32.49
-320.2395,Less Than Lower Bound -126.1455
0,0
10.53,10.53
26.82,26.82
40.5,40.5
-71.994,-71.994
49.56,49.56
35.88,35.88
9.42,9.42
13.914,13.914
-41.958,-41.958
-56.16,-56.16
16.6788,16.6788
34.14,34.14
31.02,31.02
29.7,29.7
65.88,65.88
31.977,31.977
29.58,29.58
-47.5236,-47.5236
76.32,76.32
92.52,92.52
-20.658,-20.658
181.56,181.56
66.24,66.24
66.0736,66.0736
29.34,29.34
-39.864,-39.864
79.74,79.74
44.46,44.46
33.84,33.84
57.03,57.03
30.1968,30.1968
18.8937,18.8937
5.85,5.85
49.98,49.98
105.84,105.84
28.28,28.28
1.956,1.956
29.16,29.16
10.62,10.62
-12.6882,-12.6882
51.84,51.84
13.896,13.896
29.34,29.34
6.86,6.86
144.45,144.45
123.3,123.3
38.15,38.15
23.76,23.76
-81.576,-81.576
-0.024,-0.024
24.18,24.18
-18.216,-18.216
29.964,29.964
-6.561,-6.561
27.36,27.36
-15.8526,-15.8526
-74.952,-74.952
21.5397,21.5397
86.3892,86.3892
-53.94,-53.94
90.72,90.72
23.34,23.34
-92.512,-92.512
25.824,25.824
6.57,6.57
3.9,3.9
63.3,63.3
17.64,17.64
54.2808,54.2808
2.64,2.64
24.45,24.45
10.2,10.2
59.43,59.43
131.355,131.355
99.296,99.296
-345.744,Less Than Lower Bound -126.1455
0,0
43.2,43.2
27.36,27.36
11.07,11.07
6.24,6.24
8.52,8.52
44.1,44.1
9,9
100.788,100.788
93.12,93.12
44.253,44.253
61.3824,61.3824
8.82,8.82
18.8,18.8
8.52,8.52
11.22,11.22
13.2,13.2
-14.859,-14.859
-3,-3
1.576,1.576
26.72,26.72
16.44,16.44
-62.16,-62.16
-8.667,-8.667
-8.0664,-8.0664
163.56,163.56
17.004,17.004
75.6,75.6
47.46,47.46
24.8832,24.8832
10.647,10.647
19.11,19.11
15.66,15.66
20.34,20.34
81.18,81.18
26.922,26.922
30.96,30.96
-97.032,-97.032
3.8655,3.8655
2.76,2.76
-79.256,-79.256
7.47,7.47
-102.96,-102.96
30.12,30.12
28.68,28.68
-88.956,-88.956
-17.9928,-17.9928
21.5397,21.5397
36.06,36.06
62.92836,62.92836
64.53,64.53
-81.09,-81.09
29.436,29.436
10.312,10.312
75.5748,75.5748
19.68,19.68
31.8,31.8
-3.5624,-3.5624
30.06,30.06
25.02,25.02
31.02,31.02
9.5796,9.5796
12.72,12.72
4.1,4.1
65.92,65.92
14.34,14.34
37.236,37.236
25.02,25.02
-117.144,-117.144
-127.12464,Less Than Lower Bound -126.1455
-38.256,-38.256
24.6,24.6
93,93
56.736,56.736
6.0412,6.0412
-98.16,-98.16
28.92,28.92
48.72,48.72
0,0
0,0
39.51,39.51
-34.6275,-34.6275
23.7,23.7
-54.882,-54.882
13.72,13.72
18.78,18.78
91.44,91.44
70.14,70.14
7.38,7.38
-17.991,-17.991
25.23,25.23
70.92,70.92
-17.844,-17.844
-129.4792,Less Than Lower Bound -126.1455
56.808,56.808
24.96,24.96
-0.0795,-0.0795
116.48,116.48
53.8608,53.8608
41.706,41.706
30.735,30.735
18.78,18.78
47.52,47.52
27.52,27.52
65.1,65.1
23.82,23.82
97.23,97.23
21.84,21.84
-45.4656,-45.4656
57.4113,57.4113
-4.1136,-4.1136
16.1568,16.1568
-32.9292,-32.9292
-385.59,Less Than Lower Bound -126.1455
36.54,36.54
-46.536,-46.536
46.47,46.47
10.5,10.5
73.785,73.785
40.1241,40.1241
-81.585,-81.585
150.54,150.54
42.72,42.72
-31.248,-31.248
83.45076,83.45076
4.35,4.35
28.2,28.2
-5.85,-5.85
6.12,6.12
49.44,49.44
-433.668,Less Than Lower Bound -126.1455
28.8,28.8
1038.42,More than Upper Bound 219.6825
3.006,3.006
-85.9905,-85.9905
-106.056,-106.056
7,7
58.48,58.48
27.3,27.3
179.55,179.55
81.0474,81.0474
73.41,73.41
-33.87,-33.87
37.32,37.32
26.55,26.55
46.122,46.122
39.69,39.69
12.96,12.96
47.88,47.88
5.1968,5.1968
47.98,47.98
49.62,49.62
28.86,28.86
-11.92,-11.92
65.5,65.5
16.7445,16.7445
54.6,54.6
-22.728,-22.728
26.1,26.1
21.5928,21.5928
6.09,6.09
11.91,11.91
131.36,131.36
19.02,19.02
68.868,68.868
-28.59,-28.59
-1.53,-1.53
26.478,26.478
22.5,22.5
17.982,17.982
93.7688,93.7688
60.66,60.66
-825.3,Less Than Lower Bound -126.1455
23.1,23.1
-64.416,-64.416
59.316,59.316
38.84,38.84
10.5,10.5
-43.605,-43.605
13.26,13.26
17.1,17.1
46.095,46.095
-73.577,-73.577
23.82,23.82
3.69,3.69
48.28592,48.28592
25.362,25.362
32.64,32.64
-12.492,-12.492
18.45,18.45
39.453,39.453
8.892,8.892
73.32,73.32
25.2936,25.2936
98.88,98.88
8.73,8.73
17.82,17.82
11.7,11.7
21.6,21.6
-33.648,-33.648
22.332,22.332
14.25,14.25
44.01,44.01
-11.91,-11.91
29.3412,29.3412
14.8365,14.8365
55.17,55.17
0,0
13.36,13.36
-90.072,-90.072
55.62,55.62
4.302,4.302
-16.11,-16.11
3.06,3.06
15.54,15.54
-47.412,-47.412
-68.76,-68.76
92.12,92.12
-19.9722,-19.9722
34.65,34.65
34.905,34.905
1.602,1.602
31.92,31.92
-151.08,Less Than Lower Bound -126.1455
58.9192,58.9192
42.66,42.66
-73.125,-73.125
-0.054,-0.054
-120.24,-120.24
-2.5812,-2.5812
26.1,26.1
8.28,8.28
41.25,41.25
18,18
0,0
12.96,12.96
8.56,8.56
-94.848,-94.848
26.304,26.304
-175.26,Less Than Lower Bound -126.1455
-46.668,-46.668
-149.78,Less Than Lower Bound -126.1455
27.2,27.2
-61.152,-61.152
69.6,69.6
46.824,46.824
34.92,34.92
49.14,49.14
7.98,7.98
0,0
40.05,40.05
14.85,14.85
0,0
54.081,54.081
2.844,2.844
-146.85,Less Than Lower Bound -126.1455
90.96,90.96
19.74,19.74
-13.4379,-13.4379
42,42
18.78,18.78
-24.36,-24.36
21.09,21.09
24.84,24.84
61.02,61.02
36.84,36.84
144.9,144.9
21.72,21.72
10.647,10.647
21.66,21.66
10.56,10.56
-24.012,-24.012
9.48,9.48
18,18
-205.245,Less Than Lower Bound -126.1455
37.557,37.557
1.89,1.89
49.2,49.2
-9.1602,-9.1602
-1.049,-1.049
92.88,92.88
31.6,31.6
-3.864,-3.864
18.42,18.42
-128.94,Less Than Lower Bound -126.1455
24.93,24.93
-312.0614,Less Than Lower Bound -126.1455
-251.1864,Less Than Lower Bound -126.1455
1.65,1.65
63.24,63.24
41.3,41.3
29.36,29.36
4.56,4.56
39,39
4.05,4.05
-19.962,-19.962
-30.987,-30.987
-12.792,-12.792
31.83,31.83
6.18,6.18
8.4,8.4
63.36,63.36
35.76,35.76
15.6,15.6
46.76,46.76
81.24,81.24
-9.234,-9.234
5.1504,5.1504
22.6737,22.6737
5.4336,5.4336
32.46,32.46
17.1,17.1
37.845,37.845
-29.43,-29.43
-32.352,-32.352
17.4,17.4
34.26,34.26
37.28776,37.28776
84.4,84.4
0,0
28.56,28.56
-37.908,-37.908
11.61,11.61
44.5278,44.5278
14.67,14.67
9.506,9.506
1.88,1.88
-4.32,-4.32
-5.13,-5.13
5.58,5.58
-16.9568,-16.9568
20.235,20.235
45.72,45.72
5.4504,5.4504
5.7,5.7
24.24,24.24
18.42,18.42
102.9,102.9
7.38,7.38
52.83,52.83
40.14,40.14
55.5252,55.5252
68.3685,68.3685
30.42,30.42
-470.548,Less Than Lower Bound -126.1455
-57.7566,-57.7566
20.52,20.52
35.22,35.22
13.56,13.56
7.68,7.68
14.25,14.25
45.36,45.36
0,0
17.7,17.7
18,18
27.84,27.84
109.76,109.76
50.46,50.46
28.014,28.014
40.26,40.26
-7.092,-7.092
40.274,40.274
-33.48,-33.48
50.74,50.74
-32.208,-32.208
57.87,57.87
33.75,33.75
17.64,17.64
80.19,80.19
81.6,81.6
41.4276,41.4276
38.9974,38.9974
-53.85,-53.85
50.58,50.58
25.92,25.92
-144.09144,Less Than Lower Bound -126.1455
12.96,12.96
-27.812,-27.812
-26.784,-26.784
27.36,27.36
23.67,23.67
-139.5,Less Than Lower Bound -126.1455
-13.554,-13.554
-6.6519,-6.6519
15.939,15.939
16.974,16.974
-81.0945,-81.0945
68.8464,68.8464
2.82,2.82
-74.664,-74.664
13.5,13.5
46.62,46.62
-27.576,-27.576
88.1295,88.1295
39.6,39.6
55.56,55.56
27.564,27.564
125.28,125.28
18.42,18.42
-9.8496,-9.8496
17.28,17.28
5.798,5.798
80.28,80.28
65.11512,65.11512
-79.716,-79.716
37.26,37.26
13.7646,13.7646
101.88,101.88
-120.744,-120.744
26.24,26.24
-36.272,-36.272
64.44,64.44
28.62,28.62
22.14,22.14
44.46,44.46
48.888,48.888
23.232,23.232
52.71,52.71
87.9,87.9
42,42
39.63,39.63
1.56,1.56
4.5,4.5
47.28,47.28
34.2,34.2
28.35,28.35
-117.756,-117.756
9.3024,9.3024
60.03,60.03
59.64,59.64
-47.832,-47.832
10.86,10.86
79.926,79.926
-76.14,-76.14
47.8152,47.8152
33.9065,33.9065
-124.662,-124.662
7.48,7.48
-100.66,-100.66
33.92,33.92
-111.2,-111.2
20.868,20.868
56.8,56.8
10.08,10.08
45.795,45.795
65.004,65.004
37.782,37.782
11.445,11.445
-6.12,-6.12
64.2,64.2
17.982,17.982
27.9,27.9
70.44,70.44
-239.61,Less Than Lower Bound -126.1455
36.48,36.48
143.64,143.64
15.3,15.3
-3.06,-3.06
31.95,31.95
47.7,47.7
-9.24,-9.24
-29.592,-29.592
-19.296,-19.296
-0.0423,-0.0423
7.26,7.26
4.62,4.62
-66.71584,-66.71584
40.104,40.104
14.7,14.7
5.88,5.88
1.2,1.2
62.988,62.988
31.6128,31.6128
65.67,65.67
1.02,1.02
-60.12,-60.12
48.36,48.36
13.365,13.365
35.0142,35.0142
41.1208,41.1208
27.75,27.75
-96.138,-96.138
1.5,1.5
-8.088,-8.088
7.512,7.512
-9.672,-9.672
-34.9794,-34.9794
-40.4712,-40.4712
50.9082,50.9082
66.72,66.72
-53.32,-53.32
50.3,50.3
92.16,92.16
35.4,35.4
37.8,37.8
-61.884,-61.884
53.1378,53.1378
14.76,14.76
14.34,14.34
52.8966,52.8966
13.7193,13.7193
6.688,6.688
24.66,24.66
16.65,16.65
-19.62,-19.62
4.131,4.131
-19.995,-19.995
22.8,22.8
-141.435,Less Than Lower Bound -126.1455
-30.3915,-30.3915
53.58,53.58
-33.3822,-33.3822
38.0808,38.0808
80.28,80.28
15.84,15.84
41.04,41.04
28.98,28.98
-29.376,-29.376
109.488,109.488
-52.2,-52.2
28.2,28.2
11.1564,11.1564
41.22,41.22
53.07,53.07
-17.664,-17.664
6.4,6.4
9.68,9.68
22.74,22.74
54.234,54.234
29.58,29.58
4.32,4.32
10.68,10.68
49.977,49.977
131.13,131.13
52.92,52.92
36,36
83.52,83.52
42.6,42.6
-36.828,-36.828
14.995,14.995
16.7986,16.7986
5.8751,5.8751
26.388,26.388
13.08,13.08
17.82,17.82
-146.136,Less Than Lower Bound -126.1455
22.488,22.488
76.92,76.92
18.948,18.948
-24.324,-24.324
-51.24,-51.24
23.04,23.04
10.8,10.8
-17.22,-17.22
31.428,31.428
2.898,2.898
2.619,2.619
40.5,40.5
-102.744,-102.744
0,0
79.02,79.02
31.8,31.8
28.28,28.28
40.86,40.86
12.96,12.96
-50.556,-50.556
44.04,44.04
-91.84,-91.84
32.4,32.4
17.844,17.844
-7.788,-7.788
73.44,73.44
27.48,27.48
46.1997,46.1997
64.386,64.386
53.88,53.88
18.18,18.18
40.752,40.752
0,0
30.24,30.24
13.878,13.878
52.38,52.38
37.8,37.8
-26.55,-26.55
128.46,128.46
-45.216,-45.216
-121.8,-121.8
30.6,30.6
41.64,41.64
-5.988,-5.988
8.73,8.73
108.82284,108.82284
32.94,32.94
91.2,91.2
9.72,9.72
-62.856,-62.856
80.7912,80.7912
38.7792,38.7792
27.72,27.72
2.88,2.88
21,21
-12.796,-12.796
-28.8198,-28.8198
39.4268,39.4268
30.5088,30.5088
83.52,83.52
62.72,62.72
119.13,119.13
55.89,55.89
1.44,1.44
34.8,34.8
20.148,20.148
36.3,36.3
-34.196,-34.196
-222.816,Less Than Lower Bound -126.1455
-45.576,-45.576
14.85,14.85
-95.202,-95.202
14.94,14.94
7.35,7.35
-66.06,-66.06
-3.87,-3.87
12.036,12.036
-13.842,-13.842
19.9665,19.9665
33.5895,33.5895
22.2,22.2
17.64,17.64
24.22,24.22
12.66,12.66
7.8,7.8
4.32,4.32
13.68,13.68
-0.105,-0.105
81.27,81.27
-39.0618,-39.0618
39.15,39.15
0,0
14.576,14.576
97.38,97.38
1.089,1.089
60.498,60.498
-18.996,-18.996
33.96,33.96
152.0232,152.0232
-44.985,-44.985
6.12,6.12
82.83,82.83
10.52,10.52
0.8,0.8
57.42,57.42
16.7856,16.7856
4.743,4.743
73.98,73.98
49.08,49.08
73.14,73.14
-141.84,Less Than Lower Bound -126.1455
34.41856,34.41856
34.083,34.083
-8.703,-8.703
-4.041,-4.041
10.44,10.44
25.47,25.47
24,24
108.9,108.9
-42.84,-42.84
16.08,16.08
10.804,10.804
78.876,78.876
63.09,63.09
-74.46,-74.46
35.28,35.28
64.0116,64.0116
40.644,40.644
4.672,4.672
-6.4233,-6.4233
-31.9936,-31.9936
9.6975,9.6975
32.88,32.88
12.18,12.18
-18.828,-18.828
51.8,51.8
45.1,45.1
12.6,12.6
43.26,43.26
1.2,1.2
2.907,2.907
15.54,15.54
38.874,38.874
136.26,136.26
35.3346,35.3346
44.16,44.16
11.6,11.6
6.18,6.18
32.76,32.76
21.33,21.33
32.49,32.49
34.434,34.434
-19.4544,-19.4544
22.6068,22.6068
16.704,16.704
99.23,99.23
9.2386,9.2386
101.394,101.394
29.7,29.7
72.99,72.99
8.58,8.58
55.8,55.8
182.49,182.49
62.118,62.118
-110.772,-110.772
96.84,96.84
-87.84,-87.84
123.3,123.3
44.37,44.37
67.968,67.968
76.23,76.23
23.28,23.28
1.044,1.044
-95.724,-95.724
50.8254,50.8254
14.985,14.985
-5.1968,-5.1968
-172.557,Less Than Lower Bound -126.1455
-146.928,Less Than Lower Bound -126.1455
51.48,51.48
60.1,60.1
61.08,61.08
57.72,57.72
-55.092,-55.092
25.164,25.164
41.28,41.28
5.688,5.688
49.6048,49.6048
71.2296,71.2296
18.6,18.6
9.66,9.66
77.7,77.7
8.64,8.64
0,0
13.26,13.26
8.4,8.4
-48.168,-48.168
44.64,44.64
27.84,27.84
-3.088,-3.088
-47.992,-47.992
6.6,6.6
-149.4,Less Than Lower Bound -126.1455
64.2,64.2
27.24,27.24
24.72,24.72
18.36,18.36
10.53,10.53
43.02,43.02
37.92,37.92
16.5984,16.5984
-182.352,Less Than Lower Bound -126.1455
29.76,29.76
14.13,14.13
38.64,38.64
38.52,38.52
90.72,90.72
-107.742,-107.742
86.64,86.64
36.864,36.864
41.325,41.325
64.68,64.68
48.12,48.12
40.1702,40.1702
7.92,7.92
15.8,15.8
-7.896,-7.896
50.22,50.22
290.43,More than Upper Bound 219.6825
33.24,33.24
-12.404,-12.404
-65.775,-65.775
33.12,33.12
-40.26,-40.26
24.9804,24.9804
83.9944,83.9944
79.14,79.14
42.57,42.57
16.98,16.98
6.44,6.44
76.56,76.56
51,51
58.665,58.665
36.282,36.282
33.7212,33.7212
44.046,44.046
-116.844,-116.844
-83.544,-83.544
50.16,50.16
91.26,91.26
-94.128,-94.128
-41.262,-41.262
2.8,2.8
1.476,1.476
30.9,30.9
17.01,17.01
28.008,28.008
16.14,16.14
26.32,26.32
-27.144,-27.144
60.6,60.6
86.72664,86.72664
53.46,53.46
20.88,20.88
23.04,23.04
38.223,38.223
76.74,76.74
52.776,52.776
79.8912,79.8912
22.14,22.14
20.22,20.22
120.12,120.12
-70.932,-70.932
-291.51,Less Than Lower Bound -126.1455
20.8719,20.8719
-0.004,-0.004
-14.344,-14.344
11.97,11.97
7.92,7.92
9.27,9.27
0,0
-60.9,-60.9
-23.26,-23.26
4.356,4.356
-0.075,-0.075
-40.2948,-40.2948
5.325,5.325
-34.173,-34.173
21.8874,21.8874
-27.588,-27.588
79.8912,79.8912
22.08,22.08
88.32,88.32
55.32,55.32
26.74,26.74
16.92,16.92
23.82,23.82
24.561,24.561
20.736,20.736
26.55,26.55
114.18,114.18
1.0794,1.0794
23.22,23.22
3.12,3.12
-26.0748,-26.0748
13.2293,13.2293
50.328,50.328
5.94,5.94
35.4,35.4
162.27,162.27
65.88,65.88
9.594,9.594
4.9497,4.9497
97.38,97.38
17.82,17.82
10.64,10.64
19.674,19.674
26.04,26.04
97.44,97.44
35.46,35.46
80.958,80.958
50.9208,50.9208
40.05,40.05
-117.72,-117.72
22.71,22.71
19.44,19.44
80.316,80.316
47.3,47.3
16.1,16.1
0,0
31.44,31.44
44.694,44.694
47.8152,47.8152
55.764,55.764
12.1032,12.1032
-17.0352,-17.0352
14.4,14.4
7.68,7.68
15.424,15.424
20.16,20.16
49.98,49.98
141.258,141.258
2.79,2.79
-1.239,-1.239
16.32,16.32
13.89,13.89
-54.576,-54.576
32.48,32.48
1.88,1.88
-8.784,-8.784
-6.688,-6.688
34.08,34.08
49.68,49.68
28.35,28.35
-7.872,-7.872
23.55,23.55
49.92,49.92
-7.2,-7.2
-73.836,-73.836
54.9,54.9
2.72,2.72
1.8,1.8
14.004,14.004
-2.1294,-2.1294
41.68,41.68
30.656,30.656
21.87,21.87
26.28,26.28
-5.706,-5.706
23.7,23.7
9.72,9.72
-15.2775,-15.2775
13.644,13.644
-27.3312,-27.3312
19.998,19.998
-5.9712,-5.9712
35.6238,35.6238
30.432,30.432
29.988,29.988
-22.6716,-22.6716
11.4,11.4
86.58,86.58
45.2,45.2
9.808,9.808
15.84,15.84
39.6,39.6
-23.64,-23.64
-24.21,-24.21
-283.824,Less Than Lower Bound -126.1455
-32.6366,-32.6366
89.159,89.159
0,0
-44.766,-44.766
22.74,22.74
36.8,36.8
-433.788,Less Than Lower Bound -126.1455
48.66,48.66
5.7,5.7
16.98,16.98
68.8464,68.8464
67.62,67.62
2.28,2.28
29.88,29.88
-12.6045,-12.6045
42.84,42.84
9.03,9.03
17.58,17.58
29.04,29.04
37.014,37.014
-24.5619,-24.5619
24.75,24.75
17.1774,17.1774
4.4792,4.4792
12.96,12.96
19.56,19.56
54.48,54.48
-68.328,-68.328
23.9,23.9
-114.495,-114.495
59.31,59.31
3.681,3.681
-3.507,-3.507
-37.74,-37.74
0.96,0.96
4.0644,4.0644
1.44,1.44
54.24,54.24
17.04,17.04
21.66,21.66
-70.656,-70.656
41.79,41.79
14.52,14.52
7.92,7.92
71.7,71.7
24.3,24.3
4.8156,4.8156
54.215,54.215
39.57,39.57
86.55,86.55
97.92,97.92
12.648,12.648
186.76,186.76
12.08,12.08
60.84,60.84
9.18,9.18
-14.82,-14.82
111.816,111.816
245.16,More than Upper Bound 219.6825
-3.042,-3.042
38.29,38.29
-66.2302,-66.2302
11.16,11.16
141.48,141.48
-5.1,-5.1
12.24,12.24
45.68,45.68
11.2,11.2
-102.48,-102.48
35.22,35.22
23.3928,23.3928
17.9982,17.9982
25.38,25.38
17.7,17.7
18.88,18.88
3.96,3.96
-22.0875,-22.0875
18.54,18.54
24.12,24.12
19.9458,19.9458
69.36,69.36
-54.684,-54.684
-87.048,-87.048
6.51,6.51
21.24,21.24
17.85,17.85
28.35,28.35
33.84,33.84
51.7812,51.7812
46.2,46.2
31.1,31.1
32.64,32.64
-3.888,-3.888
-45.72,-45.72
-40.26,-40.26
23.256,23.256
37.68,37.68
19.188,19.188
43.9956,43.9956
78.6508,78.6508
66.72,66.72
0,0
30,30
32.64,32.64
50.58,50.58
14.28,14.28
19.554,19.554
17.7,17.7
72.24,72.24
57.81,57.81
95.76,95.76
77.64,77.64
78.48,78.48
44.7,44.7
39.357,39.357
27.12,27.12
1.2,1.2
38.2842,38.2842
158.5764,158.5764
35.6636,35.6636
24.06,24.06
2.91,2.91
1.26,1.26
60.4,60.4
59.16,59.16
23.67,23.67
24.75,24.75
14.94,14.94
18.36,18.36
34.92,34.92
28.152,28.152
-50.004,-50.004
31.95,31.95
54.24,54.24
40.5168,40.5168
8.5372,8.5372
32.9817,32.9817
-41.5176,-41.5176
29.892,29.892
3.336,3.336
51.1659,51.1659
46.56,46.56
-32.088,-32.088
49.014,49.014
-1.768,-1.768
16.4,16.4
57.3,57.3
17.64,17.64
146.97,146.97
-2.88,-2.88
18,18
-8.46,-8.46
0.45,0.45
-105.69,-105.69
5.1588,5.1588
12.3144,12.3144
10.5,10.5
26.31,26.31
14.79,14.79
19.74,19.74
78.48,78.48
14.76,14.76
19.5,19.5
56.5,56.5
6.44,6.44
4.44,4.44
0,0
14.4,14.4
14.04,14.04
25.56,25.56
8.79,8.79
146.79,146.79
13.9728,13.9728
27.3,27.3
1.26,1.26
13.48,13.48
1.84,1.84
57.4,57.4
0,0
6.3,6.3
4.8,4.8
9.96,9.96
-86.3016,-86.3016
14.82,14.82
36.852,36.852
14.2,14.2
21.04,21.04
27.09,27.09
15.36,15.36
6.21,6.21
8.4,8.4
54.04,54.04
0,0
7.59,7.59
19.23,19.23
-11.04,-11.04
0,0
-7.98,-7.98
85.08,85.08
12.66,12.66
90.72,90.72
36.828,36.828
-171.648,Less Than Lower Bound -126.1455
-533.376,Less Than Lower Bound -126.1455
-11.76,-11.76
16.4,16.4
29.25,29.25
79.92,79.92
17.91,17.91
-7.578,-7.578
6.3,6.3
-90.3762,-90.3762
7.32,7.32
-21.448,-21.448
35.28,35.28
46.76,46.76
26.96,26.96
39.36,39.36
97.05,97.05
38.88,38.88
-6.8346,-6.8346
34.29,34.29
76.2525,76.2525
6.0264,6.0264
16.29,16.29
1.86,1.86
30.4682,30.4682
36.4044,36.4044
116.5976,116.5976
11.151,11.151
48.3336,48.3336
7.11,7.11
9.03,9.03
305.4,More than Upper Bound 219.6825
11.88,11.88
3.888,3.888
40.3956,40.3956
49.14,49.14
31.5372,31.5372
34.2144,34.2144
55.845,55.845
40,40
-201.42,Less Than Lower Bound -126.1455
39.33,39.33
23.76,23.76
60.06,60.06
2.457,2.457
127.89,127.89
40.56,40.56
14.2758,14.2758
47.5072,47.5072
-16.2613,-16.2613
20.1408,20.1408
35.76,35.76
26.4,26.4
33.04,33.04
-28.8,-28.8
82.44,82.44
59.34,59.34
138.81,138.81
27.36,27.36
23.28,23.28
15.1158,15.1158
38.04,38.04
18.15,18.15
-20.022,-20.022
3.6444,3.6444
25.92,25.92
3.389,3.389
118.8,118.8
19.44,19.44
49.2,49.2
14.88,14.88
0,0
0.78,0.78
67.23,67.23
19.056,19.056
15.84,15.84
58.338,58.338
31.56,31.56
93.33,93.33
51.8292,51.8292
-35.5136,-35.5136
104.94,104.94
-48.168,-48.168
26.58,26.58
10.9,10.9
30,30
117.6,117.6
33,33
49.8,49.8
8.8398,8.8398
3.69,3.69
19.5,19.5
85.32,85.32
-41.604,-41.604
4.92,4.92
2.16,2.16
33.7212,33.7212
26.3912,26.3912
51.6,51.6
-123.558,-123.558
26.312,26.312
7.44,7.44
10.16,10.16
23.76,23.76
-1.095,-1.095
5.136,5.136
27.8944,27.8944
12.8928,12.8928
37.23,37.23
-59.562,-59.562
14.08,14.08
-1.344,-1.344
14.70168,14.70168
52.32,52.32
46.62,46.62
51.87,51.87
14.067,14.067
-70.503,-70.503
11.1,11.1
97.2,97.2
33.9,33.9
-40.704,-40.704
14.1,14.1
58.59,58.59
75.27,75.27
91.2,91.2
-25.6272,-25.6272
51.84,51.84
78.48,78.48
1.962,1.962
59.004,59.004
-27.51,-27.51
15.75,15.75
-48.66,-48.66
20.844,20.844
26.88,26.88
15.92,15.92
7.68,7.68
41.4,41.4
23.4,23.4
13.86,13.86
85.05,85.05
-12.5349,-12.5349
17.847,17.847
2.2155,2.2155
-131.676,Less Than Lower Bound -126.1455
80.1,80.1
3.52,3.52
11.34,11.34
65.85,65.85
93.96,93.96
-151.155,Less Than Lower Bound -126.1455
-9.3978,-9.3978
3.5952,3.5952
79.08,79.08
-31.836,-31.836
25.76,25.76
-148.428,Less Than Lower Bound -126.1455
32.55,32.55
-88.2426,-88.2426
7.101,7.101
7.152,7.152
69.6762,69.6762
8.61,8.61
1.2,1.2
10.02,10.02
-45.14,-45.14
-50.72,-50.72
44.46,44.46
16.704,16.704
26.46,26.46
14.22,14.22
-25.7901,-25.7901
10.26,10.26
29.95,29.95
41.986,41.986
56.34,56.34
18.267,18.267
7.644,7.644
65.592,65.592
40.77,40.77
19.704,19.704
91.7728,91.7728
22.4448,22.4448
80.0199,80.0199
97.2,97.2
-94.863,-94.863
-128.85,Less Than Lower Bound -126.1455
39.6,39.6
2.16,2.16
65.88,65.88
48.5392,48.5392
-27.2646,-27.2646
18.3,18.3
-16.968,-16.968
-20.496,-20.496
63.27,63.27
46.41,46.41
20.115,20.115
0,0
-13.6461,-13.6461
15.2208,15.2208
28.497,28.497
9.7972,9.7972
-121.536,-121.536
-334.552,Less Than Lower Bound -126.1455
103.296,103.296
-22.815,-22.815
-8.307,-8.307
5.565,5.565
0,0
48.5514,48.5514
-9.0904,-9.0904
46.74,46.74
17.73,17.73
95.52,95.52
-27.6,-27.6
37.8,37.8
-20.61,-20.61
76.05,76.05
46.44,46.44
-304.224,Less Than Lower Bound -126.1455
8.085,8.085
29.52,29.52
65.28,65.28
46.47,46.47
-152.316,Less Than Lower Bound -126.1455
21.93,21.93
6.51,6.51
57.27,57.27
42.6,42.6
143.92,143.92
27.36,27.36
12.96,12.96
13.824,13.824
16.5564,16.5564
51.8346,51.8346
69.1776,69.1776
52.532,52.532
56.1,56.1
-17.032,-17.032
45.24,45.24
40.32,40.32
19.2,19.2
25.473,25.473
11.998,11.998
20.02,20.02
85.26,85.26
11.88,11.88
6.165,6.165
35.64,35.64
60.12,60.12
30.98,30.98
2.0394,2.0394
43.4217,43.4217
134.9322,134.9322
14.0712,14.0712
36.66,36.66
-85.356,-85.356
101.16,101.16
-106.68,-106.68
-98.8018,-98.8018
29.37,29.37
-82.854,-82.854
15.4,15.4
8.76,8.76
19.62,19.62
65.922,65.922
-77.595,-77.595
-31.4874,-31.4874
-190.272,Less Than Lower Bound -126.1455
19.02,19.02
-223.884,Less Than Lower Bound -126.1455
0.72,0.72
16.68,16.68
40.485,40.485
15.42,15.42
1.26,1.26
36.12,36.12
7.2,7.2
4.59,4.59
15.936,15.936
16.1463,16.1463
18.6956,18.6956
-62.88,-62.88
5.4,5.4
25.28,25.28
84.6,84.6
53.46,53.46
12.906,12.906
42.03,42.03
0,0
38.22,38.22
4.83,4.83
18.72,18.72
63.21,63.21
80.25,80.25
45.9754,45.9754
69.1776,69.1776
0,0
21.72,21.72
13,13
67.68,67.68
0.6,0.6
15.96,15.96
15.651,15.651
72.99,72.99
24.732,24.732
38.37,38.37
103.32,103.32
35.4,35.4
10.5714,10.5714
124.7808,124.7808
54.0876,54.0876
1.92,1.92
13.26,13.26
48.7,48.7
41.67,41.67
121.77,121.77
39.75,39.75
40.14,40.14
9.9652,9.9652
9.0576,9.0576
55.647,55.647
10.8,10.8
42.06,42.06
-32.892,-32.892
-27.288,-27.288
24.3,24.3
18.42,18.42
54.3006,54.3006
-14.4,-14.4
30.54,30.54
46.8,46.8
7.38,7.38
42.4,42.4
16.7,16.7
106.56,106.56
18.54,18.54
-75.705,-75.705
-46.6029,-46.6029
78.36,78.36
24.57,24.57
13.11,13.11
28.65,28.65
36.4704,36.4704
90.12,90.12
42,42
18.284,18.284
30.96,30.96
-51.165,-51.165
9.255,9.255
-115.92,-115.92
27.3182,27.3182
-75.8448,-75.8448
-0.8392,-0.8392
32.64,32.64
37.23,37.23
26.82,26.82
21.6,21.6
10.26,10.26
44.55,44.55
-4.887,-4.887
31.2858,31.2858
-42.96,-42.96
17.847,17.847
36.54,36.54
7.752,7.752
21.4368,21.4368
36.96,36.96
32.88,32.88
20.52,20.52
63.84,63.84
22.2,22.2
11.37,11.37
57.15,57.15
-54.552,-54.552
93.52,93.52
38.28,38.28
22.8,22.8
34.56,34.56
-55.125,-55.125
12.12,12.12
28.62,28.62
11.5584,11.5584
109.6113,109.6113
240.8595,More than Upper Bound 219.6825
81.41936,81.41936
-40.54,-40.54
27.6,27.6
47.661,47.661
9,9
11.61,11.61
-95.8956,-95.8956
6,6
1.08,1.08
-163.968,Less Than Lower Bound -126.1455
19.35,19.35
68.4,68.4
3.0885,3.0885
26.4,26.4
-36.253,-36.253
4.92,4.92
23.16,23.16
26.46,26.46
-44.66,-44.66
-24.5,-24.5
0.96,0.96
9.84,9.84
6.18,6.18
2.58,2.58
14.94,14.94
15.1158,15.1158
26.9973,26.9973
-54.888,-54.888
52.86,52.86
86.6,86.6
23.96,23.96
61.74,61.74
38.04,38.04
-88.92,-88.92
-65.655,-65.655
3.456,3.456
-10.3635,-10.3635
18.6,18.6
97.92,97.92
41.952,41.952
23.384,23.384
19.0848,19.0848
21.84,21.84
4.68,4.68
-6.156,-6.156
10.768,10.768
21.52,21.52
32.2,32.2
44.4,44.4
9.45,9.45
14.25,14.25
41.85,41.85
17.232,17.232
15,15
147.72,147.72
29.1528,29.1528
10.788,10.788
166.44,166.44
-112.374,-112.374
35.76,35.76
11.88,11.88
17.76,17.76
13.6,13.6
13.725,13.725
44.364,44.364
4.38,4.38
69.986,69.986
16.704,16.704
-62.106,-62.106
-127.16,Less Than Lower Bound -126.1455
2.925,2.925
78.72,78.72
-6.264,-6.264
7.65,7.65
15.36,15.36
47.96,47.96
20.9592,20.9592
1.999,1.999
1.86,1.86
34.72,34.72
-95.2,-95.2
-23.68,-23.68
42.8,42.8
4.356,4.356
18.9,18.9
39.96,39.96
22.968,22.968
92.328,92.328
24.24,24.24
-0.006,-0.006
16.62,16.62
21.96,21.96
15.7,15.7
-223.656,Less Than Lower Bound -126.1455
19.5,19.5
46.51288,46.51288
1.32,1.32
33.76,33.76
46.83,46.83
-49.41,-49.41
20.415,20.415
36.2835,36.2835
22.2,22.2
47.34,47.34
2.64,2.64
28.38,28.38
74.52,74.52
79.65,79.65
23.16,23.16
24.858,24.858
52.74,52.74
84.12,84.12
32.88,32.88
12.88,12.88
-29.175,-29.175
7.83,7.83
81.96,81.96
-74.496,-74.496
87.7443,87.7443
29.1424,29.1424
13.365,13.365
272.9825,More than Upper Bound 219.6825
-50.319,-50.319
23.4,23.4
43.14,43.14
24.42,24.42
8,8
-5.91,-5.91
37.83,37.83
68.22,68.22
36.917,36.917
-34.647,-34.647
41.4,41.4
15.51,15.51
47.856,47.856
12.627,12.627
18.12,18.12
68.34,68.34
17.118,17.118
64.692,64.692
48.056,48.056
28.4,28.4
17.91,17.91
53.694,53.694
24.12,24.12
3.51,3.51
-42.0084,-42.0084
8.048,8.048
5.19,5.19
13.47,13.47
44.32,44.32
53.22524,53.22524
83.21992,83.21992
68.7,68.7
-142.296,Less Than Lower Bound -126.1455
-6.54,-6.54
32.7,32.7
-6.714,-6.714
-490.2,Less Than Lower Bound -126.1455
11.187,11.187
11.634,11.634
19.176,19.176
6.54,6.54
79.1,79.1
0.48,0.48
14.49,14.49
78.93,78.93
-14.1375,-14.1375
11.64,11.64
25.035,25.035
35.6346,35.6346
7.9984,7.9984
12.6,12.6
21.84,21.84
0,0
-95.88,-95.88
-91.3112,-91.3112
33.28,33.28
-85.764,-85.764
16.38,16.38
15.75,15.75
-12.9568,-12.9568
21.714,21.714
16.7886,16.7886
3.06,3.06
9.45,9.45
-66.24,-66.24
15.1,15.1
36.45,36.45
32.76,32.76
-19.38,-19.38
1.38,1.38
27.24,27.24
30.819,30.819
10.02,10.02
32.688,32.688
-196.758,Less Than Lower Bound -126.1455
-133.2,Less Than Lower Bound -126.1455
4.2,4.2
30.96,30.96
-14.628,-14.628
-47.104,-47.104
4.914,4.914
41.2237,41.2237
-81.94,-81.94
39.5868,39.5868
38.7,38.7
8.8,8.8
35,35
41.76,41.76
26.82,26.82
30.72,30.72
5.4,5.4
-78.573,-78.573
-183.315,Less Than Lower Bound -126.1455
40.02,40.02
26.46472,26.46472
30.372,30.372
-37.2,-37.2
25.56,25.56
0,0
-82.095,-82.095
66.15,66.15
28.3,28.3
35.64,35.64
27.06,27.06
7.2,7.2
-17.199,-17.199
130.14,130.14
61.56,61.56
14.3075,14.3075
41.9958,41.9958
12.36,12.36
40.02,40.02
-54.972,-54.972
13.16,13.16
33.24,33.24
-74.2086,-74.2086
29.82,29.82
28.7064,28.7064
-568.998,Less Than Lower Bound -126.1455
6.36,6.36
-40.888,-40.888
76.41,76.41
11.952,11.952
-40.734,-40.734
31.0184,31.0184
69.96,69.96
10.44,10.44
78.3,78.3
-114.264,-114.264
63.09,63.09
17.19,17.19
31.5,31.5
41.76,41.76
7.14,7.14
2.88,2.88
19.968,19.968
25.4384,25.4384
18.93,18.93
16.38,16.38
20.16,20.16
1.92,1.92
17.1,17.1
21.672,21.672
48.72,48.72
-15.954,-15.954
2.7,2.7
35.28,35.28
0,0
43.974,43.974
13.116,13.116
-33.588,-33.588
3.879,3.879
57.4938,57.4938
7.32,7.32
81.36,81.36
8.04,8.04
7.56,7.56
29.268,29.268
-25.3764,-25.3764
77.4837,77.4837
32.52,32.52
39.68,39.68
11.1,11.1
-2.628,-2.628
-27.45,-27.45
-26.688,-26.688
-3.094,-3.094
38.025,38.025
-14.844,-14.844
5.04,5.04
-152.658,Less Than Lower Bound -126.1455
-0.048,-0.048
3.76,3.76
13.8,13.8
-106.26,-106.26
-123.744,-123.744
70.74,70.74
36.36,36.36
6.688,6.688
109.8,109.8
12.0765,12.0765
10.68,10.68
30.9474,30.9474
63.873,63.873
17.76,17.76
14.04,14.04
102.48,102.48
24.36,24.36
2.92,2.92
1.08,1.08
36.684,36.684
0,0
131.76,131.76
36.9,36.9
33.8598,33.8598
18.48,18.48
0.48,0.48
75.4,75.4
7.04,7.04
5.32,5.32
9.84,9.84
29.61,29.61
4.932,4.932
-5.97,-5.97
23.94,23.94
29.1456,29.1456
1.26,1.26
-163.392,Less Than Lower Bound -126.1455
7.35,7.35
3.48,3.48
0,0
16.956,16.956
-56.968,-56.968
36.18,36.18
-58.1332,-58.1332
38.3572,38.3572
-50.568,-50.568
10.44,10.44
34.44,34.44
12,12
25.47,25.47
-149.088,Less Than Lower Bound -126.1455
6.12,6.12
13.32,13.32
96.25072,96.25072
19.62,19.62
26.55,26.55
37.62,37.62
27.1644,27.1644
-35.6775,-35.6775
-160.434,Less Than Lower Bound -126.1455
-34.56,-34.56
5,5
-138.9,Less Than Lower Bound -126.1455
82.338,82.338
-88.944,-88.944
47.52,47.52
5.67,5.67
-0.09,-0.09
-1.002,-1.002
-16.176,-16.176
57.258,57.258
-21.6792,-21.6792
49.38,49.38
7.92,7.92
37.68,37.68
3.42,3.42
18.48,18.48
-110.484,-110.484
0,0
101.07,101.07
2.6,2.6
-29.628,-29.628
-33.156,-33.156
43.92,43.92
16.86,16.86
35.4,35.4
53.25,53.25
17.01,17.01
31.0688,31.0688
63.6825,63.6825
19.3932,19.3932
24.57,24.57
20.76,20.76
56.682,56.682
20.16,20.16
58.2,58.2
12.0295,12.0295
41.4,41.4
93.12,93.12
126.48,126.48
2.4,2.4
-0.03,-0.03
81.15,81.15
-23.85,-23.85
69.894,69.894
31.494,31.494
74.8098,74.8098
66.6272,66.6272
-4.14,-4.14
34.2925,34.2925
-40.0036,-40.0036
-161.112,Less Than Lower Bound -126.1455
16.23,16.23
14.88,14.88
64.845,64.845
4.2976,4.2976
24.84,24.84
54.24,54.24
18.88,18.88
17.44,17.44
21.63,21.63
32.25,32.25
5.7,5.7
51.84,51.84
12.42,12.42
-13.128,-13.128
6.75,6.75
-7.3015,-7.3015
43.176,43.176
36.81,36.81
-7.712,-7.712
3.28,3.28
15.3,15.3
50.25,50.25
31.56,31.56
32.04,32.04
12.42,12.42
-100.368,-100.368
-6.825,-6.825
-55.8789,-55.8789
3.45,3.45
17.61,17.61
45.52,45.52
63.24,63.24
0,0
4.536,4.536
-15.6114,-15.6114
-10.8222,-10.8222
-19.632,-19.632
49.9704,49.9704
-89.742,-89.742
52.56,52.56
9.96,9.96
45.9,45.9
8.992,8.992
-163.86,Less Than Lower Bound -126.1455
24.78,24.78
65.67,65.67
2.247,2.247
0.63,0.63
70.626,70.626
45.54,45.54
15.192,15.192
42.9,42.9
0,0
-44.01,-44.01
14.04,14.04
7.04,7.04
-39,-39
41.58,41.58
59.04,59.04
-102.8712,-102.8712
9.192,9.192
33.72,33.72
-22.2288,-22.2288
9.1269,9.1269
55.016,55.016
72.72,72.72
2.37,2.37
10.86,10.86
29.92,29.92
23.92,23.92
12.16,12.16
60.1,60.1
58.98,58.98
6.165,6.165
-99.57,-99.57
99.24,99.24
4.98,4.98
-13.725,-13.725
19.5,19.5
0.9,0.9
-53.3985,-53.3985
32.193,32.193
50.2398,50.2398
66.5088,66.5088
27.21,27.21
14.5,14.5
-27.444,-27.444
21.84,21.84
-21.78,-21.78
-42.568,-42.568
9.837,9.837
31.53,31.53
-3.12,-3.12
33.8744,33.8744
6.465,6.465
31.3,31.3
46.98,46.98
16.88,16.88
7.14,7.14
6.51,6.51
26.73,26.73
14.8833,14.8833
33.12,33.12
-1.53,-1.53
-28.9674,-28.9674
6.4784,6.4784
9.24,9.24
-51.94,-51.94
4.32,4.32
26.52,26.52
59.92,59.92
11.34,11.34
59.34,59.34
31.44,31.44
6.768,6.768
40.3704,40.3704
72.87,72.87
-0.972,-0.972
45.6,45.6
0,0
0.84,0.84
-20.436,-20.436
53.079,53.079
2.172,2.172
20.5764,20.5764
61.4628,61.4628
8.64,8.64
62.46,62.46
22.6,22.6
24.48,24.48
46.5,46.5
27.408,27.408
-52.122,-52.122
8.37,8.37
44.16,44.16
69.5046,69.5046
11.214,11.214
76.56,76.56
25.24,25.24
14.5,14.5
5.04,5.04
31.08,31.08
-5.904,-5.904
43.5,43.5
20.88,20.88
-115.86,-115.86
8.46,8.46
3.389,3.389
84.0512,84.0512
-153.936,Less Than Lower Bound -126.1455
32.46,32.46
13.02,13.02
-199.605,Less Than Lower Bound -126.1455
50.4,50.4
49.14,49.14
65.637,65.637
206.01,206.01
6.0378,6.0378
108.24,108.24
-54.5643,-54.5643
-100.92,-100.92
15.12,15.12
38.28,38.28
42.3,42.3
15.93,15.93
21.21,21.21
26.49,26.49
1.74,1.74
-14.336,-14.336
7.11,7.11
20.79,20.79
61.5,61.5
37.95,37.95
-25.788,-25.788
24.36,24.36
-68.976,-68.976
-120.148,-120.148
5.7,5.7
19.74,19.74
35.91,35.91
15.48,15.48
25.83,25.83
2.7,2.7
9.3,9.3
41.808,41.808
-13.812,-13.812
11.6814,11.6814
73.5448,73.5448
28.92,28.92
5.46,5.46
1.32,1.32
44.94,44.94
46.74,46.74
-105.972,-105.972
-22.32,-22.32
2.88,2.88
33.48,33.48
40.68,40.68
24.42,24.42
-17.505,-17.505
29.904,29.904
25.2,25.2
64.7856,64.7856
105.275,105.275
-6.21,-6.21
10.44,10.44
3.42,3.42
19.76,19.76
0.64,0.64
-52.26,-52.26
24.1452,24.1452
29.34,29.34
67.1139,67.1139
-221.592,Less Than Lower Bound -126.1455
21.56,21.56
0,0
36.06,36.06
69.3,69.3
11.79,11.79
-83.88,-83.88
-63.462,-63.462
78.12,78.12
14.28,14.28
7.11,7.11
-56.343,-56.343
5.4801,5.4801
54.9,54.9
14.28,14.28
32.1,32.1
43.92,43.92
54.66,54.66
45.24,45.24
-10.464,-10.464
1.3596,1.3596
10.3936,10.3936
10.3936,10.3936
83.16,83.16
-1.92,-1.92
21.608,21.608
71.76,71.76
36.96,36.96
2.97,2.97
39.36,39.36
14.76,14.76
58.947,58.947
-30.012,-30.012
9.162,9.162
23.28,23.28
20.754,20.754
13.41,13.41
4.2,4.2
19.692,19.692
0.6993,0.6993
-55.256,-55.256
56.7,56.7
12.6,12.6
0,0
66.54,66.54
26.73,26.73
94.518,94.518
-1.7334,-1.7334
4.56,4.56
0,0
-10.674,-10.674
12.42,12.42
31.6584,31.6584
7.56,7.56
53.433,53.433
79.8912,79.8912
3.348,3.348
5.7,5.7
30,30
-25.6,-25.6
12.6,12.6
48.12,48.12
7.2,7.2
14.22,14.22
50.76,50.76
18.2112,18.2112
31.68,31.68
57.3,57.3
9.68,9.68
39.38,39.38
33.57,33.57
16.68,16.68
43.32,43.32
-66.6,-66.6
15.12,15.12
17.28,17.28
8.19,8.19
8.64,8.64
26.56,26.56
-0.036,-0.036
73.32,73.32
95.2,95.2
51.94,51.94
4.5,4.5
23.04,23.04
6.138,6.138
37.4144,37.4144
50.3658,50.3658
12.08,12.08
-175.352,Less Than Lower Bound -126.1455
30.87,30.87
19.05,19.05
2.4,2.4
63.36,63.36
-50.652,-50.652
47.1,47.1
12,12
6.444,6.444
22.95,22.95
-38.2158,-38.2158
18.78,18.78
17.1,17.1
60,60
17.5,17.5
-87.108,-87.108
-26.424,-26.424
0,0
-0.048,-0.048
8.7,8.7
-63.468,-63.468
-51.3,-51.3
52.4895,52.4895
-64.9376,-64.9376
18.93,18.93
9.36,9.36
8.1,8.1
51.03,51.03
7.44,7.44
35.8644,35.8644
7.89,7.89
49.76,49.76
13.44,13.44
-105.39,-105.39
-50.52,-50.52
-0.594,-0.594
19.2,19.2
-1.146,-1.146
15.552,15.552
2.0088,2.0088
-25.428,-25.428
47.22,47.22
38.52,38.52
43.32,43.32
6.4,6.4
15.84,15.84
-83.412,-83.412
33.8664,33.8664
-109.6287,-109.6287
72.72,72.72
8.2194,8.2194
30.186,30.186
-183.708,Less Than Lower Bound -126.1455
26.16,26.16
6.36,6.36
0,0
-96.579,-96.579
79.68,79.68
33.3136,33.3136
22.02,22.02
7.2,7.2
42.9,42.9
21.6,21.6
28.9,28.9
33.12,33.12
10.92,10.92
31.05,31.05
36.09,36.09
-33.792,-33.792
-29.9568,-29.9568
45,45
76.41,76.41
31.2,31.2
27.882,27.882
9.9,9.9
12.84,12.84
30.54,30.54
33.24,33.24
-103.14,-103.14
9.48,9.48
31.7,31.7
22.08,22.08
50.85,50.85
58.968,58.968
29.52,29.52
-0.1125,-0.1125
16.0416,16.0416
32.928,32.928
68.28,68.28
0,0
40.23,40.23
62.37,62.37
11.703,11.703
14.4,14.4
28.098,28.098
78,78
69.93,69.93
-11.8434,-11.8434
12.2328,12.2328
107.4785,107.4785
8.1552,8.1552
23.235,23.235
8.79,8.79
8.91,8.91
69.4,69.4
28.5,28.5
26.94,26.94
6.12,6.12
32.94,32.94
29.4,29.4
6.102,6.102
4.5588,4.5588
40.0036,40.0036
43.32,43.32
6.453,6.453
6.984,6.984
23.625,23.625
95.7572,95.7572
-53.2856,-53.2856
34.5,34.5
12.2465,12.2465
4.86,4.86
31.8,31.8
4.32,4.32
18,18
20.16,20.16
35.3,35.3
44.32,44.32
-46.56,-46.56
79.88,79.88
-6.93,-6.93
51.3,51.3
95.322,95.322
48.6,48.6
30.96,30.96
-5.4882,-5.4882
-82.99,-82.99
18.84,18.84
-170.664,Less Than Lower Bound -126.1455
32.7,32.7
-94.86,-94.86
44.36,44.36
28.16,28.16
-2.792,-2.792
30.3,30.3
8.55,8.55
16.47,16.47
-23.544,-23.544
4.32,4.32
12.9096,12.9096
23.9688,23.9688
20.88,20.88
48.78,48.78
-132.68,Less Than Lower Bound -126.1455
34.56,34.56
-5.1,-5.1
52.2,52.2
33.84,33.84
-363.528,Less Than Lower Bound -126.1455
3.6784,3.6784
11.2839,11.2839
-1.8295,-1.8295
23.76,23.76
47.44,47.44
15.52,15.52
17.58,17.58
42.9,42.9
39.6,39.6
35.7,35.7
43.92,43.92
11.4,11.4
21.42,21.42
-705.096,Less Than Lower Bound -126.1455
-25.9136,-25.9136
30.06,30.06
36.36,36.36
74,74
-4.104,-4.104
40.64,40.64
5.2,5.2
20.04,20.04
22.72,22.72
18.846,18.846
36.12,36.12
14.517,14.517
17.16,17.16
9.5616,9.5616
-90.09,-90.09
39.996,39.996
42.96,42.96
28.62,28.62
9.87,9.87
30.08,30.08
-37.828,-37.828
-37.32,-37.32
-44.424,-44.424
-41.88,-41.88
95.22,95.22
-3.789,-3.789
45.8136,45.8136
14.501,14.501
18.8993,18.8993
17.908,17.908
83.986,83.986
-20.7846,-20.7846
20.7459,20.7459
-72.12,-72.12
14.13,14.13
28.14,28.14
-13.328,-13.328
19.92,19.92
48.48,48.48
-107.865,-107.865
50.559,50.559
30.2232,30.2232
43.44,43.44
-37.908,-37.908
38.88,38.88
6.72,6.72
17.16,17.16
29.04,29.04
19.32,19.32
13.2,13.2
72.42,72.42
45.5392,45.5392
42.225,42.225
21.99,21.99
0,0
92.16,92.16
-23.616,-23.616
11.4,11.4
8.8,8.8
14.85,14.85
86.25,86.25
36.18,36.18
-83.925,-83.925
19.8,19.8
12.42,12.42
-36.552,-36.552
8.16,8.16
15.0825,15.0825
0,0
13.59,13.59
3.258,3.258
7.8,7.8
7.7679,7.7679
67.86,67.86
47.0979,47.0979
-17.9964,-17.9964
9.735,9.735
14.1,14.1
19.216,19.216
26.72,26.72
39.6,39.6
-15.48,-15.48
61.95,61.95
23.8335,23.8335
1.8,1.8
13.188,13.188
-1.122,-1.122
30.2625,30.2625
1.8375,1.8375
35.46,35.46
32.46,32.46
26.56,26.56
30.15,30.15
14.16,14.16
16.68,16.68
46.1968,46.1968
19.92,19.92
-219.804,Less Than Lower Bound -126.1455
10.8,10.8
-35.64,-35.64
77.04,77.04
35.68,35.68
5.88,5.88
3.96,3.96
6.651,6.651
1.08,1.08
27.459,27.459
-13.3176,-13.3176
-22.098,-22.098
55.9224,55.9224
32.5008,32.5008
4.1391,4.1391
29.28,29.28
51.72,51.72
29,29
39.36,39.36
13.44,13.44
49.32,49.32
1.773,1.773
11.796,11.796
37.92,37.92
8.286,8.286
75.933,75.933
100.4796,100.4796
81.921,81.921
29.76,29.76
1.8,1.8
0.4,0.4
-95.58,-95.58
46.68,46.68
22.869,22.869
0,0
-29.325,-29.325
20.232,20.232
-3.5532,-3.5532
-45.1314,-45.1314
-26.541,-26.541
-273.744,Less Than Lower Bound -126.1455
25.92,25.92
59.24,59.24
6.4,6.4
19.44,19.44
53.52,53.52
17.68,17.68
45.6,45.6
4.29,4.29
24.48,24.48
35.46,35.46
27.306,27.306
107.04,107.04
-52.8908,-52.8908
-58.164,-58.164
1.92,1.92
4.29,4.29
20.58,20.58
8,8
-12.464,-12.464
-34.3,-34.3
32.4,32.4
25.47,25.47
-47.07,-47.07
16.62,16.62
44.52,44.52
-3.0807,-3.0807
-10.92,-10.92
12.6,12.6
47.64,47.64
53.7504,53.7504
-7.098,-7.098
29.76,29.76
75.6,75.6
24.96,24.96
72.57268,72.57268
48.32,48.32
20.88,20.88
31.68,31.68
36.45,36.45
23.9778,23.9778
57.5016,57.5016
30.84,30.84
-120.963,-120.963
11.76,11.76
-97.74,-97.74
43.92,43.92
4.59,4.59
36,36
17.172,17.172
51.3,51.3
36.0192,36.0192
32.13,32.13
20.73,20.73
10.44,10.44
24.3,24.3
39.4,39.4
-152.667,Less Than Lower Bound -126.1455
7.74,7.74
12.33,12.33
-59.058,-59.058
31.8,31.8
37.6422,37.6422
17.7,17.7
7.23,7.23
53.34,53.34
4.3,4.3
7.2,7.2
92.19,92.19
38.46,38.46
-2.664,-2.664
147.36,147.36
-72.0144,-72.0144
11.625,11.625
14.52,14.52
0.18,0.18
84.63,84.63
-271.236,Less Than Lower Bound -126.1455
10.8,10.8
-114.1056,-114.1056
21,21
5.775,5.775
25.172,25.172
12.54,12.54
-15.988,-15.988
-53.52,-53.52
9.06,9.06
44.6,44.6
1.86,1.86
33,33
14.22,14.22
10.2,10.2
-10.35,-10.35
14.22,14.22
-3.534,-3.534
-0.0657,-0.0657
1.44,1.44
15.9,15.9
14.64,14.64
6.2979,6.2979
-24.588,-24.588
36.96,36.96
15.96,15.96
28.16,28.16
15.424,15.424
217.1,217.1
2.48,2.48
35.5,35.5
113.64,113.64
48.48,48.48
20.52,20.52
-8.145,-8.145
-9.144,-9.144
66.18,66.18
34.56,34.56
6,6
19.08,19.08
-94.833,-94.833
2.28,2.28
4.38,4.38
9.92,9.92
10.5,10.5
52.71,52.71
1.44,1.44
4.29,4.29
44.76,44.76
10.02,10.02
7.29,7.29
41.4,41.4
-6.789,-6.789
12.66,12.66
39.04,39.04
66.564,66.564
-95.424,-95.424
49.62,49.62
-108.15,-108.15
17.565,17.565
46.602,46.602
48.3771,48.3771
29.245,29.245
-20.7846,-20.7846
67.89,67.89
11.4,11.4
-2.028,-2.028
29.61,29.61
-38.25,-38.25
16.17,16.17
-46.9764,-46.9764
8.3328,8.3328
11.7936,11.7936
33.96,33.96
37.8,37.8
9.088,9.088
4.98,4.98
-36.708,-36.708
0,0
4.131,4.131
16.065,16.065
57.96,57.96
9.45,9.45
10.2,10.2
1.812,1.812
17.3656,17.3656
-43.092,-43.092
39.6,39.6
4.12,4.12
18.27,18.27
21.6,21.6
-53.6625,-53.6625
34.83,34.83
0.27,0.27
16.5186,16.5186
64.2,64.2
104.76,104.76
39.62,39.62
11.4,11.4
18,18
8.5365,8.5365
54.408,54.408
-26.568,-26.568
77.4837,77.4837
8.1072,8.1072
-459.6072,Less Than Lower Bound -126.1455
0,0
20.88,20.88
49.26,49.26
4.92,4.92
40.3,40.3
-4.662,-4.662
50.22,50.22
27.12,27.12
19.8972,19.8972
-8.145,-8.145
4.504,4.504
15.54,15.54
0,0
137.16,137.16
-95.5416,-95.5416
37.9962,37.9962
4.7976,4.7976
102.2784,102.2784
17.8794,17.8794
50,50
-88.096,-88.096
31.98,31.98
-168.68,Less Than Lower Bound -126.1455
72.18,72.18
7.44,7.44
86.73,86.73
17.415,17.415
11.472,11.472
-17.619,-17.619
-7.335,-7.335
-58.8616,-58.8616
22.3776,22.3776
-23.7822,-23.7822
71.82,71.82
-40.76848,-40.76848
41.35404,41.35404
8.992,8.992
13.36,13.36
74.34,74.34
54.684,54.684
27.21,27.21
0,0
10.35,10.35
23.3184,23.3184
26.3494,26.3494
-90.174,-90.174
4.936,4.936
51.84,51.84
7.644,7.644
16.38,16.38
71.055,71.055
9,9
-12.195,-12.195
57.15,57.15
-100.668,-100.668
27.18,27.18
27.24,27.24
13.68,13.68
25.5,25.5
59.94,59.94
22.8,22.8
22.68,22.68
43.488,43.488
-6.48,-6.48
19.92,19.92
49.5,49.5
13.05,13.05
16.14,16.14
-3.87,-3.87
50.4,50.4
-131.445,Less Than Lower Bound -126.1455
-1.4988,-1.4988
2.16,2.16
-121.788,-121.788
34.44,34.44
66,66
7.56,7.56
16.2,16.2
1.335,1.335
-2.4975,-2.4975
-29.0745,-29.0745
4.44,4.44
2.43,2.43
37.08,37.08
19.29,19.29
19.5,19.5
7.84,7.84
20.92,20.92
20.52,20.52
17.1,17.1
3.06,3.06
7.44,7.44
-3.825,-3.825
36.3,36.3
14.58,14.58
62.16,62.16
-6.246,-6.246
20.7,20.7
-128.94,Less Than Lower Bound -126.1455
-40.0482,-40.0482
-86.4,-86.4
64.98,64.98
5.28,5.28
-1.249,-1.249
0,0
-163.728,Less Than Lower Bound -126.1455
-90.456,-90.456
16.2,16.2
11.08,11.08
3.8,3.8
2.97,2.97
36.84,36.84
36.3,36.3
51.3,51.3
5.31,5.31
-5.616,-5.616
16.5531,16.5531
34.2925,34.2925
62.1376,62.1376
34.56,34.56
-24.48,-24.48
-8.312,-8.312
60.48,60.48
43.98,43.98
48.645,48.645
-33.18,-33.18
67.86,67.86
22.68,22.68
-70.2,-70.2
56.264,56.264
14.07,14.07
-2.28,-2.28
19.7,19.7
5.7,5.7
41.169,41.169
-23.6592,-23.6592
14.7912,14.7912
-7.974,-7.974
34.98,34.98
17.61,17.61
146.97,146.97
28.8,28.8
22.3,22.3
-81.732,-81.732
13.04,13.04
-37.168,-37.168
51.84,51.84
5.4,5.4
0,0
-4.14,-4.14
33.24,33.24
0.825,0.825
38.4,38.4
-47.832,-47.832
-29.4368,-29.4368
45.12,45.12
54.18,54.18
49.62,49.62
13.4,13.4
52.8219,52.8219
70.0977,70.0977
47.952,47.952
54.4448,54.4448
28.92,28.92
3.9,3.9
-8.112,-8.112
-82.1336,-82.1336
85.149,85.149
-14.1075,-14.1075
11.1,11.1
11.16,11.16
21,21
0,0
27.72,27.72
137.07,137.07
-2.193,-2.193
20.388,20.388
11.7576,11.7576
53.9,53.9
19.2,19.2
54.16,54.16
-92.492,-92.492
28.512,28.512
2.62,2.62
-36.4,-36.4
-55.8,-55.8
16.416,16.416
33.36,33.36
25.134,25.134
36.3,36.3
8.226,8.226
55.36,55.36
-57.288,-57.288
-27.144,-27.144
6.32,6.32
-207.2793,Less Than Lower Bound -126.1455
-3.675,-3.675
-3.216,-3.216
5.998,5.998
69,69
49.2,49.2
14.058,14.058
13.95,13.95
50.16,50.16
35.94,35.94
-27.18,-27.18
30.84,30.84
10.0485,10.0485
48.3771,48.3771
51.5543,51.5543
19.74,19.74
45.92,45.92
32.76,32.76
54.15,54.15
12.225,12.225
29.88,29.88
25.362,25.362
1.26,1.26
10.23,10.23
29.364,29.364
78.12,78.12
27.69,27.69
36.84,36.84
68.58,68.58
13.92,13.92
44.72,44.72
-0.40184,-0.40184
5.1,5.1
57.636,57.636
19.8,19.8
35.6175,35.6175
-100.92,-100.92
23.6808,23.6808
41.04,41.04
-47.976,-47.976
1.6,1.6
29.04,29.04
30.72,30.72
48.72,48.72
20.529,20.529
-122.4,-122.4
8.3916,8.3916
1.26,1.26
20.58,20.58
9.84,9.84
10.98,10.98
5.52,5.52
3.6,3.6
73.08,73.08
27.82,27.82
6.3,6.3
38.172,38.172
29,29
7.7,7.7
-58.92,-58.92
-102.952,-102.952
4.92,4.92
-121.1733,-121.1733
47.34,47.34
10.44,10.44
96.416,96.416
3.96,3.96
46.8,46.8
-20.88,-20.88
28.2,28.2
27.3,27.3
50.13,50.13
12.298,12.298
20.58,20.58
12.3,12.3
-77.752,-77.752
51.3,51.3
-16.216,-16.216
22.4,22.4
44,44
31.68,31.68
69.435,69.435
-29.544,-29.544
24.48,24.48
-1.74,-1.74
20.88,20.88
24.316,24.316
36.693,36.693
7.59,7.59
15.008,15.008
73,73
1.56,1.56
48.72,48.72
15.072,15.072
28.16,28.16
36.36,36.36
23.1,23.1
12.6,12.6
11.16,11.16
-5.025,-5.025
31.05,31.05
-6.066,-6.066
30,30
8.9985,8.9985
29.952,29.952
8.76,8.76
52.98,52.98
12.88,12.88
-82.96,-82.96
0,0
-143.49,Less Than Lower Bound -126.1455
29.85,29.85
-32.961,-32.961
6.744,6.744
7.996,7.996
27.72,27.72
35.64,35.64
-28.352,-28.352
44.52,44.52
49.98,49.98
17.67,17.67
-7.4664,-7.4664
37.56,37.56
13.62,13.62
5.7,5.7
29.0136,29.0136
24.47,24.47
61.68,61.68
-61.92,-61.92
9.66,9.66
-72.996,-72.996
91.44,91.44
3.96,3.96
96.39,96.39
43.32,43.32
-139.86,Less Than Lower Bound -126.1455
46.8,46.8
-26.8758,-26.8758
15.372,15.372
4.98,4.98
-55.632,-55.632
17.84,17.84
30.912,30.912
13.84,13.84
359.9988,More than Upper Bound 219.6825
46.62,46.62
5.76,5.76
13.92,13.92
17.64,17.64
38.52,38.52
10.048,10.048
16.848,16.848
70.312,70.312
-214.296,Less Than Lower Bound -126.1455
-116.62,-116.62
72.84,72.84
81.6,81.6
13.02,13.02
19.11,19.11
23.856,23.856
-18.66,-18.66
73.41,73.41
40.05,40.05
13.56,13.56
188.78508,188.78508
18.6,18.6
20.25,20.25
21.33,21.33
9.8898,9.8898
-75.5979,-75.5979
-44.175,-44.175
-30.7719,-30.7719
162.864,162.864
0,0
34.294,34.294
12.21,12.21
28.62,28.62
-268.536,Less Than Lower Bound -126.1455
11.52,11.52
-57.81,-57.81
32.49,32.49
14.595,14.595
59.58,59.58
1.36,1.36
46.818,46.818
-45.525,-45.525
56.4,56.4
-12.2475,-12.2475
10.08,10.08
5.31,5.31
34.56,34.56
43.706,43.706
6.2244,6.2244
12.84,12.84
27.06,27.06
5.52,5.52
14.328,14.328
31.6,31.6
3.96,3.96
-2.403,-2.403
13.02,13.02
-2.2572,-2.2572
122.94,122.94
39.6,39.6
41.952,41.952
83.58,83.58
28.62,28.62
28.5,28.5
-6.075,-6.075
37.62,37.62
5.4417,5.4417
41.4294,41.4294
81.8496,81.8496
12.66,12.66
9.84,9.84
-65.88,-65.88
-51.42,-51.42
-6.48,-6.48
10.6232,10.6232
44.3664,44.3664
58.66,58.66
2.904,2.904
35.37,35.37
71.04,71.04
30.78,30.78
49.8,49.8
-24.51,-24.51
19.596,19.596
-131.3592,Less Than Lower Bound -126.1455
-13.884,-13.884
46.8,46.8
12,12
6.72,6.72
33,33
-115.83,-115.83
14.28,14.28
31.2,31.2
33.84,33.84
-32.4549,-32.4549
5.658,5.658
51.48,51.48
9.84,9.84
4.98,4.98
2.24,2.24
55.2,55.2
-3.078,-3.078
81.6,81.6
95.64,95.64
29.4,29.4
12.993,12.993
59.0112,59.0112
29.73,29.73
-46.256,-46.256
-0.036,-0.036
0,0
23.004,23.004
-4.41,-4.41
19.08,19.08
30.96,30.96
34.32,34.32
7.02,7.02
5.397,5.397
55.68,55.68
7.2,7.2
176.51536,176.51536
-54.552,-54.552
91.68,91.68
45.63,45.63
122.7375,122.7375
24.6,24.6
6.282,6.282
27.6669,27.6669
4.464,4.464
3.48,3.48
-150.414,Less Than Lower Bound -126.1455
11.1176,11.1176
-12.7785,-12.7785
10.5728,10.5728
98.16,98.16
46.8,46.8
29.04,29.04
4.32,4.32
33.45,33.45
10.2,10.2
6.225,6.225
-86.43,-86.43
-10.464,-10.464
-23.508,-23.508
23.5248,23.5248
-4.641,-4.641
43.706,43.706
10.05,10.05
11.58,11.58
7.56,7.56
46.96,46.96
-29.376,-29.376
-0.06,-0.06
45.936,45.936
33.57,33.57
21.78,21.78
5.46,5.46
4.32,4.32
-10.8792,-10.8792
23.508,23.508
35.982,35.982
38.2095,38.2095
13.8579,13.8579
32.97,32.97
9.2386,9.2386
38.04,38.04
10.92,10.92
-98.976,-98.976
15.24,15.24
89.27136,89.27136
5.76,5.76
-7.38,-7.38
44.316,44.316
-18.7515,-18.7515
55.62,55.62
7.596,7.596
11.996,11.996
302.54,More than Upper Bound 219.6825
-0.06,-0.06
30.48,30.48
8.583,8.583
4.32,4.32
-49.728,-49.728
-50.355,-50.355
33.2184,33.2184
16.362,16.362
0,0
1.74,1.74
-24.332,-24.332
-75.54,-75.54
-71.82,-71.82
20.13,20.13
30.024,30.024
76.05,76.05
-8.652,-8.652
51.66,51.66
60.48,60.48
21.96,21.96
-26.748,-26.748
10.1493,10.1493
35.3295,35.3295
-140.1408,Less Than Lower Bound -126.1455
56.9772,56.9772
3.8655,3.8655
2.16,2.16
-110.32,-110.32
26.56,26.56
9.04,9.04
35.55288,35.55288
-26.796,-26.796
-43.524,-43.524
22.008,22.008
12.24,12.24
41.16,41.16
-39.78,-39.78
-38.25,-38.25
24.8808,24.8808
31.68,31.68
58.5,58.5
3.06,3.06
-28.104,-28.104
64.8,64.8
-4.94,-4.94
19.8,19.8
28.86,28.86
45.54,45.54
-25.116,-25.116
63.984,63.984
-14.5764,-14.5764
9.84,9.84
19.44,19.44
28.8,28.8
-71.784,-71.784
8.28,8.28
8.79,8.79
68.4822,68.4822
47.76,47.76
-168.456,Less Than Lower Bound -126.1455
61.95,61.95
16.98,16.98
37.86,37.86
-25.374,-25.374
1.002,1.002
-143.808,Less Than Lower Bound -126.1455
45.9754,45.9754
42.9,42.9
12.2,12.2
358.56,More than Upper Bound 219.6825
30.12,30.12
22.44,22.44
1.56,1.56
-13.398,-13.398
17.0541,17.0541
-7.311,-7.311
38.1036,38.1036
45.3222,45.3222
5.7,5.7
0,0
45.24,45.24
19.04,19.04
-12.675,-12.675
3.668,3.668
6.372,6.372
60,60
24.33,24.33
-2.796,-2.796
21.84,21.84
-73.052,-73.052
3.1,3.1
39.06,39.06
3.3,3.3
12.42,12.42
25.8,25.8
30.48,30.48
8.19,8.19
2.781,2.781
21.165,21.165
25.0536,25.0536
37.92,37.92
12.46,12.46
16.32,16.32
1.28,1.28
15.66,15.66
83.592,83.592
39.48,39.48
-63.105,-63.105
-88.737,-88.737
0.81,0.81
26.385,26.385
-56.5224,-56.5224
39.06,39.06
4.08,4.08
56.4,56.4
32.8,32.8
-22.72,-22.72
47.52,47.52
2.55,2.55
4.62,4.62
33.6,33.6
6.93,6.93
9.567,9.567
1.08,1.08
30.387,30.387
-2.9775,-2.9775
76.56,76.56
52.688,52.688
23.67,23.67
47.28,47.28
54.66,54.66
32.76,32.76
10.62,10.62
39.38,39.38
9.48,9.48
30.24,30.24
21.42,21.42
79.08,79.08
-95.676,-95.676
31.0992,31.0992
15.2225,15.2225
25.6,25.6
-0.027,-0.027
-12.744,-12.744
-92.7984,-92.7984
26.52,26.52
9.294,9.294
19.872,19.872
92.88,92.88
8.992,8.992
-29.184,-29.184
-14.724,-14.724
70.44,70.44
-101.2188,-101.2188
14.508,14.508
35.1,35.1
18.8937,18.8937
1.62,1.62
19.32,19.32
45.6,45.6
-71.256,-71.256
52.2,52.2
5.7,5.7
17.58,17.58
29.7,29.7
40.95,40.95
14.94,14.94
7.44,7.44
20.3439,20.3439
-21.888,-21.888
43.5981,43.5981
8.1072,8.1072
23.7684,23.7684
-154.044,Less Than Lower Bound -126.1455
17.3,17.3
9.12,9.12
12.96,12.96
56.31,56.31
13.2,13.2
81.24,81.24
13.68,13.68
14.4558,14.4558
50.4,50.4
18.9,18.9
54.3966,54.3966
7.049,7.049
-39.114,-39.114
14.1,14.1
7.26,7.26
1.26,1.26
-144.015,Less Than Lower Bound -126.1455
14.52,14.52
-47.632,-47.632
-25.875,-25.875
-3.075,-3.075
28.8,28.8
48.94,48.94
15.4872,15.4872
2.6784,2.6784
-128.136,Less Than Lower Bound -126.1455
6.72,6.72
14.22,14.22
39.573,39.573
-3.345,-3.345
-10.7973,-10.7973
-8.5068,-8.5068
23.1,23.1
5.49,5.49
-98.625,-98.625
-4.851,-4.851
-26.865,-26.865
-35.0865,-35.0865
-23.532,-23.532
13.2962,13.2962
2.28,2.28
108.18,108.18
83.52,83.52
-49.208,-49.208
73.95,73.95
-1.5066,-1.5066
-37.9152,-37.9152
-193.818,Less Than Lower Bound -126.1455
11.4,11.4
-37.104,-37.104
90,90
61.95,61.95
20.73,20.73
1.32,1.32
32.838,32.838
15.633,15.633
-20.8935,-20.8935
55.98,55.98
13.338,13.338
22.7024,22.7024
35.1,35.1
9.72,9.72
-122.76,-122.76
-79.128,-79.128
1.7,1.7
5.04,5.04
0,0
35.772,35.772
56.7,56.7
37.8,37.8
25.0938,25.0938
0,0
23.92,23.92
-45.5928,-45.5928
-1.96,-1.96
-10.872,-10.872
0,0
16.56,16.56
7.398,7.398
15,15
5.1294,5.1294
-3.804,-3.804
74.115,74.115
-28.968,-28.968
1.05,1.05
11.475,11.475
34.74,34.74
33.6474,33.6474
64.2,64.2
31.5192,31.5192
17.994,17.994
0.6102,0.6102
16.1838,16.1838
13.65,13.65
23.19,23.19
16.08,16.08
49.7,49.7
26.46,26.46
0,0
0,0
7.8765,7.8765
-154.125,Less Than Lower Bound -126.1455
-102.78,-102.78
66.72,66.72
3.68,3.68
17.5,17.5
0,0
30.78,30.78
35.73,35.73
169.332,169.332
1.68,1.68
23.2155,23.2155
25.2,25.2
24.9,24.9
-9.1335,-9.1335
81.24,81.24
14.1,14.1
6,6
8.568,8.568
12.96,12.96
11.1984,11.1984
6.9,6.9
-124.662,-124.662
-17.064,-17.064
37.08,37.08
58.3,58.3
-67.648,-67.648
5.16,5.16
18.63,18.63
-12.3051,-12.3051
33.0288,33.0288
35.2772,35.2772
-22.1382,-22.1382
30.48,30.48
3.39,3.39
13.41,13.41
21.12,21.12
42.88,42.88
5.704,5.704
3.15,3.15
15.252,15.252
-20.25,-20.25
-55.86,-55.86
63.24,63.24
11.85,11.85
120.12,120.12
-6.066,-6.066
10.8864,10.8864
-98.01,-98.01
23.97,23.97
-38.76,-38.76
6.86,6.86
46.05,46.05
32.34,32.34
-56.328,-56.328
22.9885,22.9885
57.5928,57.5928
21.03,21.03
16.26,16.26
28.32,28.32
-144.8464,Less Than Lower Bound -126.1455
-55.032,-55.032
-28.8,-28.8
15.9,15.9
24.3,24.3
56.1752,56.1752
70.5456,70.5456
62.737,62.737
25.86,25.86
14.56,14.56
21.52,21.52
4.44,4.44
34.2,34.2
51.3,51.3
36.63,36.63
-1.344,-1.344
-8.592,-8.592
-41.112,-41.112
13.1572,13.1572
8.2764,8.2764
41.013,41.013
59.115,59.115
11.58,11.58
-33.264,-33.264
19.5,19.5
-16.794,-16.794
0.42,0.42
-51.6,-51.6
35.9248,35.9248
1.64,1.64
54.8,54.8
-2.16,-2.16
24.78,24.78
39.33,39.33
8.16,8.16
-67.137,-67.137
15,15
24.72,24.72
23.52,23.52
51.48,51.48
19.4,19.4
31.32,31.32
-16.524,-16.524
23.04,23.04
-17.694,-17.694
10.35,10.35
28.3635,28.3635
-49.3995,-49.3995
3.24,3.24
15.4752,15.4752
20.155,20.155
25.62,25.62
21.8192,21.8192
55.0584,55.0584
18.96,18.96
9.24,9.24
58.89,58.89
-102.744,-102.744
-125.064,-125.064
7.44,7.44
-57.148,-57.148
23.92,23.92
-257.14332,Less Than Lower Bound -126.1455
16.92,16.92
21.6,21.6
-7.155,-7.155
9.315,9.315
31.29,31.29
3.24,3.24
-6.36,-6.36
22.1184,22.1184
12.0609,12.0609
7.6965,7.6965
15.9588,15.9588
45.72,45.72
22.71,22.71
5.7,5.7
1.26,1.26
-17.42,-17.42
2.448,2.448
48.48,48.48
3.33,3.33
11.898,11.898
39.15,39.15
-12.804,-12.804
41.2237,41.2237
-16.614,-16.614
12.66,12.66
-20.256,-20.256
-46.956,-46.956
-7.335,-7.335
-16.632,-16.632
20.58,20.58
-132.09,Less Than Lower Bound -126.1455
-5.0505,-5.0505
-18.864,-18.864
46.116,46.116
9.8658,9.8658
24.1218,24.1218
19.26,19.26
0.56,0.56
18.08,18.08
-10.704,-10.704
26.25,26.25
3.699,3.699
25.44,25.44
50.58,50.58
95.4,95.4
-31.9215,-31.9215
42.066,42.066
-22.248,-22.248
13.56,13.56
-85.64748,-85.64748
46.14,46.14
48,48
34.146,34.146
12.702,12.702
9.2386,9.2386
-25.592,-25.592
-12.196,-12.196
23.1168,23.1168
13.2,13.2
15.984,15.984
12.84,12.84
24.42,24.42
-61.15272,-61.15272
12.912,12.912
-23.14144,-23.14144
-44.48,-44.48
42.6,42.6
35.73,35.73
32.49,32.49
20.232,20.232
18.8496,18.8496
-17.91,-17.91
14.1,14.1
19.8,19.8
106.2,106.2
37.3,37.3
37.84,37.84
44.16,44.16
8.91,8.91
12.24,12.24
17.46,17.46
33.9388,33.9388
-103.158,-103.158
22.74,22.74
-60.576,-60.576
14.49,14.49
39.48,39.48
34.704,34.704
15.594,15.594
-201.276,Less Than Lower Bound -126.1455
6,6
51.72,51.72
26.28,26.28
44.2305,44.2305
-110.796,-110.796
45.6,45.6
4.095,4.095
14.4,14.4
14.6224,14.6224
31.4895,31.4895
22.32,22.32
5.4,5.4
-106.515,-106.515
1.92,1.92
-4.048,-4.048
14.24,14.24
64.8,64.8
5.04,5.04
-27.156,-27.156
27.0578,27.0578
10.8966,10.8966
5.76,5.76
27.7,27.7
29.22,29.22
-44.8,-44.8
-8.56,-8.56
46.98,46.98
10.26,10.26
2.979,2.979
0.96,0.96
10.3936,10.3936
25.186,25.186
32.25,32.25
25.6,25.6
10.32,10.32
68.4,68.4
25.8,25.8
2.25,2.25
6.15,6.15
89.55,89.55
7.5,7.5
15.378,15.378
-56.3108,-56.3108
31.04,31.04
-25.47,-25.47
35.82,35.82
-26.235,-26.235
65.784,65.784
36.036,36.036
19.775,19.775
44.16,44.16
41.04,41.04
11.4,11.4
21,21
39.12,39.12
-71.604,-71.604
-23.7375,-23.7375
-3.4866,-3.4866
22.74,22.74
-102.585,-102.585
57.5928,57.5928
-144.804,Less Than Lower Bound -126.1455
-48.06,-48.06
39.36,39.36
-186.336,Less Than Lower Bound -126.1455
63.9,63.9
-34.016,-34.016
48,48
37.98,37.98
22.488,22.488
13.77,13.77
26.847,26.847
-19.944,-19.944
92.2368,92.2368
19.68,19.68
38.16,38.16
9.78,9.78
59.22,59.22
17.28,17.28
46.8,46.8
57.18,57.18
21.6,21.6
-31.968,-31.968
15.12,15.12
36.45,36.45
20.943,20.943
-4.4829,-4.4829
16.2864,16.2864
40.3536,40.3536
11.7334,11.7334
23.58,23.58
-7.02,-7.02
0,0
57.6,57.6
12.6,12.6
22.0947,22.0947
64.88,64.88
25.6,25.6
31.38,31.38
7.16,7.16
56.4,56.4
2.55,2.55
23.58,23.58
2.7279,2.7279
8.445,8.445
21.14,21.14
98.7,98.7
10.5,10.5
12.7773,12.7773
-106.26,-106.26
-1.5399,-1.5399
-66.645,-66.645
35.988,35.988
6.6976,6.6976
19.77,19.77
75.6,75.6
75.9,75.9
16.56,16.56
13.56,13.56
38.22,38.22
25.05,25.05
0,0
29.385,29.385
74.46,74.46
23.7744,23.7744
5.955,5.955
27.972,27.972
36.4473,36.4473
33.831,33.831
22.0748,22.0748
0.99,0.99
21,21
39.3,39.3
5.956,5.956
13.76,13.76
21.66,21.66
-20.696,-20.696
5.376,5.376
-64.83,-64.83
32.4684,32.4684
16.8237,16.8237
45.81,45.81
-72.036,-72.036
12,12
11.88,11.88
5.25,5.25
85.8,85.8
9.6975,9.6975
-25.109,-25.109
57.5928,57.5928
-26.514,-26.514
29.76,29.76
30.12,30.12
54.08,54.08
-42.944,-42.944
-44.58,-44.58
-114.22,-114.22
34.29,34.29
64.98,64.98
3.84,3.84
-390.264,Less Than Lower Bound -126.1455
34.38,34.38
-29.3436,-29.3436
34.182,34.182
12.6,12.6
50.82,50.82
92.88,92.88
-143.286,Less Than Lower Bound -126.1455
7.26,7.26
22.84,22.84
22.2,22.2
30.51,30.51
8.1,8.1
9.66,9.66
11.85,11.85
10.08,10.08
-14.112,-14.112
-11.505,-11.505
-60.507,-60.507
9.048,9.048
14.1561,14.1561
15.804,15.804
22.9954,22.9954
30.2112,30.2112
35.88,35.88
2.7,2.7
-95.88,-95.88
33.18,33.18
21.96,21.96
33.18,33.18
20.5,20.5
46.44,46.44
63.3,63.3
30.42,30.42
30.96,30.96
1.914,1.914
57.69,57.69
6.39,6.39
22.5852,22.5852
62.988,62.988
-9.111,-9.111
62.1414,62.1414
54.81,54.81
16.116,16.116
33.6,33.6
47.7,47.7
17.34,17.34
3.42,3.42
-27.6936,-27.6936
15.5092,15.5092
26.865,26.865
51.8238,51.8238
45.576,45.576
8.9985,8.9985
23.5564,23.5564
42.24,42.24
-19.94,-19.94
26.82,26.82
0,0
27.84,27.84
55.95,55.95
36.09,36.09
26.235,26.235
15.675,15.675
33.0708,33.0708
27.2952,27.2952
14.94,14.94
18.72,18.72
44.36188,44.36188
-11.808,-11.808
40.96,40.96
-4.84,-4.84
31.692,31.692
19.2,19.2
7.56,7.56
0,0
9.96,9.96
-37.536,-37.536
8.4888,8.4888
9.1638,9.1638
34.993,34.993
28.23,28.23
6.84,6.84
9.848,9.848
42.24,42.24
27.84,27.84
-22.974,-22.974
-24.465,-24.465
29.76,29.76
-1.35,-1.35
9,9
-4.4829,-4.4829
13.944,13.944
52.8,52.8
10.7849,10.7849
84.6,84.6
-44.028,-44.028
-14.888,-14.888
48.18,48.18
0,0
13.92,13.92
17.73,17.73
3.66,3.66
24.84,24.84
-31.2405,-31.2405
17.38,17.38
64.2,64.2
15,15
28.98,28.98
47.52,47.52
38.024,38.024
21.2,21.2
9.068,9.068
-79.14,-79.14
31.05,31.05
44.73,44.73
-47.8656,-47.8656
-27.0402,-27.0402
-11.9709,-11.9709
37.9176,37.9176
6.255,6.255
0,0
0,0
5.456,5.456
49.42824,49.42824
28.566,28.566
16.47,16.47
16.32,16.32
9.48,9.48
52.38,52.38
-90.204,-90.204
11.07,11.07
22.984,22.984
22.8904,22.8904
10.2,10.2
45.12,45.12
3.54,3.54
65.60436,65.60436
3.6,3.6
-41.02,-41.02
28.8,28.8
2.7,2.7
24.84,24.84
-58.83,-58.83
-87.1425,-87.1425
17.9592,17.9592
35.6238,35.6238
28.8576,28.8576
21.6,21.6
-485.244,Less Than Lower Bound -126.1455
22.74,22.74
-37.92,-37.92
36.72,36.72
8.1,8.1
-24.64,-24.64
-1.624,-1.624
24.48,24.48
21.72,21.72
20.2878,20.2878
9.66,9.66
-19.386,-19.386
1.704,1.704
39.54,39.54
-14.2026,-14.2026
8.64,8.64
43.5981,43.5981
7.1372,7.1372
29.43,29.43
18.46,18.46
11.84,11.84
-68.43,-68.43
53.82,53.82
8.58,8.58
-30.8028,-30.8028
36.372,36.372
0,0
-26.7558,-26.7558
-12.12,-12.12
10.29,10.29
24.87,24.87
61.35,61.35
25.11,25.11
191.61,191.61
3.78,3.78
30.6,30.6
43.92,43.92
-18.396,-18.396
45.2226,45.2226
17.91,17.91
3.51,3.51
54.12,54.12
33.9,33.9
-1.458,-1.458
163.8,163.8
55.68,55.68
-50.175,-50.175
18.81,18.81
61.92,61.92
-225.5568,Less Than Lower Bound -126.1455
-76.0116,-76.0116
12.993,12.993
29.9808,29.9808
26.4,26.4
64.65,64.65
-54.306,-54.306
36.72,36.72
5.58,5.58
-22.404,-22.404
20.52,20.52
32.76,32.76
52.416,52.416
27.9344,27.9344
25.08,25.08
60.15,60.15
11.7,11.7
48.45,48.45
16,16
74.57552,74.57552
62.64,62.64
-60.876,-60.876
-73.052,-73.052
28,28
31.2,31.2
8.16,8.16
34.173,34.173
19.74,19.74
0.588,0.588
59.04,59.04
-2.664,-2.664
43.4358,43.4358
29.502,29.502
11.8425,11.8425
-103.8606,-103.8606
32.46,32.46
4.56,4.56
66,66
-1.824,-1.824
12.96,12.96
13.68,13.68
22.626,22.626
-14.3595,-14.3595
-29.94,-29.94
31.494,31.494
-14.196,-14.196
5.7798,5.7798
11.452,11.452
22.9008,22.9008
58.98,58.98
-27.26504,-27.26504
-21.36,-21.36
16.2,16.2
19.59,19.59
82.86,82.86
63.48,63.48
7.488,7.488
48.288,48.288
14.904,14.904
48.78,48.78
59.52,59.52
38.25,38.25
16.2,16.2
24.78,24.78
32.76,32.76
4.96,4.96
40.05,40.05
76.2,76.2
12.39,12.39
29.52,29.52
59.454,59.454
71.5005,71.5005
5.742,5.742
4.878,4.878
83.2097,83.2097
0.48,0.48
15.12,15.12
42.57,42.57
41.16,41.16
6.24,6.24
-213.648,Less Than Lower Bound -126.1455
-8.232,-8.232
51.36,51.36
54.52,54.52
8.91,8.91
4.95,4.95
17.04,17.04
11.88,11.88
-11.058,-11.058
17.46,17.46
12.96,12.96
29.358,29.358
-150.444,Less Than Lower Bound -126.1455
-18.32,-18.32
3.6,3.6
52.68,52.68
37.86,37.86
-87.57,-87.57
14.9292,14.9292
-111.168,-111.168
12.24,12.24
32.76,32.76
12.978,12.978
5.22,5.22
-6.18,-6.18
22.2264,22.2264
37,37
0,0
-143.2548,Less Than Lower Bound -126.1455
-45.768,-45.768
18.24,18.24
6.84,6.84
-90.084,-90.084
-3.064,-3.064
15.75,15.75
14.877,14.877
45.36,45.36
15.393,15.393
17.4,17.4
-99.27,-99.27
10.92,10.92
18,18
32.88,32.88
23.84,23.84
17.48,17.48
30.42,30.42
0,0
-18.375,-18.375
14.88,14.88
10.08,10.08
22.488,22.488
25.4097,25.4097
11.772,11.772
-37.2591,-37.2591
3.78,3.78
14.5638,14.5638
-1.2178,-1.2178
41.823,41.823
4.86,4.86
-314.94,Less Than Lower Bound -126.1455
13.68,13.68
31.12,31.12
-21.95968,-21.95968
2.76,2.76
13.7,13.7
-20.022,-20.022
7.5,7.5
8.1,8.1
3.6,3.6
23.52,23.52
-6.138,-6.138
-54.0825,-54.0825
40.08,40.08
8.79,8.79
36.64,36.64
11.22,11.22
35.7,35.7
0,0
24.42,24.42
6.3,6.3
73.8,73.8
4.56,4.56
77.64,77.64
67.6599,67.6599
13.9986,13.9986
18.018,18.018
6.999,6.999
4.74,4.74
-315.012,Less Than Lower Bound -126.1455
8.34,8.34
44.8,44.8
-50.856,-50.856
21.54,21.54
12,12
7.38,7.38
41.86,41.86
5.016,5.016
9.6,9.6
0.522,0.522
12.06,12.06
6,6
-30.735,-30.735
-243.16,Less Than Lower Bound -126.1455
39.948,39.948
-50.304,-50.304
33.36,33.36
22.6,22.6
15.24,15.24
10.08,10.08
2.82,2.82
8,8
17.505,17.505
4.32,4.32
15.03,15.03
-5.3721,-5.3721
-23.496,-23.496
-3.864,-3.864
-145.848,Less Than Lower Bound -126.1455
-18.192,-18.192
0,0
18.33,18.33
11.58,11.58
5.46,5.46
18.96,18.96
-47.76,-47.76
23.742,23.742
24.3,24.3
6.378,6.378
18.4548,18.4548
11.7488,11.7488
-43.9056,-43.9056
4.95,4.95
27.84,27.84
-11.72,-11.72
22.08,22.08
-6.975,-6.975
73.56,73.56
38.85,38.85
-53.3976,-53.3976
7.62,7.62
27.927,27.927
28.7064,28.7064
21.9978,21.9978
16.7946,16.7946
66.12,66.12
17.82,17.82
19.32,19.32
54.72,54.72
-34.272,-34.272
44.958,44.958
-12.5304,-12.5304
29.97,29.97
2.61,2.61
-103.212,-103.212
22.9488,22.9488
19.44,19.44
18.09,18.09
47.32,47.32
4.8,4.8
-140.64,Less Than Lower Bound -126.1455
12.54,12.54
57.3,57.3
29.964,29.964
50.4,50.4
41.8608,41.8608
28.7952,28.7952
35.37,35.37
10.44,10.44
19.32,19.32
-11.52,-11.52
58.56,58.56
52.32,52.32
18.9,18.9
55.08,55.08
32.787,32.787
-17.181,-17.181
3.78,3.78
-50.328,-50.328
20.52,20.52
7.2,7.2
3.3,3.3
54.96,54.96
-29.76,-29.76
47.46,47.46
23.31,23.31
11.034,11.034
6.2676,6.2676
19.5,19.5
23.28,23.28
13.7646,13.7646
41.7186,41.7186
0.96,0.96
3.528,3.528
10.74,10.74
-16.56,-16.56
4.74,4.74
-36.456,-36.456
30.96,30.96
-9.282,-9.282
25.02,25.02
30.36,30.36
-79.89748,-79.89748
-9.204,-9.204
26.16,26.16
0,0
2.04,2.04
-21.834,-21.834
-47.166,-47.166
-532.32,Less Than Lower Bound -126.1455
57.24,57.24
12.09,12.09
7.08,7.08
35.88,35.88
8.34,8.34
21.36,21.36
-16.48,-16.48
-132.528,Less Than Lower Bound -126.1455
16.52,16.52
0.6,0.6
68.04,68.04
86.49,86.49
46.08,46.08
4.2,4.2
3.54,3.54
-26.424,-26.424
39.84,39.84
27.84,27.84
10.32,10.32
35.88,35.88
17.22,17.22
40.68,40.68
-4.5585,-4.5585
32.94,32.94
-7.704,-7.704
1.35,1.35
22.65,22.65
14.1348,14.1348
-11.4906,-11.4906
-68.1856,-68.1856
5.999,5.999
17.9955,17.9955
54.42,54.42
-55.992,-55.992
29.28,29.28
0,0
33.56,33.56
36.016,36.016
-40.888,-40.888
8,8
32.1,32.1
26.646,26.646
34.08,34.08
-2.982,-2.982
17.28,17.28
49.497,49.497
52.8228,52.8228
7.9984,7.9984
49.8,49.8
-178.36,Less Than Lower Bound -126.1455
-4,-4
5.2,5.2
10.98,10.98
15.75,15.75
17.745,17.745
43.92,43.92
4.05,4.05
33.96,33.96
2.34,2.34
-58.797,-58.797
33.96,33.96
18.0648,18.0648
-40.1808,-40.1808
-183.6324,Less Than Lower Bound -126.1455
32.13,32.13
17.1,17.1
20.52,20.52
6.04,6.04
0.882,0.882
-16.236,-16.236
-12.3363,-12.3363
-10.134,-10.134
65.435,65.435
36.51,36.51
4.1,4.1
17.04,17.04
-7.695,-7.695
-28.47,-28.47
-172.2,Less Than Lower Bound -126.1455
-182.544,Less Than Lower Bound -126.1455
31.374,31.374
46.122,46.122
34.11,34.11
57.358,57.358
53.4954,53.4954
10.68,10.68
-172.704,Less Than Lower Bound -126.1455
121.5,121.5
1.08,1.08
23.82,23.82
15.84,15.84
2.76,2.76
27.24,27.24
41.67,41.67
14.1006,14.1006
-66.062,-66.062
2.88,2.88
79.2,79.2
40.8,40.8
39.468,39.468
-33.264,-33.264
28.35,28.35
63.852,63.852
66,66
31.7512,31.7512
11.19,11.19
5.4,5.4
12.06,12.06
-33.666,-33.666
23.73,23.73
23.72,23.72
-105.66,-105.66
14.58,14.58
34.95,34.95
31.8,31.8
13.56,13.56
-13.572,-13.572
57.24,57.24
7.92,7.92
4.44,4.44
-7.616,-7.616
55.86,55.86
-92.52,-92.52
38.16,38.16
29.073,29.073
36.54,36.54
11.97,11.97
-4.743,-4.743
39,39
14.52,14.52
13.86,13.86
24.84,24.84
51.84,51.84
9.48,9.48
-119.34,-119.34
-37.74,-37.74
-6.084,-6.084
11.439,11.439
21.69,21.69
34.02,34.02
-5.4,-5.4
52.532,52.532
7.7728,7.7728
-48.9549,-48.9549
33.93,33.93
2.25,2.25
75.12,75.12
100.86,100.86
62.88,62.88
27.36,27.36
45.558,45.558
-57.7101,-57.7101
9.546,9.546
126.8973,126.8973
114.9385,114.9385
-17.523,-17.523
-6.098,-6.098
-45.24,-45.24
29.4455,29.4455
1.08,1.08
-23.5,-23.5
124.46,124.46
-2.268,-2.268
40.8,40.8
1.776,1.776
-47.6,-47.6
58.59,58.59
-17.91,-17.91
22.38,22.38
3.96,3.96
7.44,7.44
-24.84,-24.84
33.21,33.21
-1.314,-1.314
67.86,67.86
18.9,18.9
37.608,37.608
69.705,69.705
13.734,13.734
-87.948,-87.948
57.24,57.24
3.96,3.96
-0.568,-0.568
7.304,7.304
7.056,7.056
73.35,73.35
34.56,34.56
50.4063,50.4063
2.7144,2.7144
20.485,20.485
-32.2192,-32.2192
4.86,4.86
7.29,7.29
-51.968,-51.968
42.63,42.63
9,9
-0.09,-0.09
47.694,47.694
-29.58,-29.58
38.982,38.982
19.236,19.236
-2.115,-2.115
2.22,2.22
43.02,43.02
39.96,39.96
3.204,3.204
7.6962,7.6962
-68.538,-68.538
6.966,6.966
10.3974,10.3974
12.18,12.18
15.9446,15.9446
-8.098,-8.098
24.87,24.87
-61.32,-61.32
31.68,31.68
38.46,38.46
-2.712,-2.712
-5.796,-5.796
3.984,3.984
8.16,8.16
2.7,2.7
14.64,14.64
41.64,41.64
10.992,10.992
16.632,16.632
63.4368,63.4368
20.8568,20.8568
-31.0335,-31.0335
89.28,89.28
18.78,18.78
6.64,6.64
48.42,48.42
-191.272,Less Than Lower Bound -126.1455
53.85,53.85
25.788,25.788
28.1372,28.1372
90.12,90.12
22.68,22.68
0,0
75.18856,75.18856
26.76,26.76
8.8,8.8
2.72,2.72
5.12,5.12
-54.09,-54.09
96.15,96.15
15.12,15.12
0.99,0.99
-18.207,-18.207
7.4526,7.4526
14.904,14.904
8.0724,8.0724
15.552,15.552
22.0158,22.0158
-4.641,-4.641
14.52,14.52
10.8,10.8
-98.544,-98.544
-42.7,-42.7
-39.384,-39.384
29.82,29.82
21,21
-3.075,-3.075
-88.737,-88.737
31.59,31.59
19.35,19.35
40.383,40.383
15.68,15.68
27,27
36.06,36.06
-60.2952,-60.2952
81.48,81.48
20.0851,20.0851
2.58,2.58
18.06,18.06
20.76,20.76
12.72,12.72
42.3,42.3
27.9,27.9
10.881,10.881
10.2592,10.2592
13.9972,13.9972
8.0968,8.0968
4.6193,4.6193
-43.7292,-43.7292
22.02,22.02
-62.42,-62.42
6.264,6.264
47.46,47.46
12,12
-27.69,-27.69
6,6
-32.022,-32.022
-89.145,-89.145
5.2773,5.2773
18.2525,18.2525
-129.528,Less Than Lower Bound -126.1455
-22.44,-22.44
-39.195,-39.195
-14.64,-14.64
-45.144,-45.144
36.771,36.771
10.8,10.8
35.8644,35.8644
16.9312,16.9312
-95.988,-95.988
-20.478,-20.478
20.94,20.94
23.64,23.64
32.46,32.46
2.28,2.28
27.2,27.2
197.82,197.82
2.04,2.04
-50.535,-50.535
49.56,49.56
-23.0223,-23.0223
-1.6488,-1.6488
11.97,11.97
-24.0435,-24.0435
-25.198,-25.198
27.3,27.3
10.24,10.24
18.9,18.9
4.95,4.95
21.9,21.9
39.78,39.78
-0.018,-0.018
29.5776,29.5776
36.81,36.81
6.72,6.72
33.9,33.9
18.92,18.92
-27.6,-27.6
10.98,10.98
25.2,25.2
18.45,18.45
44.73,44.73
-36.432,-36.432
19.275,19.275
-72.096,-72.096
-4.8392,-4.8392
-15.7514,-15.7514
14.7,14.7
15.5961,15.5961
36.2877,36.2877
25.92,25.92
80.1,80.1
5.4,5.4
-10.56,-10.56
8.96,8.96
1.24,1.24
79.8,79.8
-9.876,-9.876
3.876,3.876
48.3855,48.3855
30.432,30.432
42.0256,42.0256
-86.256,-86.256
27.06,27.06
11.37,11.37
3.99,3.99
-16.368,-16.368
32.22,32.22
-51.39,-51.39
-26.13,-26.13
123.75,123.75
-65.34,-65.34
55.17,55.17
18.51,18.51
-3.0135,-3.0135
-0.69,-0.69
37.1812,37.1812
46.8,46.8
56.5264,56.5264
-45.048,-45.048
20.52,20.52
64.16,64.16
11.16,11.16
2.52,2.52
11.58,11.58
1.047,1.047
-14.325,-14.325
15.51,15.51
67.86,67.86
-100.92,-100.92
37.5624,37.5624
5.22,5.22
5.76,5.76
12.112,12.112
68.4,68.4
22.74,22.74
11.36,11.36
5.85,5.85
28.8,28.8
3.9,3.9
26.73,26.73
-16.68,-16.68
9.84,9.84
-4.32,-4.32
29.28,29.28
-20.625,-20.625
1.422,1.422
30.7848,30.7848
-4.68,-4.68
27.243,27.243
2.16,2.16
-13.2867,-13.2867
21.42,21.42
24.12,24.12
8.79,8.79
8.79,8.79
2.52,2.52
9.72,9.72
22.5,22.5
-78.94,-78.94
7.28,7.28
245.4064,More than Upper Bound 219.6825
49.5,49.5
36.09,36.09
52.83,52.83
27.57,27.57
31.08,31.08
-35.748,-35.748
56.88,56.88
46.1,46.1
-30.15,-30.15
41.16,41.16
-5.52,-5.52
12.33,12.33
2.79,2.79
33.996,33.996
18.75,18.75
1.44,1.44
9.24,9.24
26.31,26.31
28.77,28.77
11.4,11.4
22.74,22.74
157.32,157.32
13.248,13.248
67.65,67.65
-19.9184,-19.9184
60.2553,60.2553
-71.3958,-71.3958
12.6,12.6
24.72,24.72
19.68,19.68
74.1,74.1
-145.464,Less Than Lower Bound -126.1455
23.97,23.97
-4.688,-4.688
-12.351,-12.351
21.507,21.507
36.24,36.24
7.83,7.83
-63.396,-63.396
3.12,3.12
6.3732,6.3732
36.9288,36.9288
53.2608,53.2608
1.38,1.38
12.12,12.12
17.04,17.04
6.52,6.52
11.88,11.88
6.06,6.06
23.24,23.24
11.16,11.16
-29.4945,-29.4945
-11.2761,-11.2761
61.2,61.2
-107.958,-107.958
15.9543,15.9543
66.87,66.87
4.98,4.98
0,0
-1.132,-1.132
14.7,14.7
-39.93,-39.93
-59.115,-59.115
18.24,18.24
-22.77,-22.77
9.7092,9.7092
12.5928,12.5928
5.2773,5.2773
17.856,17.856
19.08,19.08
15.33,15.33
-28.784,-28.784
-10.2912,-10.2912
34.96,34.96
47.6268,47.6268
88.053,88.053
1.08,1.08
42.54,42.54
-68.829,-68.829
-40.104,-40.104
34.44,34.44
46.2,46.2
37.62,37.62
-40,-40
55.86,55.86
23.13,23.13
9.36,9.36
2.7,2.7
12.3,12.3
-10.11,-10.11
35.538,35.538
29.95,29.95
-19.1058,-19.1058
3.9,3.9
104.64,104.64
-17.16,-17.16
5.9,5.9
-45.396,-45.396
-22.032,-22.032
20.56,20.56
29.76,29.76
29.76,29.76
27.36,27.36
30.3,30.3
15.3,15.3
14.28,14.28
59.22,59.22
21.6,21.6
-23.28,-23.28
34.3,34.3
25.46,25.46
27.3,27.3
4.32,4.32
-7.47,-7.47
-176.268,Less Than Lower Bound -126.1455
4.1388,4.1388
11.016,11.016
23.9904,23.9904
31.9319,31.9319
10.98,10.98
4.4,4.4
-35.848,-35.848
-36.4,-36.4
-178.976,Less Than Lower Bound -126.1455
1,1
18.96,18.96
15.84,15.84
-26.325,-26.325
49.5,49.5
59.94,59.94
-20.5047,-20.5047
-27.2922,-27.2922
11.0354,11.0354
2.838,2.838
44.46,44.46
88.68,88.68
14.94,14.94
22.95,22.95
27.248,27.248
-80.224,-80.224
10.008,10.008
-23.268,-23.268
27,27
-8.724,-8.724
6.48,6.48
-145.845,Less Than Lower Bound -126.1455
6.36,6.36
1.02,1.02
35.8803,35.8803
-36.63,-36.63
37.212,37.212
12.12,12.12
-20.52,-20.52
-115.7156,-115.7156
3.0576,3.0576
15.96,15.96
63.87,63.87
7.2,7.2
-41.916,-41.916
26.4015,26.4015
5.88,5.88
-7.3791,-7.3791
12.66,12.66
-17.268,-17.268
36.36,36.36
19.92,19.92
-5.04,-5.04
13.41,13.41
22.2,22.2
17.01,17.01
59.85,59.85
51.1872,51.1872
29.364,29.364
8.997,8.997
16.902,16.902
6.84,6.84
17.28,17.28
5.572,5.572
13.44,13.44
67.52,67.52
28.71,28.71
43.2,43.2
31.92,31.92
11.052,11.052
33,33
20.88,20.88
19.12,19.12
2.58,2.58
26.6,26.6
0,0
13.65,13.65
7.56,7.56
8.106,8.106
-0.0486,-0.0486
-3.255,-3.255
84.5154,84.5154
90.8292,90.8292
12.6,12.6
0.99,0.99
40.68,40.68
-20.7,-20.7
10.32,10.32
28.12,28.12
17.84,17.84
21.72,21.72
-13.32,-13.32
-44.064,-44.064
34.98,34.98
54.7,54.7
30.44,30.44
4.5,4.5
-0.075,-0.075
2.04,2.04
-71.7228,-71.7228
-21.132,-21.132
7.4571,7.4571
-29.4368,-29.4368
15.0742,15.0742
6.006,6.006
25.5112,25.5112
15.147,15.147
-126.072,-126.072
2.7,2.7
52.8,52.8
25.65,25.65
6.36,6.36
16.32,16.32
2.64,2.64
65.28,65.28
0.9,0.9
11.88,11.88
1.8,1.8
16.98,16.98
0,0
-25.44,-25.44
22.23,22.23
23.808,23.808
8.4,8.4
39.39,39.39
46.98,46.98
-13.032,-13.032
-137.952,Less Than Lower Bound -126.1455
34.89416,34.89416
-7.188,-7.188
3.78,3.78
28.5,28.5
12.36,12.36
18.912,18.912
-2.97,-2.97
-42.525,-42.525
14.22,14.22
21.24,21.24
16.3215,16.3215
20.8494,20.8494
14.2272,14.2272
58.7916,58.7916
48.94,48.94
52.632,52.632
38.6848,38.6848
18.447,18.447
63.24,63.24
-146.31,Less Than Lower Bound -126.1455
33.16,33.16
-37.68,-37.68
28.8,28.8
74.28,74.28
39.84,39.84
7.101,7.101
6.786,6.786
3.9128,3.9128
21.42,21.42
4.29,4.29
1.5,1.5
-313.488,Less Than Lower Bound -126.1455
7.44,7.44
4.14,4.14
4.5,4.5
-19.575,-19.575
23.04,23.04
29.172,29.172
0,0
-42.4926,-42.4926
38.024,38.024
-42.9516,-42.9516
33.24,33.24
-3.904,-3.904
-21.264,-21.264
6.3,6.3
10.08,10.08
-32.49,-32.49
45.6,45.6
13.62,13.62
42.45,42.45
-85.476,-85.476
10.2,10.2
46.8,46.8
77.784,77.784
-15.024,-15.024
-145.176,Less Than Lower Bound -126.1455
22.5732,22.5732
14.16,14.16
24.84,24.84
21.72,21.72
65.96,65.96
13.9,13.9
-106.944,-106.944
-22.672,-22.672
36.18,36.18
72.45,72.45
-86.94,-86.94
-6.561,-6.561
6.06,6.06
-95.457,-95.457
8.01,8.01
9.9,9.9
53.07,53.07
-11.124,-11.124
50.56,50.56
6.68,6.68
-47.96,-47.96
0.96,0.96
29.68,29.68
19.818,19.818
0.36,0.36
1.02,1.02
31.2,31.2
-50.505,-50.505
26.13,26.13
5.022,5.022
1.8,1.8
102,102
-73.92,-73.92
-41.304,-41.304
17.0981,17.0981
-18.5562,-18.5562
44.9616,44.9616
-136.662,Less Than Lower Bound -126.1455
3.78,3.78
-75.904,-75.904
76.56,76.56
0.96,0.96
38.34,38.34
6.36,6.36
-3.915,-3.915
-1.8612,-1.8612
11.28,11.28
25.71,25.71
-18.5913,-18.5913
6.75,6.75
32.4684,32.4684
37.758,37.758
28.858,28.858
-191.619,Less Than Lower Bound -126.1455
-193.428,Less Than Lower Bound -126.1455
44.73,44.73
8.28,8.28
-19.584,-19.584
64.44,64.44
48.69,48.69
83.592,83.592
44.712,44.712
39.54,39.54
27.72,27.72
3.9592,3.9592
22.4808,22.4808
11.7,11.7
11.16,11.16
48.45,48.45
5.7,5.7
0.7,0.7
-2.88,-2.88
104.58,104.58
19.14,19.14
40.68,40.68
27.84,27.84
7.911,7.911
5.7,5.7
1.98,1.98
64.53,64.53
-25.377,-25.377
7.47,7.47
34.32,34.32
40.46,40.46
1.72,1.72
4.64,4.64
-37.488,-37.488
14.46,14.46
11.646,11.646
19.8,19.8
35.34,35.34
-27.072,-27.072
50.04,50.04
47.7,47.7
274.995,More than Upper Bound 219.6825
-25.3344,-25.3344
58.179,58.179
-195.456,Less Than Lower Bound -126.1455
27.36,27.36
32.64,32.64
15.3,15.3
11.04,11.04
0,0
-84.2595,-84.2595
28.116,28.116
-48.7032,-48.7032
37.366,37.366
7.5371,7.5371
28.2,28.2
12.9,12.9
8.44,8.44
62.28,62.28
24,24
16.7412,16.7412
6.3,6.3
19.98,19.98
-5.4639,-5.4639
4.65,4.65
15.525,15.525
25.4744,25.4744
12.6,12.6
-21.744,-21.744
25.68,25.68
21.96,21.96
-7.407,-7.407
5.58,5.58
40.05,40.05
-3.366,-3.366
-29.9352,-29.9352
3.984,3.984
69.84,69.84
11.898,11.898
22.77,22.77
61.92,61.92
36.81,36.81
19.56,19.56
53.62,53.62
28.38,28.38
3.699,3.699
59.427,59.427
16.326,16.326
51.2757,51.2757
13.518,13.518
38.0808,38.0808
-38.304,-38.304
-56.472,-56.472
-78.18,-78.18
25.8,25.8
23.92,23.92
19.26,19.26
0,0
9.84,9.84
14.94,14.94
-137.349,Less Than Lower Bound -126.1455
14.16,14.16
31.5,31.5
7.236,7.236
40.7499,40.7499
-84.6,-84.6
57.24,57.24
14.1,14.1
-74.32,-74.32
9,9
-105.945,-105.945
12.3,12.3
35.55,35.55
47.52,47.52
4.59,4.59
7.92,7.92
14.82,14.82
-18.612,-18.612
15.4752,15.4752
15.7248,15.7248
-191.646,Less Than Lower Bound -126.1455
55.5822,55.5822
54.8604,54.8604
24.12,24.12
-164.124,Less Than Lower Bound -126.1455
30.24,30.24
8.7,8.7
41.22,41.22
36.66,36.66
5.82,5.82
25.92,25.92
-33.3,-33.3
16.9875,16.9875
20.7808,20.7808
52.532,52.532
5.605,5.605
12.36,12.36
74.56,74.56
14.88,14.88
10.56,10.56
18.9,18.9
20.52,20.52
20.205,20.205
-30.69,-30.69
10.344,10.344
45.57,45.57
13.86,13.86
63.117,63.117
-10.368,-10.368
70.008,70.008
11.7,11.7
77.16,77.16
6.54,6.54
23.97,23.97
-18.04,-18.04
26.24,26.24
73.35,73.35
40.968,40.968
1.95,1.95
0,0
-32.004,-32.004
38.223,38.223
-51.8235,-51.8235
13.338,13.338
6.567,6.567
-33.636,-33.636
46.1184,46.1184
41.934,41.934
5.4,5.4
7.29,7.29
23.01,23.01
-97.56,-97.56
21,21
42.84,42.84
11.88,11.88
-3.408,-3.408
-0.024,-0.024
-91.212,-91.212
37.56,37.56
73.02,73.02
-43.965,-43.965
-6.42,-6.42
33,33
22.4955,22.4955
13.68,13.68
17.76,17.76
11.4,11.4
6,6
9.488,9.488
10.62,10.62
14.4,14.4
-4.59,-4.59
9.594,9.594
-45.294,-45.294
43.32,43.32
23.6,23.6
26.5,26.5
47.52,47.52
27.63,27.63
24.561,24.561
10.2,10.2
19.08,19.08
47.52,47.52
27.96,27.96
17.52,17.52
0.72,0.72
28.6848,28.6848
52.1262,52.1262
41.5104,41.5104
-2.2758,-2.2758
32.46,32.46
-135.66,Less Than Lower Bound -126.1455
45.6,45.6
-21.644,-21.644
6.9,6.9
25.82,25.82
113.43356,113.43356
39.48,39.48
-5.568,-5.568
8.8,8.8
-81.288,-81.288
0,0
-30.84,-30.84
3.24,3.24
20.4594,20.4594
8.3493,8.3493
22.68,22.68
2.259,2.259
28.755,28.755
15.764,15.764
1.7995,1.7995
-36.441,-36.441
-45.552,-45.552
-20.148,-20.148
20.36,20.36
24.7724,24.7724
-131.88,Less Than Lower Bound -126.1455
-48.24,-48.24
13.77,13.77
13.68,13.68
-38.148,-38.148
168.4704,168.4704
3.96,3.96
32.55,32.55
41.22,41.22
52.3,52.3
-28.4,-28.4
22.314,22.314
104.64,104.64
27.72,27.72
-3.231,-3.231
1.44,1.44
2.97,2.97
27.03,27.03
7.52,7.52
24.96,24.96
31.68,31.68
-106.02,-106.02
16.35,16.35
-26.529,-26.529
-43.86,-43.86
-17.028,-17.028
8.5845,8.5845
68.976,68.976
6.5058,6.5058
10.29,10.29
4.7,4.7
6.56,6.56
20.88,20.88
3.78,3.78
-4.5,-4.5
8.76,8.76
58.5,58.5
38.43,38.43
35.3626,35.3626
14.64,14.64
24.06,24.06
33.96,33.96
54.9,54.9
3.2,3.2
42.4,42.4
-57.96,-57.96
-25.8,-25.8
23.55,23.55
33.12,33.12
23.7742,23.7742
16.5888,16.5888
9.54,9.54
17.7,17.7
-39.792,-39.792
16.28,16.28
23.64,23.64
30.96,30.96
5.04,5.04
6.24,6.24
-26.1225,-26.1225
10.74,10.74
-33.9525,-33.9525
182.4,182.4
0,0
-31.956,-31.956
24.5028,24.5028
-11.8256,-11.8256
4.7976,4.7976
34.05,34.05
5.94,5.94
-20.192,-20.192
0,0
0.56,0.56
5.31,5.31
0.96,0.96
30.24,30.24
24.744,24.744
-8.0664,-8.0664
-9.003,-9.003
25.38,25.38
17.52,17.52
10.5084,10.5084
35.048,35.048
44.73,44.73
-22.536,-22.536
16.56,16.56
-10.68,-10.68
-16.674,-16.674
27.72,27.72
22.3734,22.3734
-152.9847,Less Than Lower Bound -126.1455
35.0244,35.0244
31.02,31.02
19.38,19.38
5.49,5.49
19.32,19.32
4.48,4.48
23.56,23.56
0,0
44.88,44.88
14.14,14.14
30.42,30.42
25.116,25.116
-2.412,-2.412
29.976,29.976
31.2,31.2
-104.712,-104.712
34.86,34.86
35.5,35.5
-47.88,-47.88
15.9,15.9
25.44,25.44
24.18,24.18
63.84,63.84
25.35,25.35
46.8,46.8
21,21
11.34,11.34
5.58,5.58
21.96,21.96
-25.6368,-25.6368
43.44,43.44
6.3,6.3
62.5056,62.5056
3.9072,3.9072
15.78,15.78
28.32,28.32
36.96,36.96
12.06,12.06
39.84,39.84
2.208,2.208
54.024,54.024
44.1,44.1
-45.939,-45.939
38.07,38.07
25.2,25.2
48.93,48.93
57.385,57.385
12.6,12.6
-54.234,-54.234
42.9,42.9
71.46,71.46
11.16,11.16
-5.88,-5.88
61.95,61.95
42.3,42.3
6.6,6.6
-13.005,-13.005
-3.1752,-3.1752
0,0
70.8,70.8
26.97,26.97
-1.1424,-1.1424
-27.1761,-27.1761
19.0848,19.0848
15.9792,15.9792
7.9896,7.9896
0,0
23.97,23.97
-110.796,-110.796
8.72,8.72
-36.688,-36.688
14.4,14.4
37.32,37.32
2.04,2.04
52.32,52.32
-157.68,Less Than Lower Bound -126.1455
0,0
21.7515,21.7515
18.96,18.96
7.08,7.08
9.93,9.93
31.02,31.02
24.72,24.72
42.3,42.3
3.696,3.696
16.38,16.38
89.32,89.32
1.44,1.44
25.2,25.2
-24.0468,-24.0468
27.882,27.882
17.16,17.16
2.16,2.16
-79.485,-79.485
25.68,25.68
7.76,7.76
33.2,33.2
-38.88,-38.88
-90.84,-90.84
8.184,8.184
15.1,15.1
24.06,24.06
0.912,0.912
50.052,50.052
28.5018,28.5018
33.84,33.84
-31.2105,-31.2105
43.32,43.32
29.2857,29.2857
37.56,37.56
-44.598,-44.598
72.6,72.6
2.73,2.73
8.28,8.28
56.88,56.88
13.032,13.032
2.4,2.4
15.48,15.48
47.04,47.04
-8.576,-8.576
27.84,27.84
-63.09,-63.09
-21.6285,-21.6285
-34.875,-34.875
-15.1767,-15.1767
71.76,71.76
19.2,19.2
-8.24,-8.24
-12.225,-12.225
-63.36,-63.36
4.14,4.14
10.584,10.584
24.66,24.66
7.92,7.92
26.04,26.04
39.6,39.6
-0.858,-0.858
49.23,49.23
11.07,11.07
46.08,46.08
58.02,58.02
5.8704,5.8704
54.6912,54.6912
12.03,12.03
2.8,2.8
18.08,18.08
6.4,6.4
6.48,6.48
20.52,20.52
66.75,66.75
71.46,71.46
-27.585,-27.585
-2.304,-2.304
3.42,3.42
22.5296,22.5296
-89.568,-89.568
-287.862,Less Than Lower Bound -126.1455
1.62,1.62
32.04,32.04
34.82,34.82
9.2,9.2
3.32,3.32
41.22,41.22
14.08,14.08
35.04,35.04
16.12,16.12
2.56,2.56
21.15,21.15
22.35,22.35
5.712,5.712
14.4081,14.4081
-22.104,-22.104
68.22,68.22
32.64,32.64
15.48,15.48
3,3
20.52,20.52
7.44,7.44
13.56,13.56
8.6,8.6
29.97,29.97
-4.005,-4.005
11.7,11.7
70.8,70.8
-2.616,-2.616
50.19,50.19
56.511,56.511
10.44,10.44
11.7,11.7
39.48,39.48
27.12,27.12
36.72,36.72
18.08,18.08
20.22,20.22
7.24984,7.24984
12.32,12.32
-19.392,-19.392
38.576,38.576
9.45,9.45
75.9,75.9
-2.403,-2.403
21.84,21.84
-118.1859,-118.1859
-19.332,-19.332
-33.24,-33.24
4.6344,4.6344
-6.396,-6.396
-30.336,-30.336
15.141,15.141
9.9,9.9
-43.48,-43.48
5.28,5.28
27.68,27.68
49.92,49.92
50.82,50.82
11.43,11.43
18.6,18.6
-12.54,-12.54
-1.0542,-1.0542
44.34,44.34
21.912,21.912
56.646,56.646
5.5992,5.5992
1.98,1.98
-27.981,-27.981
8.49,8.49
13.41,13.41
8.58,8.58
3.68,3.68
24.42,24.42
40.23,40.23
-29.6877,-29.6877
-155.178,Less Than Lower Bound -126.1455
-39.2985,-39.2985
2.299,2.299
-4.9005,-4.9005
51.36,51.36
10.8864,10.8864
18,18
-258.678,Less Than Lower Bound -126.1455
4.56,4.56
21.04,21.04
85.92,85.92
24.42,24.42
6.93,6.93
41.28,41.28
31.53,31.53
20.5614,20.5614
17.04,17.04
24.12,24.12
-24.8028,-24.8028
57.75,57.75
12.208,12.208
21,21
-132.228,Less Than Lower Bound -126.1455
-36.904,-36.904
4.5,4.5
-23.535,-23.535
82.278,82.278
-6.2901,-6.2901
-11.4555,-11.4555
38.106,38.106
-66.5088,-66.5088
-166.32,Less Than Lower Bound -126.1455
-8.5008,-8.5008
48.9,48.9
-222.816,Less Than Lower Bound -126.1455
26.64,26.64
12.21,12.21
22.68,22.68
-1.136,-1.136
-51.02,-51.02
34.3,34.3
1.44,1.44
54.3,54.3
-52.74,-52.74
12.24,12.24
45.8703,45.8703
0,0
83.004,83.004
3.1482,3.1482
10.875,10.875
35.49,35.49
-36.264,-36.264
9.06,9.06
62.16,62.16
48.9,48.9
5.31,5.31
10.18,10.18
24.6,24.6
1.9488,1.9488
39.96,39.96
-195.936,Less Than Lower Bound -126.1455
30.2634,30.2634
28.3095,28.3095
2.88,2.88
39.8,39.8
-8.784,-8.784
21.70948,21.70948
60,60
3.52,3.52
4.2,4.2
50.56,50.56
33.675,33.675
10.134,10.134
49.68,49.68
-27.3396,-27.3396
-2.6595,-2.6595
19.5,19.5
-7.38,-7.38
9.816,9.816
1.5444,1.5444
34.4148,34.4148
23.58,23.58
-172.281,Less Than Lower Bound -126.1455
49.14,49.14
26.31,26.31
11.2,11.2
3.78,3.78
-36.4,-36.4
43.38,43.38
4.23,4.23
-14.778,-14.778
6.96,6.96
17.7,17.7
52.26,52.26
22.86,22.86
34.47,34.47
65.7342,65.7342
20.84,20.84
6.4944,6.4944
22.2516,22.2516
26.9024,26.9024
15.21,15.21
11.64,11.64
15.96,15.96
58.14,58.14
12.64,12.64
10.16,10.16
171.84,171.84
18.18,18.18
23.76,23.76
-55.008,-55.008
46.32,46.32
17.1,17.1
43.2,43.2
6,6
12.24,12.24
2.4798,2.4798
49.35,49.35
-19.488,-19.488
20.148,20.148
762.1845,More than Upper Bound 219.6825
762.1845,More than Upper Bound 219.6825
